Streaming output truncated to the last 5000 lines.
    Residuals : 1240
   Parameters : 701
   Iterations : 12
         Time : 0.024935 [s]
 Initial cost : 0.399304 [px]
   Final cost : 0.343836 [px]
  Termination : Convergence

  => Merged observations: 0
  => Completed observations: 3
  => Filtered observations: 2
  => Changed observations: 0.008065

Bundle adjustment report
------------------------
    Residuals : 1242
   Parameters : 701
   Iterations : 8
         Time : 0.0166781 [s]
 Initial cost : 0.410757 [px]
   Final cost : 0.39827 [px]
  Termination : Convergence

  => Merged observations: 0
  => Completed observations: 0
  => Filtered observations: 0
  => Changed observations: 0.000000

==============================================================================
Retriangulation
==============================================================================

  => Completed observations: 0
  => Merged observations: 0
  => Retriangulated observations: 0

==============================================================================
Global bundle adjustment
==============================================================================

iter      cost      cost_change  |gradient|   |step|    tr_ratio  tr_radius  ls_iter  iter_time  total_time
   0  1.970051e+02    0.00e+00    1.84e+00   0.00e+00   0.00e+00  1.00e+04        0    1.17e-03    2.13e-03


Bundle adjustment report
------------------------
    Residuals : 1242
   Parameters : 701
   Iterations : 1
         Time : 0.00301003 [s]
 Initial cost : 0.39827 [px]
   Final cost : 0.39827 [px]
  Termination : Convergence

  => Completed observations: 0
  => Merged observations: 0
  => Filtered observations: 0
  => Changed observations: 0.000000
  => Filtered images: 0

==============================================================================
Registering image #2 (6)
==============================================================================

  => Image sees 43 / 135 points

Pose refinement report
----------------------
    Residuals : 88
   Parameters : 6
   Iterations : 19
         Time : 0.0019691 [s]
 Initial cost : 0.759768 [px]
   Final cost : 0.649082 [px]
  Termination : Convergence

  => Continued observations: 43
  => Added observations: 32

Bundle adjustment report
------------------------
    Residuals : 1392
   Parameters : 749
   Iterations : 15
         Time : 0.035871 [s]
 Initial cost : 0.443574 [px]
   Final cost : 0.396439 [px]
  Termination : Convergence

  => Merged observations: 0
  => Completed observations: 1
  => Filtered observations: 10
  => Changed observations: 0.015805

Bundle adjustment report
------------------------
    Residuals : 1374
   Parameters : 743
   Iterations : 10
         Time : 0.0250189 [s]
 Initial cost : 0.435487 [px]
   Final cost : 0.415339 [px]
  Termination : Convergence

  => Merged observations: 0
  => Completed observations: 0
  => Filtered observations: 0
  => Changed observations: 0.000000

==============================================================================
Retriangulation
==============================================================================

  => Completed observations: 1
  => Merged observations: 0
  => Retriangulated observations: 0

==============================================================================
Global bundle adjustment
==============================================================================

iter      cost      cost_change  |gradient|   |step|    tr_ratio  tr_radius  ls_iter  iter_time  total_time
   0  2.448307e+02    0.00e+00    4.54e+02   0.00e+00   0.00e+00  1.00e+04        0    1.32e-03    2.37e-03
   1  2.415643e+02    3.27e+00    3.46e+01   6.99e-01   1.00e+00  3.00e+04        1    2.22e-03    4.61e-03
   2  2.415524e+02    1.18e-02    4.63e+01   7.33e-01   9.99e-01  9.00e+04        1    2.17e-03    6.79e-03
   3  2.415458e+02    6.67e-03    2.77e+02   1.51e+00   8.60e-01  1.44e+05        1    2.12e-03    8.93e-03
   4  2.415412e+02    4.62e-03    2.41e+02   1.46e+00   8.50e-01  2.19e+05        1    2.12e-03    1.11e-02
   5  2.415387e+02    2.46e-03    1.44e+02   1.16e+00   8.94e-01  4.28e+05        1    2.11e-03    1.32e-02
   6  2.415379e+02    8.36e-04    6.86e+01   8.13e-01   9.24e-01  1.09e+06        1    2.12e-03    1.53e-02
   7  2.415377e+02    1.46e-04    1.39e+01   3.72e-01   9.77e-01  3.28e+06        1    2.11e-03    1.74e-02


Bundle adjustment report
------------------------
    Residuals : 1376
   Parameters : 743
   Iterations : 8
         Time : 0.0183659 [s]
 Initial cost : 0.421817 [px]
   Final cost : 0.41897 [px]
  Termination : Convergence

  => Completed observations: 0
  => Merged observations: 0
  => Filtered observations: 0
  => Changed observations: 0.000000
  => Filtered images: 0

==============================================================================
Finding good initial image pair
==============================================================================


==============================================================================
Initializing with image pair #7 and #3
==============================================================================


==============================================================================
Global bundle adjustment
==============================================================================

iter      cost      cost_change  |gradient|   |step|    tr_ratio  tr_radius  ls_iter  iter_time  total_time
   0  4.402330e+01    0.00e+00    5.62e+01   0.00e+00   0.00e+00  1.00e+04        0    4.92e-04    8.75e-04
   1  6.785520e+01   -2.38e+01    5.62e+01   2.17e+01  -8.16e+00  5.00e+03        1    3.05e-04    1.20e-03
   2  4.938472e+01   -5.36e+00    5.62e+01   1.49e+01  -2.23e+00  1.25e+03        1    2.41e-04    1.45e-03
   3  4.304309e+01    9.80e-01    5.62e+02   5.50e+00   8.13e-01  1.66e+03        1    6.79e-04    2.14e-03
   4  4.217213e+01    8.71e-01    4.55e+02   5.76e+00   8.42e-01  2.43e+03        1    6.71e-04    2.82e-03
   5  4.154983e+01    6.22e-01    4.34e+02   6.36e+00   7.76e-01  2.92e+03        1    6.65e-04    3.50e-03
   6  4.104617e+01    5.04e-01    2.75e+02   5.72e+00   8.43e-01  4.32e+03        1    6.79e-04    4.19e-03
   7  4.072195e+01    3.24e-01    2.63e+02   6.14e+00   7.80e-01  5.24e+03        1    7.04e-04    4.90e-03
   8  4.047242e+01    2.50e-01    1.76e+02   5.51e+00   8.69e-01  8.74e+03        1    6.66e-04    5.58e-03
   9  4.033042e+01    1.42e-01    1.80e+02   6.25e+00   7.95e-01  1.10e+04        1    6.89e-04    6.28e-03
  10  4.023675e+01    9.37e-02    1.00e+02   5.35e+00   8.98e-01  2.22e+04        1    6.69e-04    6.96e-03
  11  4.019743e+01    3.93e-02    1.09e+02   6.77e+00   7.62e-01  2.60e+04        1    6.73e-04    7.65e-03
  12  4.017042e+01    2.70e-02    4.55e+01   6.18e+00   9.11e-01  5.82e+04        1    6.80e-04    8.34e-03
  13  4.015735e+01    1.31e-02    1.73e+02   1.12e+01   5.63e-01  5.83e+04        1    6.68e-04    9.01e-03
  14  4.013733e+01    2.00e-02    1.33e+02   9.57e+00   8.41e-01  8.56e+04        1    6.74e-04    9.70e-03
  15  4.012668e+01    1.07e-02    1.85e+02   1.13e+01   6.30e-01  8.71e+04        1    6.82e-04    1.04e-02
  16  4.011475e+01    1.19e-02    1.20e+02   9.10e+00   8.22e-01  1.19e+05        1    6.68e-04    1.11e-02
  17  4.010835e+01    6.40e-03    1.22e+02   9.20e+00   7.11e-01  1.28e+05        1    6.82e-04    1.18e-02
  18  4.010313e+01    5.22e-03    7.45e+01   7.17e+00   8.43e-01  1.90e+05        1    6.76e-04    1.24e-02
  19  4.010060e+01    2.54e-03    6.65e+01   6.77e+00   7.69e-01  2.25e+05        1    6.67e-04    1.31e-02
  20  4.009903e+01    1.56e-03    3.32e+01   4.74e+00   8.90e-01  4.29e+05        1    6.77e-04    1.38e-02
  21  4.009849e+01    5.47e-04    2.32e+01   3.90e+00   8.54e-01  6.67e+05        1    6.79e-04    1.45e-02
  22  4.009832e+01    1.70e-04    6.06e+00   1.80e+00   9.63e-01  2.00e+06        1    6.70e-04    1.52e-02
  23  4.009830e+01    1.97e-05    2.86e+00   1.98e-01   9.33e-01  5.74e+06        1    6.76e-04    1.59e-02
  24  4.009833e+01   -3.10e-05    2.86e+00   1.95e+00  -1.81e+00  2.87e+06        1    2.54e-04    1.61e-02
  25  4.009829e+01    6.49e-06    4.37e+00   9.32e-01   6.95e-01  3.05e+06        1    6.55e-04    1.68e-02
  26  4.009828e+01    7.11e-06    4.97e+00   1.07e+00   6.36e-01  3.12e+06        1    6.58e-04    1.75e-02
  27  4.009827e+01    8.08e-06    5.18e+00   1.11e+00   6.42e-01  3.19e+06        1    6.89e-04    1.82e-02
  28  4.009827e+01    8.25e-06    5.42e+00   1.13e+00   6.25e-01  3.24e+06        1    6.93e-04    1.89e-02
  29  4.009826e+01    8.51e-06    5.59e+00   1.15e+00   6.17e-01  3.28e+06        1    6.56e-04    1.95e-02
  30  4.009825e+01    8.67e-06    5.73e+00   1.17e+00   6.09e-01  3.32e+06        1    6.77e-04    2.02e-02
  31  4.009824e+01    8.81e-06    5.84e+00   1.18e+00   6.02e-01  3.34e+06        1    6.84e-04    2.09e-02
  32  4.009823e+01    8.93e-06    5.94e+00   1.19e+00   5.97e-01  3.37e+06        1    6.56e-04    2.16e-02
  33  4.009822e+01    9.02e-06    6.02e+00   1.20e+00   5.92e-01  3.39e+06        1    6.76e-04    2.23e-02
  34  4.009821e+01    9.11e-06    6.09e+00   1.20e+00   5.88e-01  3.41e+06        1    6.75e-04    2.29e-02
  35  4.009820e+01    9.18e-06    6.15e+00   1.21e+00   5.84e-01  3.43e+06        1    6.74e-04    2.36e-02
  36  4.009819e+01    9.24e-06    6.21e+00   1.22e+00   5.81e-01  3.44e+06        1    6.64e-04    2.43e-02
  37  4.009819e+01    9.30e-06    6.26e+00   1.22e+00   5.78e-01  3.45e+06        1    6.90e-04    2.50e-02
  38  4.009818e+01    9.34e-06    6.30e+00   1.23e+00   5.75e-01  3.46e+06        1    6.63e-04    2.57e-02
  39  4.009817e+01    9.39e-06    6.33e+00   1.23e+00   5.73e-01  3.48e+06        1    6.79e-04    2.64e-02
  40  4.009816e+01    9.43e-06    6.37e+00   1.23e+00   5.70e-01  3.49e+06        1    6.68e-04    2.71e-02
  41  4.009815e+01    9.47e-06    6.40e+00   1.24e+00   5.68e-01  3.49e+06        1    6.77e-04    2.77e-02
  42  4.009814e+01    9.50e-06    6.42e+00   1.24e+00   5.66e-01  3.50e+06        1    6.74e-04    2.84e-02
  43  4.009813e+01    9.53e-06    6.45e+00   1.24e+00   5.64e-01  3.51e+06        1    6.67e-04    2.91e-02
  44  4.009812e+01    9.56e-06    6.47e+00   1.24e+00   5.63e-01  3.52e+06        1    6.76e-04    2.98e-02
  45  4.009811e+01    9.59e-06    6.49e+00   1.25e+00   5.61e-01  3.52e+06        1    6.73e-04    3.05e-02
  46  4.009810e+01    9.61e-06    6.51e+00   1.25e+00   5.60e-01  3.53e+06        1    6.68e-04    3.11e-02
  47  4.009809e+01    9.64e-06    6.52e+00   1.25e+00   5.58e-01  3.53e+06        1    6.76e-04    3.18e-02
  48  4.009808e+01    9.66e-06    6.54e+00   1.25e+00   5.57e-01  3.54e+06        1    6.65e-04    3.25e-02
  49  4.009807e+01    9.68e-06    6.55e+00   1.25e+00   5.56e-01  3.54e+06        1    6.76e-04    3.32e-02
  50  4.009806e+01    9.70e-06    6.56e+00   1.25e+00   5.54e-01  3.55e+06        1    7.01e-04    3.39e-02
  51  4.009805e+01    9.72e-06    6.57e+00   1.26e+00   5.53e-01  3.55e+06        1    6.64e-04    3.46e-02
  52  4.009804e+01    9.73e-06    6.58e+00   1.26e+00   5.52e-01  3.56e+06        1    6.89e-04    3.53e-02
  53  4.009803e+01    9.75e-06    6.59e+00   1.26e+00   5.51e-01  3.56e+06        1    6.68e-04    3.59e-02
  54  4.009802e+01    9.76e-06    6.60e+00   1.26e+00   5.50e-01  3.56e+06        1    6.75e-04    3.66e-02
  55  4.009801e+01    9.78e-06    6.60e+00   1.26e+00   5.49e-01  3.57e+06        1    6.61e-04    3.73e-02
  56  4.009800e+01    9.79e-06    6.61e+00   1.26e+00   5.48e-01  3.57e+06        1    7.11e-04    3.80e-02
  57  4.009799e+01    9.81e-06    6.61e+00   1.26e+00   5.47e-01  3.57e+06        1    6.71e-04    3.87e-02
  58  4.009798e+01    9.82e-06    6.62e+00   1.26e+00   5.47e-01  3.58e+06        1    6.75e-04    3.94e-02
  59  4.009797e+01    9.83e-06    6.62e+00   1.26e+00   5.46e-01  3.58e+06        1    6.67e-04    4.01e-02
  60  4.009796e+01    9.84e-06    6.62e+00   1.26e+00   5.45e-01  3.58e+06        1    6.97e-04    4.08e-02
  61  4.009795e+01    9.85e-06    6.63e+00   1.26e+00   5.44e-01  3.58e+06        1    6.58e-04    4.15e-02
  62  4.009794e+01    9.86e-06    6.63e+00   1.27e+00   5.44e-01  3.59e+06        1    6.76e-04    4.21e-02
  63  4.009793e+01    9.87e-06    6.63e+00   1.27e+00   5.43e-01  3.59e+06        1    6.75e-04    4.28e-02
  64  4.009792e+01    9.88e-06    6.63e+00   1.27e+00   5.42e-01  3.59e+06        1    6.67e-04    4.35e-02
  65  4.009791e+01    9.89e-06    6.63e+00   1.27e+00   5.42e-01  3.59e+06        1    6.82e-04    4.42e-02
  66  4.009790e+01    9.90e-06    6.63e+00   1.27e+00   5.41e-01  3.60e+06        1    6.81e-04    4.49e-02
  67  4.009789e+01    9.91e-06    6.63e+00   1.27e+00   5.40e-01  3.60e+06        1    6.68e-04    4.56e-02
  68  4.009788e+01    9.92e-06    6.63e+00   1.27e+00   5.40e-01  3.60e+06        1    6.86e-04    4.63e-02
  69  4.009787e+01    9.93e-06    6.63e+00   1.27e+00   5.39e-01  3.60e+06        1    6.67e-04    4.69e-02
  70  4.009786e+01    9.94e-06    6.63e+00   1.27e+00   5.39e-01  3.60e+06        1    6.76e-04    4.76e-02
  71  4.009785e+01    9.94e-06    6.63e+00   1.27e+00   5.38e-01  3.60e+06        1    6.67e-04    4.83e-02
  72  4.009784e+01    9.95e-06    6.63e+00   1.27e+00   5.37e-01  3.61e+06        1    6.90e-04    4.90e-02
  73  4.009783e+01    9.96e-06    6.62e+00   1.27e+00   5.37e-01  3.61e+06        1    6.69e-04    4.97e-02
  74  4.009782e+01    9.96e-06    6.62e+00   1.27e+00   5.36e-01  3.61e+06        1    6.84e-04    5.04e-02
  75  4.009781e+01    9.97e-06    6.62e+00   1.27e+00   5.36e-01  3.61e+06        1    6.75e-04    5.11e-02
  76  4.009780e+01    9.98e-06    6.62e+00   1.27e+00   5.36e-01  3.61e+06        1    6.77e-04    5.17e-02
  77  4.009779e+01    9.98e-06    6.61e+00   1.27e+00   5.35e-01  3.61e+06        1    6.65e-04    5.24e-02
  78  4.009778e+01    9.99e-06    6.61e+00   1.27e+00   5.35e-01  3.61e+06        1    6.80e-04    5.31e-02
  79  4.009777e+01    1.00e-05    6.61e+00   1.27e+00   5.34e-01  3.62e+06        1    6.90e-04    5.38e-02
  80  4.009776e+01    1.00e-05    6.60e+00   1.27e+00   5.34e-01  3.62e+06        1    6.59e-04    5.45e-02
  81  4.009775e+01    1.00e-05    6.60e+00   1.27e+00   5.33e-01  3.62e+06        1    6.92e-04    5.52e-02
  82  4.009774e+01    1.00e-05    6.59e+00   1.27e+00   5.33e-01  3.62e+06        1    6.81e-04    5.59e-02
  83  4.009773e+01    1.00e-05    6.59e+00   1.27e+00   5.32e-01  3.62e+06        1    6.77e-04    5.66e-02
  84  4.009772e+01    1.00e-05    6.58e+00   1.27e+00   5.32e-01  3.62e+06        1    6.69e-04    5.72e-02
  85  4.009771e+01    1.00e-05    6.58e+00   1.27e+00   5.32e-01  3.62e+06        1    6.85e-04    5.79e-02
  86  4.009770e+01    1.00e-05    6.57e+00   1.27e+00   5.31e-01  3.62e+06        1    6.65e-04    5.86e-02
  87  4.009769e+01    1.00e-05    6.57e+00   1.27e+00   5.31e-01  3.62e+06        1    6.80e-04    5.93e-02
  88  4.009768e+01    1.00e-05    6.56e+00   1.27e+00   5.31e-01  3.62e+06        1    6.86e-04    6.00e-02
  89  4.009767e+01    1.00e-05    6.56e+00   1.27e+00   5.30e-01  3.62e+06        1    6.69e-04    6.07e-02
  90  4.009766e+01    1.00e-05    6.55e+00   1.27e+00   5.30e-01  3.63e+06        1    6.70e-04    6.13e-02
  91  4.009765e+01    1.00e-05    6.55e+00   1.27e+00   5.30e-01  3.63e+06        1    6.85e-04    6.20e-02
  92  4.009764e+01    1.01e-05    6.54e+00   1.27e+00   5.29e-01  3.63e+06        1    6.90e-04    6.27e-02
  93  4.009763e+01    1.01e-05    6.54e+00   1.27e+00   5.29e-01  3.63e+06        1    6.55e-04    6.34e-02
  94  4.009762e+01    1.01e-05    6.53e+00   1.27e+00   5.29e-01  3.63e+06        1    6.88e-04    6.41e-02
  95  4.009761e+01    1.01e-05    6.52e+00   1.27e+00   5.28e-01  3.63e+06        1    6.70e-04    6.48e-02
  96  4.009760e+01    1.01e-05    6.52e+00   1.27e+00   5.28e-01  3.63e+06        1    6.68e-04    6.55e-02
  97  4.009759e+01    1.01e-05    6.51e+00   1.27e+00   5.28e-01  3.63e+06        1    6.87e-04    6.62e-02
  98  4.009758e+01    1.01e-05    6.50e+00   1.27e+00   5.27e-01  3.63e+06        1    6.83e-04    6.69e-02
  99  4.009757e+01    1.01e-05    6.50e+00   1.27e+00   5.27e-01  3.63e+06        1    6.73e-04    6.75e-02
 100  4.009756e+01    1.01e-05    6.49e+00   1.27e+00   5.27e-01  3.63e+06        1    6.68e-04    6.82e-02


Bundle adjustment report
------------------------
    Residuals : 492
   Parameters : 380
   Iterations : 101
         Time : 0.0682452 [s]
 Initial cost : 0.299129 [px]
   Final cost : 0.28548 [px]
  Termination : No convergence

  => Filtered observations: 0
  => Filtered images: 0

==============================================================================
Registering image #13 (3)
==============================================================================

  => Image sees 60 / 267 points
  => Could not register, trying another image.

==============================================================================
Registering image #1 (3)
==============================================================================

  => Image sees 45 / 257 points
  => Could not register, trying another image.

==============================================================================
Retriangulation
==============================================================================

  => Completed observations: 0
  => Merged observations: 0
  => Retriangulated observations: 0

==============================================================================
Global bundle adjustment
==============================================================================

iter      cost      cost_change  |gradient|   |step|    tr_ratio  tr_radius  ls_iter  iter_time  total_time
   0  4.009756e+01    0.00e+00    3.38e+00   0.00e+00   0.00e+00  1.00e+04        0    4.69e-04    8.85e-04
   1  4.009755e+01    9.07e-06    1.00e-02   2.86e-03   1.00e+00  3.00e+04        1    7.13e-04    1.62e-03


Bundle adjustment report
------------------------
    Residuals : 492
   Parameters : 380
   Iterations : 2
         Time : 0.001652 [s]
 Initial cost : 0.28548 [px]
   Final cost : 0.28548 [px]
  Termination : Convergence

  => Completed observations: 0
  => Merged observations: 0
  => Filtered observations: 0
  => Changed observations: 0.000000
  => Filtered images: 0

==============================================================================
Registering image #13 (3)
==============================================================================

  => Image sees 60 / 267 points
  => Could not register, trying another image.

==============================================================================
Registering image #1 (3)
==============================================================================

  => Image sees 45 / 257 points
  => Could not register, trying another image.

==============================================================================
Finding good initial image pair
==============================================================================


==============================================================================
Initializing with image pair #4 and #9
==============================================================================


==============================================================================
Global bundle adjustment
==============================================================================

iter      cost      cost_change  |gradient|   |step|    tr_ratio  tr_radius  ls_iter  iter_time  total_time
   0  7.849612e+01    0.00e+00    5.72e+02   0.00e+00   0.00e+00  1.00e+04        0    1.61e-04    3.60e-04
   1  4.090796e+01    3.76e+01    8.45e+02   1.36e+01   9.05e-01  2.13e+04        1    2.53e-04    6.35e-04
   2  5.933040e+01   -1.84e+01    8.45e+02   3.48e+01  -4.02e+00  1.07e+04        1    1.37e-04    7.84e-04
   3  4.845908e+01   -7.55e+00    8.45e+02   2.68e+01  -1.70e+00  2.66e+03        1    8.01e-05    8.78e-04
   4  3.816003e+01    2.75e+00    1.71e+03   1.34e+01   6.67e-01  2.77e+03        1    2.16e-04    1.10e-03
   5  3.680001e+01    1.36e+00    4.55e+01   4.69e+00   9.90e-01  8.30e+03        1    2.20e-04    1.33e-03
   6  3.671804e+01    8.20e-02    1.32e+02   1.39e+01   8.64e-01  1.35e+04        1    2.19e-04    1.56e-03
   7  3.664269e+01    7.54e-02    2.69e+02   2.19e+01   5.20e-01  1.35e+04        1    2.33e-04    1.81e-03
   8  3.649654e+01    1.46e-01    2.45e+02   2.05e+01   7.64e-01  1.59e+04        1    2.19e-04    2.03e-03
   9  3.638216e+01    1.14e-01    2.53e+02   2.26e+01   6.37e-01  1.62e+04        1    2.20e-04    2.26e-03
  10  3.623249e+01    1.50e-01    2.38e+02   2.14e+01   7.66e-01  1.90e+04        1    2.20e-04    2.49e-03
  11  3.610525e+01    1.27e-01    2.32e+02   2.38e+01   6.54e-01  1.96e+04        1    2.28e-04    2.73e-03
  12  3.593417e+01    1.71e-01    2.05e+02   2.28e+01   7.81e-01  2.38e+04        1    2.24e-04    2.96e-03
  13  3.578319e+01    1.51e-01    1.81e+02   2.65e+01   6.46e-01  2.45e+04        1    2.20e-04    3.19e-03
  14  3.555969e+01    2.23e-01    1.11e+02   2.57e+01   7.95e-01  3.08e+04        1    2.18e-04    3.42e-03
  15  3.536230e+01    1.97e-01    1.01e+02   3.18e+01   6.16e-01  3.12e+04        1    2.19e-04    3.65e-03
  16  3.503554e+01    3.27e-01    1.69e+02   3.15e+01   7.80e-01  3.78e+04        1    2.31e-04    3.89e-03
  17  3.475183e+01    2.84e-01    5.03e+02   3.93e+01   5.77e-01  3.80e+04        1    2.19e-04    4.12e-03
  18  3.428806e+01    4.64e-01    8.63e+02   4.05e+01   6.83e-01  3.99e+04        1    2.19e-04    4.35e-03
  19  3.383323e+01    4.55e-01    1.31e+03   4.62e+01   5.65e-01  4.00e+04        1    2.19e-04    4.58e-03
  20  3.327853e+01    5.55e-01    1.87e+03   4.94e+01   5.20e-01  4.00e+04        1    2.51e-04    4.84e-03
  21  3.266028e+01    6.18e-01    2.39e+03   5.51e+01   4.43e-01  3.99e+04        1    2.25e-04    5.07e-03
  22  3.208471e+01    5.76e-01    3.16e+03   6.03e+01   3.08e-01  3.78e+04        1    2.19e-04    5.30e-03
  23  3.119721e+01    8.88e-01    3.58e+03   6.47e+01   3.41e-01  3.66e+04        1    2.20e-04    5.53e-03
  24  3.063224e+01    5.65e-01    4.29e+03   7.01e+01   1.71e-01  2.85e+04        1    2.33e-04    5.78e-03
  25  2.866364e+01    1.97e+00    3.49e+03   6.28e+01   4.52e-01  2.85e+04        1    2.22e-04    6.01e-03
  26  3.073434e+01   -2.07e+00    3.49e+03   6.85e+01  -4.85e-01  1.42e+04        1    8.42e-05    6.10e-03
  27  2.800009e+01    6.64e-01    1.45e+03   3.81e+01   1.88e-01  1.15e+04        1    2.13e-04    6.33e-03
  28  1.175076e+02   -8.95e+01    1.45e+03   3.19e+01  -2.26e+01  5.73e+03        1    8.39e-05    6.42e-03
  29  1.001296e+02   -7.21e+01    1.45e+03   1.80e+01  -2.01e+01  1.43e+03        1    7.89e-05    6.51e-03
  30  4.549089e+01   -1.75e+01    1.45e+03   7.62e+00  -5.32e+00  1.79e+02        1    7.89e-05    6.59e-03
  31  2.596189e+01    2.04e+00    4.46e+02   3.17e+00   6.49e-01  1.84e+02        1    2.25e-04    6.83e-03
  32  3.085702e+01   -4.90e+00    4.46e+02   2.18e+00  -3.74e+00  9.19e+01        1    8.39e-05    6.92e-03
  33  2.569807e+01    2.64e-01    4.53e+02   1.39e+00   2.09e-01  7.68e+01        1    2.14e-04    7.15e-03
  34  2.468695e+01    1.01e+00    1.16e+01   1.01e+00   9.99e-01  2.30e+02        1    2.19e-04    7.38e-03
  35  2.463966e+01    4.73e-02    4.26e+01   2.25e+00   8.22e-01  3.15e+02        1    2.19e-04    7.60e-03
  36  2.458831e+01    5.14e-02    1.05e+01   2.40e+00   9.85e-01  9.44e+02        1    2.31e-04    7.84e-03
  37  2.450885e+01    7.95e-02    2.17e+01   4.73e+00   9.70e-01  2.83e+03        1    2.20e-04    8.07e-03
  38  2.431627e+01    1.93e-01    4.75e+01   9.66e+00   9.90e-01  8.49e+03        1    2.19e-04    8.30e-03
  39  2.381899e+01    4.97e-01    3.34e+02   2.30e+01   9.59e-01  2.55e+04        1    2.19e-04    8.53e-03
  40  2.369148e+01    1.28e-01    2.39e+03   5.98e+01   8.94e-02  1.64e+04        1    2.27e-04    8.77e-03
  41  2.187055e+01    1.82e+00    1.01e+03   4.15e+01   8.07e-01  2.13e+04        1    2.19e-04    9.00e-03
  42  2.103985e+01    8.31e-01    1.59e+03   5.68e+01   4.91e-01  2.13e+04        1    2.19e-04    9.23e-03
  43  1.963573e+01    1.40e+00    1.46e+03   5.87e+01   6.86e-01  2.25e+04        1    2.19e-04    9.45e-03
  44  1.840871e+01    1.23e+00    1.38e+03   5.90e+01   6.99e-01  2.40e+04        1    2.26e-04    9.69e-03
  45  1.738255e+01    1.03e+00    1.31e+03   5.69e+01   6.69e-01  2.50e+04        1    2.25e-04    9.93e-03
  46  1.642146e+01    9.61e-01    1.15e+03   5.31e+01   6.92e-01  2.65e+04        1    2.18e-04    1.02e-02
  47  1.560090e+01    8.21e-01    1.03e+03   4.98e+01   6.84e-01  2.79e+04        1    2.19e-04    1.04e-02
  48  1.487711e+01    7.24e-01    9.03e+02   4.56e+01   6.92e-01  2.96e+04        1    2.19e-04    1.06e-02
  49  1.425920e+01    6.18e-01    7.98e+02   4.16e+01   6.89e-01  3.12e+04        1    2.30e-04    1.09e-02
  50  1.372554e+01    5.34e-01    6.97e+02   3.75e+01   6.91e-01  3.31e+04        1    2.19e-04    1.11e-02
  51  1.326965e+01    4.56e-01    6.10e+02   3.34e+01   6.87e-01  3.49e+04        1    2.19e-04    1.13e-02
  52  1.287841e+01    3.91e-01    5.31e+02   2.96e+01   6.85e-01  3.68e+04        1    2.19e-04    1.15e-02
  53  1.254356e+01    3.35e-01    4.61e+02   2.60e+01   6.81e-01  3.86e+04        1    2.31e-04    1.18e-02
  54  1.225627e+01    2.87e-01    3.97e+02   2.27e+01   6.76e-01  4.04e+04        1    2.20e-04    1.20e-02
  55  1.200964e+01    2.47e-01    3.41e+02   1.99e+01   6.70e-01  4.20e+04        1    2.19e-04    1.22e-02
  56  1.179742e+01    2.12e-01    2.90e+02   1.76e+01   6.63e-01  4.35e+04        1    2.19e-04    1.25e-02
  57  1.161437e+01    1.83e-01    2.45e+02   1.58e+01   6.55e-01  4.48e+04        1    2.25e-04    1.27e-02
  58  1.145594e+01    1.58e-01    2.04e+02   1.47e+01   6.46e-01  4.60e+04        1    2.25e-04    1.29e-02
  59  1.131828e+01    1.38e-01    1.67e+02   1.40e+01   6.36e-01  4.69e+04        1    2.19e-04    1.32e-02
  60  1.119808e+01    1.20e-01    1.35e+02   1.38e+01   6.25e-01  4.77e+04        1    2.19e-04    1.34e-02
  61  1.109256e+01    1.06e-01    1.06e+02   1.38e+01   6.14e-01  4.83e+04        1    2.20e-04    1.36e-02
  62  1.099933e+01    9.32e-02    9.68e+01   1.39e+01   6.03e-01  4.87e+04        1    2.30e-04    1.39e-02
  63  1.091640e+01    8.29e-02    8.88e+01   1.41e+01   5.90e-01  4.90e+04        1    2.20e-04    1.41e-02
  64  1.084209e+01    7.43e-02    8.10e+01   1.42e+01   5.78e-01  4.92e+04        1    2.19e-04    1.43e-02
  65  1.077500e+01    6.71e-02    7.34e+01   1.44e+01   5.65e-01  4.93e+04        1    2.19e-04    1.46e-02
  66  1.071394e+01    6.11e-02    6.61e+01   1.44e+01   5.52e-01  4.93e+04        1    2.30e-04    1.48e-02
  67  1.065793e+01    5.60e-02    6.07e+01   1.44e+01   5.38e-01  4.93e+04        1    2.22e-04    1.50e-02
  68  1.060614e+01    5.18e-02    5.73e+01   1.43e+01   5.25e-01  4.93e+04        1    2.18e-04    1.53e-02
  69  1.055789e+01    4.83e-02    5.44e+01   1.42e+01   5.12e-01  4.93e+04        1    2.19e-04    1.55e-02
  70  1.051258e+01    4.53e-02    5.20e+01   1.40e+01   5.00e-01  4.93e+04        1    2.29e-04    1.57e-02
  71  1.046972e+01    4.29e-02    5.00e+01   1.38e+01   4.89e-01  4.93e+04        1    2.24e-04    1.60e-02
  72  1.042891e+01    4.08e-02    5.41e+01   1.35e+01   4.79e-01  4.93e+04        1    2.23e-04    1.62e-02
  73  1.038981e+01    3.91e-02    5.95e+01   1.32e+01   4.71e-01  4.93e+04        1    2.19e-04    1.64e-02
  74  1.035214e+01    3.77e-02    6.39e+01   1.28e+01   4.65e-01  4.93e+04        1    2.19e-04    1.66e-02
  75  1.031569e+01    3.64e-02    6.72e+01   1.24e+01   4.61e-01  4.93e+04        1    2.31e-04    1.69e-02
  76  1.028033e+01    3.54e-02    6.94e+01   1.19e+01   4.60e-01  4.93e+04        1    2.19e-04    1.71e-02
  77  1.024597e+01    3.44e-02    7.06e+01   1.14e+01   4.60e-01  4.92e+04        1    2.18e-04    1.73e-02
  78  1.021257e+01    3.34e-02    7.09e+01   1.09e+01   4.63e-01  4.92e+04        1    2.20e-04    1.76e-02
  79  1.018012e+01    3.25e-02    7.02e+01   1.03e+01   4.68e-01  4.92e+04        1    2.33e-04    1.78e-02
  80  1.014863e+01    3.15e-02    6.88e+01   9.76e+00   4.75e-01  4.92e+04        1    2.25e-04    1.80e-02
  81  1.011816e+01    3.05e-02    6.67e+01   9.17e+00   4.84e-01  4.92e+04        1    2.19e-04    1.83e-02
  82  1.008875e+01    2.94e-02    6.40e+01   8.56e+00   4.95e-01  4.92e+04        1    2.20e-04    1.85e-02
  83  1.006047e+01    2.83e-02    6.07e+01   7.94e+00   5.07e-01  4.92e+04        1    2.35e-04    1.88e-02
  84  1.003339e+01    2.71e-02    5.71e+01   7.33e+00   5.21e-01  4.92e+04        1    2.24e-04    1.90e-02
  85  1.000758e+01    2.58e-02    5.33e+01   6.73e+00   5.37e-01  4.92e+04        1    2.19e-04    1.92e-02
  86  9.983102e+00    2.45e-02    4.93e+01   6.14e+00   5.53e-01  4.93e+04        1    2.19e-04    1.94e-02
  87  9.959992e+00    2.31e-02    4.54e+01   5.59e+00   5.70e-01  4.94e+04        1    2.19e-04    1.97e-02
  88  9.938258e+00    2.17e-02    4.16e+01   5.08e+00   5.86e-01  4.97e+04        1    2.24e-04    1.99e-02
  89  9.917867e+00    2.04e-02    3.81e+01   4.62e+00   6.01e-01  5.01e+04        1    2.18e-04    2.01e-02
  90  9.898749e+00    1.91e-02    3.49e+01   4.22e+00   6.15e-01  5.07e+04        1    2.19e-04    2.04e-02
  91  9.880806e+00    1.79e-02    3.22e+01   3.90e+00   6.27e-01  5.16e+04        1    2.19e-04    2.06e-02
  92  9.863924e+00    1.69e-02    3.19e+01   3.65e+00   6.37e-01  5.26e+04        1    2.31e-04    2.08e-02
  93  9.847994e+00    1.59e-02    3.18e+01   3.50e+00   6.46e-01  5.40e+04        1    2.19e-04    2.11e-02
  94  9.832915e+00    1.51e-02    3.19e+01   3.45e+00   6.53e-01  5.56e+04        1    2.18e-04    2.13e-02
  95  9.818601e+00    1.43e-02    3.21e+01   3.50e+00   6.59e-01  5.74e+04        1    2.19e-04    2.15e-02
  96  9.804984e+00    1.36e-02    3.24e+01   3.64e+00   6.64e-01  5.95e+04        1    2.26e-04    2.18e-02
  97  9.792008e+00    1.30e-02    3.29e+01   3.89e+00   6.69e-01  6.19e+04        1    2.24e-04    2.20e-02
  98  9.779634e+00    1.24e-02    3.34e+01   4.21e+00   6.72e-01  6.46e+04        1    2.19e-04    2.22e-02
  99  9.767828e+00    1.18e-02    3.39e+01   4.62e+00   6.76e-01  6.75e+04        1    2.19e-04    2.24e-02
 100  9.756568e+00    1.13e-02    3.45e+01   5.08e+00   6.79e-01  7.07e+04        1    2.19e-04    2.27e-02


Bundle adjustment report
------------------------
    Residuals : 160
   Parameters : 131
   Iterations : 101
         Time : 0.0227029 [s]
 Initial cost : 0.700429 [px]
   Final cost : 0.246938 [px]
  Termination : No convergence

  => Filtered observations: 0
  => Filtered images: 0

==============================================================================
Finding good initial image pair
==============================================================================


==============================================================================
Initializing with image pair #3 and #1
==============================================================================


==============================================================================
Global bundle adjustment
==============================================================================

iter      cost      cost_change  |gradient|   |step|    tr_ratio  tr_radius  ls_iter  iter_time  total_time
   0  8.659758e+00    0.00e+00    8.55e+01   0.00e+00   0.00e+00  1.00e+04        0    1.28e-04    3.02e-04
   1  2.787272e+01   -1.92e+01    8.55e+01   2.40e+01  -1.02e+01  5.00e+03        1    1.28e-04    4.50e-04
   2  1.574796e+01   -7.09e+00    8.55e+01   1.94e+01  -4.18e+00  1.25e+03        1    6.70e-05    5.32e-04
   3  8.150027e+00    5.10e-01    7.52e+02   9.19e+00   4.80e-01  1.25e+03        1    1.60e-04    7.02e-04
   4  7.245093e+00    9.05e-01    3.00e+02   6.18e+00   9.27e-01  3.31e+03        1    1.61e-04    8.73e-04
   5  6.996462e+00    2.49e-01    4.16e+02   7.70e+00   7.06e-01  3.56e+03        1    1.67e-04    1.06e-03
   6  6.832937e+00    1.64e-01    1.06e+02   4.09e+00   9.71e-01  1.07e+04        1    1.61e-04    1.23e-03
   7  6.771872e+00    6.11e-02    2.03e+02   5.96e+00   8.88e-01  2.00e+04        1    1.70e-04    1.41e-03
   8  6.721609e+00    5.03e-02    2.12e+02   5.52e+00   8.98e-01  4.03e+04        1    1.78e-04    1.59e-03
   9  6.690585e+00    3.10e-02    2.35e+02   3.69e+00   8.40e-01  5.89e+04        1    2.28e-04    1.84e-03
  10  6.671690e+00    1.89e-02    1.46e+02   3.45e+00   9.19e-01  1.43e+05        1    1.68e-04    2.03e-03
  11  6.670545e+00    1.14e-03    2.21e+02   1.15e+01   1.10e-01  9.68e+04        1    1.69e-04    2.20e-03
  12  6.658057e+00    1.25e-02    5.71e+01   7.41e+00   9.70e-01  2.90e+05        1    2.82e-04    2.50e-03
  13  6.663245e+00   -5.19e-03    5.71e+01   1.52e+01  -1.46e+00  1.45e+05        1    8.89e-05    2.61e-03
  14  6.656573e+00    1.48e-03    7.09e+01   9.37e+00   5.36e-01  1.45e+05        1    2.13e-04    2.83e-03
  15  6.654339e+00    2.23e-03    3.67e+01   7.25e+00   8.70e-01  2.45e+05        1    2.79e-04    3.12e-03
  16  6.653590e+00    7.49e-04    3.92e+01   8.07e+00   5.90e-01  2.46e+05        1    2.39e-04    3.38e-03
  17  6.652685e+00    9.06e-04    1.32e+01   5.04e+00   9.58e-01  7.38e+05        1    1.99e-04    3.61e-03
  18  6.652405e+00    2.80e-04    4.61e+00   5.37e+00   8.38e-01  1.07e+06        1    1.84e-04    3.81e-03
  19  6.652244e+00    1.60e-04    1.42e+01   9.76e-01   1.01e+00  3.20e+06        1    1.60e-04    3.98e-03
  20  6.652459e+00   -2.15e-04    1.42e+01   3.79e+00  -1.93e+00  1.60e+06        1    6.20e-05    4.05e-03
  21  6.652194e+00    4.98e-05    1.64e+01   1.35e+00   6.95e-01  1.70e+06        1    1.57e-04    4.21e-03
  22  6.652143e+00    5.09e-05    1.04e+01   2.30e+00   6.73e-01  1.77e+06        1    1.72e-04    4.40e-03
  23  6.652102e+00    4.17e-05    7.84e+00   2.70e+00   5.66e-01  1.78e+06        1    1.79e-04    4.59e-03
  24  6.652057e+00    4.47e-05    5.97e+00   2.87e+00   5.62e-01  1.78e+06        1    1.62e-04    4.76e-03
  25  6.652012e+00    4.53e-05    5.05e+00   2.95e+00   5.50e-01  1.78e+06        1    1.59e-04    4.93e-03
  26  6.651966e+00    4.61e-05    4.54e+00   3.01e+00   5.44e-01  1.78e+06        1    1.60e-04    5.10e-03
  27  6.651919e+00    4.69e-05    4.27e+00   3.04e+00   5.40e-01  1.79e+06        1    1.60e-04    5.26e-03
  28  6.651871e+00    4.74e-05    4.11e+00   3.06e+00   5.36e-01  1.79e+06        1    1.81e-04    5.45e-03
  29  6.651823e+00    4.80e-05    4.02e+00   3.08e+00   5.32e-01  1.79e+06        1    1.67e-04    5.63e-03
  30  6.651775e+00    4.85e-05    3.96e+00   3.10e+00   5.29e-01  1.79e+06        1    1.62e-04    5.80e-03
  31  6.651726e+00    4.89e-05    3.91e+00   3.11e+00   5.25e-01  1.79e+06        1    1.60e-04    5.97e-03
  32  6.651677e+00    4.94e-05    3.87e+00   3.13e+00   5.22e-01  1.79e+06        1    1.59e-04    6.14e-03
  33  6.651627e+00    4.98e-05    3.84e+00   3.14e+00   5.19e-01  1.79e+06        1    1.60e-04    6.31e-03
  34  6.651576e+00    5.03e-05    3.80e+00   3.16e+00   5.16e-01  1.79e+06        1    1.85e-04    6.50e-03
  35  6.651526e+00    5.07e-05    3.77e+00   3.17e+00   5.12e-01  1.79e+06        1    1.62e-04    6.67e-03
  36  6.651475e+00    5.12e-05    3.73e+00   3.18e+00   5.09e-01  1.79e+06        1    1.60e-04    6.84e-03
  37  6.651423e+00    5.16e-05    3.70e+00   3.20e+00   5.06e-01  1.79e+06        1    1.60e-04    7.01e-03
  38  6.651371e+00    5.21e-05    3.66e+00   3.21e+00   5.02e-01  1.79e+06        1    1.60e-04    7.18e-03
  39  6.651318e+00    5.25e-05    3.62e+00   3.22e+00   4.99e-01  1.79e+06        1    1.59e-04    7.34e-03
  40  6.651265e+00    5.30e-05    3.59e+00   3.24e+00   4.96e-01  1.79e+06        1    1.79e-04    7.53e-03
  41  6.651212e+00    5.35e-05    3.55e+00   3.25e+00   4.92e-01  1.79e+06        1    1.60e-04    7.70e-03
  42  6.651158e+00    5.39e-05    3.51e+00   3.27e+00   4.89e-01  1.79e+06        1    1.60e-04    7.87e-03
  43  6.651104e+00    5.44e-05    3.46e+00   3.28e+00   4.85e-01  1.79e+06        1    2.18e-04    8.09e-03
  44  6.651049e+00    5.49e-05    3.42e+00   3.30e+00   4.82e-01  1.79e+06        1    1.79e-04    8.30e-03
  45  6.650993e+00    5.54e-05    3.38e+00   3.31e+00   4.79e-01  1.79e+06        1    1.81e-04    8.49e-03
  46  6.650937e+00    5.59e-05    3.33e+00   3.33e+00   4.75e-01  1.79e+06        1    1.61e-04    8.66e-03
  47  6.650881e+00    5.64e-05    3.28e+00   3.34e+00   4.72e-01  1.79e+06        1    1.61e-04    8.83e-03
  48  6.650824e+00    5.70e-05    3.23e+00   3.35e+00   4.68e-01  1.79e+06        1    1.60e-04    9.00e-03
  49  6.650766e+00    5.75e-05    3.18e+00   3.37e+00   4.65e-01  1.79e+06        1    1.61e-04    9.16e-03
  50  6.650708e+00    5.80e-05    3.13e+00   3.38e+00   4.62e-01  1.78e+06        1    1.64e-04    9.34e-03
  51  6.650650e+00    5.86e-05    3.08e+00   3.40e+00   4.59e-01  1.78e+06        1    1.76e-04    9.52e-03
  52  6.650591e+00    5.91e-05    3.02e+00   3.41e+00   4.56e-01  1.78e+06        1    1.61e-04    9.69e-03
  53  6.650531e+00    5.97e-05    3.08e+00   3.42e+00   4.53e-01  1.78e+06        1    1.60e-04    9.86e-03
  54  6.650471e+00    6.02e-05    3.13e+00   3.44e+00   4.50e-01  1.78e+06        1    1.60e-04    1.00e-02
  55  6.650410e+00    6.08e-05    3.18e+00   3.45e+00   4.47e-01  1.78e+06        1    1.60e-04    1.02e-02
  56  6.650349e+00    6.14e-05    3.24e+00   3.46e+00   4.45e-01  1.77e+06        1    1.60e-04    1.04e-02
  57  6.650287e+00    6.19e-05    3.29e+00   3.47e+00   4.42e-01  1.77e+06        1    1.73e-04    1.05e-02
  58  6.650224e+00    6.25e-05    3.35e+00   3.48e+00   4.40e-01  1.77e+06        1    1.60e-04    1.07e-02
  59  6.650161e+00    6.31e-05    3.40e+00   3.49e+00   4.38e-01  1.77e+06        1    1.60e-04    1.09e-02
  60  6.650097e+00    6.36e-05    3.45e+00   3.50e+00   4.36e-01  1.76e+06        1    1.66e-04    1.11e-02
  61  6.650033e+00    6.42e-05    3.50e+00   3.51e+00   4.34e-01  1.76e+06        1    1.60e-04    1.12e-02
  62  6.649968e+00    6.47e-05    3.56e+00   3.52e+00   4.32e-01  1.75e+06        1    1.76e-04    1.14e-02
  63  6.649903e+00    6.53e-05    3.61e+00   3.53e+00   4.31e-01  1.75e+06        1    1.73e-04    1.16e-02
  64  6.649837e+00    6.58e-05    3.66e+00   3.54e+00   4.29e-01  1.74e+06        1    1.60e-04    1.18e-02
  65  6.649771e+00    6.64e-05    3.71e+00   3.54e+00   4.28e-01  1.74e+06        1    1.61e-04    1.19e-02
  66  6.649704e+00    6.69e-05    3.76e+00   3.55e+00   4.27e-01  1.73e+06        1    1.60e-04    1.21e-02
  67  6.649637e+00    6.74e-05    3.81e+00   3.55e+00   4.25e-01  1.73e+06        1    1.59e-04    1.23e-02
  68  6.649569e+00    6.79e-05    3.86e+00   3.56e+00   4.24e-01  1.72e+06        1    1.71e-04    1.24e-02
  69  6.649500e+00    6.85e-05    3.91e+00   3.56e+00   4.23e-01  1.72e+06        1    1.65e-04    1.26e-02
  70  6.649431e+00    6.90e-05    3.96e+00   3.57e+00   4.23e-01  1.71e+06        1    1.63e-04    1.28e-02
  71  6.649362e+00    6.95e-05    4.01e+00   3.57e+00   4.22e-01  1.70e+06        1    1.60e-04    1.30e-02
  72  6.649292e+00    7.00e-05    4.06e+00   3.57e+00   4.21e-01  1.70e+06        1    1.60e-04    1.31e-02
  73  6.649221e+00    7.04e-05    4.10e+00   3.58e+00   4.20e-01  1.69e+06        1    1.60e-04    1.33e-02
  74  6.649151e+00    7.09e-05    4.15e+00   3.58e+00   4.20e-01  1.68e+06        1    1.68e-04    1.35e-02
  75  6.649079e+00    7.14e-05    4.20e+00   3.58e+00   4.19e-01  1.68e+06        1    1.60e-04    1.36e-02
  76  6.649007e+00    7.19e-05    4.25e+00   3.58e+00   4.19e-01  1.67e+06        1    1.63e-04    1.38e-02
  77  6.648935e+00    7.23e-05    4.29e+00   3.58e+00   4.18e-01  1.66e+06        1    1.60e-04    1.40e-02
  78  6.648862e+00    7.28e-05    4.34e+00   3.59e+00   4.18e-01  1.65e+06        1    1.60e-04    1.42e-02
  79  6.648789e+00    7.33e-05    4.39e+00   3.59e+00   4.17e-01  1.65e+06        1    1.60e-04    1.43e-02
  80  6.648715e+00    7.37e-05    4.43e+00   3.59e+00   4.17e-01  1.64e+06        1    1.72e-04    1.45e-02
  81  6.648641e+00    7.42e-05    4.48e+00   3.59e+00   4.17e-01  1.63e+06        1    1.60e-04    1.47e-02
  82  6.648566e+00    7.46e-05    4.53e+00   3.59e+00   4.16e-01  1.62e+06        1    1.60e-04    1.48e-02
  83  6.648491e+00    7.51e-05    4.57e+00   3.59e+00   4.16e-01  1.62e+06        1    1.60e-04    1.50e-02
  84  6.648416e+00    7.55e-05    4.62e+00   3.59e+00   4.16e-01  1.61e+06        1    1.60e-04    1.52e-02
  85  6.648340e+00    7.60e-05    4.67e+00   3.59e+00   4.16e-01  1.60e+06        1    1.60e-04    1.53e-02
  86  6.648263e+00    7.64e-05    4.72e+00   3.59e+00   4.16e-01  1.59e+06        1    1.72e-04    1.55e-02
  87  6.648186e+00    7.69e-05    4.76e+00   3.59e+00   4.15e-01  1.58e+06        1    1.61e-04    1.57e-02
  88  6.648109e+00    7.73e-05    4.81e+00   3.59e+00   4.15e-01  1.58e+06        1    1.60e-04    1.59e-02
  89  6.648031e+00    7.77e-05    4.86e+00   3.58e+00   4.15e-01  1.57e+06        1    1.60e-04    1.60e-02
  90  6.647953e+00    7.82e-05    4.90e+00   3.58e+00   4.15e-01  1.56e+06        1    1.61e-04    1.62e-02
  91  6.647875e+00    7.86e-05    4.95e+00   3.58e+00   4.15e-01  1.55e+06        1    1.59e-04    1.64e-02
  92  6.647796e+00    7.91e-05    5.00e+00   3.58e+00   4.15e-01  1.55e+06        1    1.84e-04    1.66e-02
  93  6.647716e+00    7.95e-05    5.05e+00   3.58e+00   4.15e-01  1.54e+06        1    1.60e-04    1.67e-02
  94  6.647636e+00    8.00e-05    5.09e+00   3.58e+00   4.14e-01  1.53e+06        1    1.61e-04    1.69e-02
  95  6.647556e+00    8.04e-05    5.14e+00   3.58e+00   4.14e-01  1.52e+06        1    1.61e-04    1.71e-02
  96  6.647475e+00    8.08e-05    5.19e+00   3.58e+00   4.14e-01  1.52e+06        1    1.60e-04    1.72e-02
  97  6.647394e+00    8.13e-05    5.24e+00   3.57e+00   4.14e-01  1.51e+06        1    1.67e-04    1.74e-02
  98  6.647312e+00    8.17e-05    5.29e+00   3.57e+00   4.14e-01  1.50e+06        1    1.66e-04    1.76e-02
  99  6.647230e+00    8.22e-05    5.34e+00   3.57e+00   4.14e-01  1.49e+06        1    1.60e-04    1.77e-02
 100  6.647147e+00    8.26e-05    5.39e+00   3.57e+00   4.14e-01  1.49e+06        1    1.60e-04    1.79e-02


Bundle adjustment report
------------------------
    Residuals : 116
   Parameters : 98
   Iterations : 101
         Time : 0.0179441 [s]
 Initial cost : 0.273227 [px]
   Final cost : 0.23938 [px]
  Termination : No convergence

  => Filtered observations: 0
  => Filtered images: 0

==============================================================================
Finding good initial image pair
==============================================================================


==============================================================================
Initializing with image pair #13 and #7
==============================================================================


==============================================================================
Global bundle adjustment
==============================================================================

iter      cost      cost_change  |gradient|   |step|    tr_ratio  tr_radius  ls_iter  iter_time  total_time
   0  3.876117e+01    0.00e+00    8.43e+01   0.00e+00   0.00e+00  1.00e+04        0    3.20e-04    6.33e-04
   1  5.038323e+01   -1.16e+01    8.43e+01   7.84e+00  -4.55e+00  5.00e+03        1    2.11e-04    8.64e-04
   2  4.018889e+01   -1.43e+00    8.43e+01   3.27e+00  -7.14e-01  1.25e+03        1    1.73e-04    1.05e-03
   3  3.779434e+01    9.67e-01    1.26e+02   4.92e-01   9.04e-01  2.65e+03        1    4.53e-04    1.52e-03
   4  3.719647e+01    5.98e-01    6.20e+02   2.15e+00   6.58e-01  2.74e+03        1    4.58e-04    1.99e-03
   5  3.646588e+01    7.31e-01    3.42e+02   2.70e+00   8.96e-01  5.45e+03        1    4.64e-04    2.46e-03
   6  3.600784e+01    4.58e-01    4.84e+02   5.29e+00   7.08e-01  5.87e+03        1    4.57e-04    2.93e-03
   7  3.550219e+01    5.06e-01    1.85e+02   5.38e+00   9.25e-01  1.52e+04        1    4.68e-04    3.41e-03
   8  3.517732e+01    3.25e-01    2.17e+02   1.10e+01   6.85e-01  1.61e+04        1    4.63e-04    3.88e-03
   9  3.485037e+01    3.27e-01    1.43e+02   7.52e+00   9.22e-01  4.02e+04        1    5.00e-04    4.39e-03
  10  3.472618e+01    1.24e-01    2.25e+02   8.14e+00   7.02e-01  4.30e+04        1    4.61e-04    4.87e-03
  11  3.462639e+01    9.98e-02    1.01e+02   1.78e+00   9.66e-01  1.29e+05        1    4.73e-04    5.35e-03
  12  3.461671e+01    9.68e-03    1.50e+02   7.74e+00   3.33e-01  1.24e+05        1    4.61e-04    5.82e-03
  13  3.459619e+01    2.05e-02    1.07e+02   1.23e+01   5.38e-01  1.24e+05        1    4.71e-04    6.30e-03
  14  3.459130e+01    4.89e-03    1.21e+02   1.49e+01   1.35e-01  8.96e+04        1    4.58e-04    6.77e-03
  15  3.455759e+01    3.37e-02    9.12e+01   1.25e+01   6.87e-01  9.45e+04        1    4.68e-04    7.25e-03
  16  3.455141e+01    6.18e-03    1.20e+02   1.44e+01   1.74e-01  7.40e+04        1    4.58e-04    7.72e-03
  17  3.451886e+01    3.26e-02    1.00e+02   1.23e+01   6.61e-01  7.65e+04        1    4.68e-04    8.19e-03
  18  3.450650e+01    1.24e-02    1.25e+02   1.35e+01   3.17e-01  7.30e+04        1    4.58e-04    8.66e-03
  19  3.448414e+01    2.24e-02    1.33e+02   1.34e+01   4.45e-01  7.29e+04        1    4.69e-04    9.14e-03
  20  3.446435e+01    1.98e-02    1.50e+02   1.37e+01   3.73e-01  7.17e+04        1    4.58e-04    9.61e-03
  21  3.443971e+01    2.46e-02    1.58e+02   1.36e+01   4.15e-01  7.13e+04        1    4.64e-04    1.01e-02
  22  3.441377e+01    2.59e-02    1.63e+02   1.33e+01   4.27e-01  7.11e+04        1    4.62e-04    1.06e-02
  23  3.438578e+01    2.80e-02    1.60e+02   1.28e+01   4.69e-01  7.11e+04        1    4.57e-04    1.10e-02
  24  3.435748e+01    2.83e-02    1.49e+02   1.21e+01   5.17e-01  7.11e+04        1    4.68e-04    1.15e-02
  25  3.433066e+01    2.68e-02    1.32e+02   1.12e+01   5.75e-01  7.13e+04        1    4.57e-04    1.20e-02
  26  3.430737e+01    2.33e-02    1.11e+02   1.02e+01   6.32e-01  7.27e+04        1    4.70e-04    1.24e-02
  27  3.428877e+01    1.86e-02    9.16e+01   9.16e+00   6.78e-01  7.61e+04        1    4.57e-04    1.29e-02
  28  3.427457e+01    1.42e-02    7.48e+01   8.25e+00   7.13e-01  8.25e+04        1    4.74e-04    1.34e-02
  29  3.426396e+01    1.06e-02    6.11e+01   7.45e+00   7.43e-01  9.32e+04        1    4.57e-04    1.39e-02
  30  3.425616e+01    7.80e-03    4.98e+01   6.72e+00   7.70e-01  1.11e+05        1    4.68e-04    1.43e-02
  31  3.425058e+01    5.58e-03    4.01e+01   6.02e+00   7.98e-01  1.40e+05        1    4.61e-04    1.48e-02
  32  3.424678e+01    3.80e-03    3.14e+01   5.32e+00   8.28e-01  1.95e+05        1    4.69e-04    1.53e-02
  33  3.424438e+01    2.40e-03    2.35e+01   4.57e+00   8.68e-01  3.24e+05        1    4.59e-04    1.58e-02
  34  3.424304e+01    1.34e-03    1.66e+01   3.76e+00   9.17e-01  7.69e+05        1    4.69e-04    1.62e-02
  35  3.424243e+01    6.11e-04    1.16e+01   2.97e+00   9.48e-01  2.31e+06        1    4.58e-04    1.67e-02
  36  3.424230e+01    1.34e-04    1.15e+01   2.90e+00   4.84e-01  2.31e+06        1    4.69e-04    1.72e-02
  37  3.424213e+01    1.67e-04    7.17e+00   2.38e+00   6.71e-01  2.40e+06        1    4.57e-04    1.77e-02
  38  3.424205e+01    7.38e-05    4.96e+00   2.21e+00   5.28e-01  2.40e+06        1    4.78e-04    1.81e-02
  39  3.424201e+01    4.76e-05    4.32e+00   2.14e+00   4.35e-01  2.40e+06        1    4.58e-04    1.86e-02
  40  3.424196e+01    4.82e-05    3.50e+00   2.06e+00   4.77e-01  2.40e+06        1    4.65e-04    1.91e-02
  41  3.424192e+01    3.61e-05    3.92e+00   2.07e+00   3.95e-01  2.38e+06        1    4.63e-04    1.96e-02
  42  3.424188e+01    4.40e-05    3.55e+00   2.02e+00   4.73e-01  2.38e+06        1    4.57e-04    2.00e-02
  43  3.424184e+01    3.43e-05    3.95e+00   2.04e+00   3.94e-01  2.35e+06        1    4.68e-04    2.05e-02
  44  3.424180e+01    4.29e-05    3.59e+00   2.00e+00   4.73e-01  2.35e+06        1    4.58e-04    2.10e-02
  45  3.424177e+01    3.42e-05    3.97e+00   2.03e+00   3.96e-01  2.33e+06        1    4.67e-04    2.14e-02
  46  3.424172e+01    4.27e-05    3.62e+00   1.99e+00   4.72e-01  2.33e+06        1    4.57e-04    2.19e-02
  47  3.424169e+01    3.44e-05    4.00e+00   2.02e+00   3.99e-01  2.31e+06        1    4.70e-04    2.24e-02
  48  3.424165e+01    4.26e-05    3.66e+00   1.99e+00   4.72e-01  2.31e+06        1    4.57e-04    2.29e-02
  49  3.424161e+01    3.47e-05    4.02e+00   2.02e+00   4.01e-01  2.29e+06        1    4.69e-04    2.33e-02
  50  3.424157e+01    4.28e-05    3.69e+00   1.99e+00   4.71e-01  2.29e+06        1    4.57e-04    2.38e-02
  51  3.424154e+01    3.51e-05    4.06e+00   2.02e+00   4.03e-01  2.28e+06        1    4.71e-04    2.43e-02
  52  3.424149e+01    4.29e-05    3.74e+00   1.99e+00   4.70e-01  2.28e+06        1    4.60e-04    2.47e-02
  53  3.424146e+01    3.55e-05    4.09e+00   2.01e+00   4.04e-01  2.26e+06        1    4.68e-04    2.52e-02
  54  3.424141e+01    4.32e-05    3.78e+00   1.99e+00   4.69e-01  2.26e+06        1    4.61e-04    2.57e-02
  55  3.424138e+01    3.59e-05    4.13e+00   2.01e+00   4.05e-01  2.24e+06        1    4.68e-04    2.62e-02
  56  3.424133e+01    4.34e-05    3.83e+00   1.99e+00   4.68e-01  2.24e+06        1    4.58e-04    2.66e-02
  57  3.424130e+01    3.63e-05    4.17e+00   2.01e+00   4.06e-01  2.23e+06        1    4.64e-04    2.71e-02
  58  3.424125e+01    4.37e-05    3.88e+00   1.99e+00   4.67e-01  2.23e+06        1    4.61e-04    2.76e-02
  59  3.424122e+01    3.68e-05    4.21e+00   2.01e+00   4.07e-01  2.21e+06        1    4.64e-04    2.81e-02
  60  3.424117e+01    4.40e-05    3.93e+00   1.99e+00   4.66e-01  2.21e+06        1    4.63e-04    2.85e-02
  61  3.424114e+01    3.72e-05    4.26e+00   2.01e+00   4.08e-01  2.20e+06        1    4.57e-04    2.90e-02
  62  3.424109e+01    4.43e-05    3.98e+00   1.99e+00   4.65e-01  2.20e+06        1    4.68e-04    2.95e-02
  63  3.424105e+01    3.77e-05    4.30e+00   2.01e+00   4.08e-01  2.19e+06        1    4.57e-04    2.99e-02
  64  3.424101e+01    4.46e-05    4.04e+00   1.99e+00   4.64e-01  2.19e+06        1    4.68e-04    3.04e-02
  65  3.424097e+01    3.82e-05    4.35e+00   2.01e+00   4.09e-01  2.17e+06        1    4.58e-04    3.09e-02
  66  3.424093e+01    4.49e-05    4.09e+00   1.99e+00   4.63e-01  2.17e+06        1    4.68e-04    3.14e-02
  67  3.424089e+01    3.86e-05    4.40e+00   2.01e+00   4.09e-01  2.16e+06        1    4.57e-04    3.18e-02
  68  3.424084e+01    4.53e-05    4.15e+00   1.99e+00   4.61e-01  2.16e+06        1    4.67e-04    3.23e-02
  69  3.424080e+01    3.91e-05    4.45e+00   2.01e+00   4.10e-01  2.14e+06        1    4.57e-04    3.28e-02
  70  3.424076e+01    4.56e-05    4.21e+00   1.99e+00   4.60e-01  2.14e+06        1    4.68e-04    3.33e-02
  71  3.424072e+01    3.96e-05    4.50e+00   2.01e+00   4.10e-01  2.13e+06        1    4.58e-04    3.37e-02
  72  3.424067e+01    4.60e-05    4.27e+00   1.99e+00   4.59e-01  2.13e+06        1    4.69e-04    3.42e-02
  73  3.424063e+01    4.01e-05    4.55e+00   2.01e+00   4.10e-01  2.12e+06        1    4.61e-04    3.47e-02
  74  3.424059e+01    4.64e-05    4.33e+00   1.99e+00   4.58e-01  2.12e+06        1    4.68e-04    3.51e-02
  75  3.424055e+01    4.06e-05    4.61e+00   2.01e+00   4.10e-01  2.10e+06        1    4.59e-04    3.56e-02
  76  3.424050e+01    4.68e-05    4.39e+00   2.00e+00   4.57e-01  2.10e+06        1    4.64e-04    3.61e-02
  77  3.424046e+01    4.11e-05    4.66e+00   2.02e+00   4.11e-01  2.09e+06        1    4.63e-04    3.66e-02
  78  3.424041e+01    4.72e-05    4.45e+00   2.00e+00   4.55e-01  2.09e+06        1    4.58e-04    3.70e-02
  79  3.424037e+01    4.16e-05    4.72e+00   2.02e+00   4.11e-01  2.08e+06        1    4.68e-04    3.75e-02
  80  3.424032e+01    4.76e-05    4.51e+00   2.00e+00   4.54e-01  2.08e+06        1    4.57e-04    3.80e-02
  81  3.424028e+01    4.22e-05    4.77e+00   2.02e+00   4.11e-01  2.06e+06        1    4.76e-04    3.85e-02
  82  3.424023e+01    4.80e-05    4.57e+00   2.00e+00   4.53e-01  2.06e+06        1    4.56e-04    3.89e-02
  83  3.424019e+01    4.27e-05    4.83e+00   2.02e+00   4.11e-01  2.05e+06        1    4.69e-04    3.94e-02
  84  3.424014e+01    4.84e-05    4.63e+00   2.00e+00   4.52e-01  2.05e+06        1    4.58e-04    3.99e-02
  85  3.424010e+01    4.32e-05    4.89e+00   2.02e+00   4.12e-01  2.04e+06        1    4.67e-04    4.03e-02
  86  3.424005e+01    4.88e-05    4.70e+00   2.00e+00   4.51e-01  2.04e+06        1    4.56e-04    4.08e-02
  87  3.424000e+01    4.38e-05    4.94e+00   2.02e+00   4.12e-01  2.03e+06        1    4.72e-04    4.13e-02
  88  3.423995e+01    4.92e-05    4.76e+00   2.00e+00   4.50e-01  2.02e+06        1    4.58e-04    4.18e-02
  89  3.423991e+01    4.43e-05    5.00e+00   2.02e+00   4.12e-01  2.01e+06        1    4.69e-04    4.22e-02
  90  3.423986e+01    4.97e-05    4.83e+00   2.01e+00   4.48e-01  2.01e+06        1    4.58e-04    4.27e-02
  91  3.423982e+01    4.49e-05    5.06e+00   2.02e+00   4.12e-01  2.00e+06        1    4.68e-04    4.32e-02
  92  3.423977e+01    5.01e-05    4.89e+00   2.01e+00   4.47e-01  2.00e+06        1    4.57e-04    4.36e-02
  93  3.423972e+01    4.54e-05    5.12e+00   2.02e+00   4.12e-01  1.99e+06        1    4.64e-04    4.41e-02
  94  3.423967e+01    5.05e-05    4.96e+00   2.01e+00   4.46e-01  1.98e+06        1    4.65e-04    4.46e-02
  95  3.423962e+01    4.60e-05    5.18e+00   2.02e+00   4.13e-01  1.97e+06        1    4.67e-04    4.51e-02
  96  3.423957e+01    5.10e-05    5.03e+00   2.01e+00   4.45e-01  1.97e+06        1    4.65e-04    4.55e-02
  97  3.423953e+01    4.66e-05    5.24e+00   2.02e+00   4.13e-01  1.96e+06        1    4.57e-04    4.60e-02
  98  3.423947e+01    5.15e-05    5.09e+00   2.01e+00   4.44e-01  1.96e+06        1    4.69e-04    4.65e-02
  99  3.423943e+01    4.72e-05    5.31e+00   2.02e+00   4.13e-01  1.95e+06        1    4.57e-04    4.70e-02
 100  3.423938e+01    5.19e-05    5.16e+00   2.01e+00   4.43e-01  1.94e+06        1    4.73e-04    4.74e-02


Bundle adjustment report
------------------------
    Residuals : 340
   Parameters : 266
   Iterations : 101
         Time : 0.047467 [s]
 Initial cost : 0.337644 [px]
   Final cost : 0.317339 [px]
  Termination : No convergence

  => Filtered observations: 0
  => Filtered images: 0

==============================================================================
Registering image #3 (3)
==============================================================================

  => Image sees 58 / 305 points
  => Could not register, trying another image.

==============================================================================
Registering image #1 (3)
==============================================================================

  => Image sees 41 / 257 points
  => Could not register, trying another image.

==============================================================================
Retriangulation
==============================================================================

  => Completed observations: 0
  => Merged observations: 0
  => Retriangulated observations: 0

==============================================================================
Global bundle adjustment
==============================================================================

iter      cost      cost_change  |gradient|   |step|    tr_ratio  tr_radius  ls_iter  iter_time  total_time
   0  3.423938e+01    0.00e+00    5.16e+00   0.00e+00   0.00e+00  1.00e+04        0    3.63e-04    6.47e-04
   1  3.423931e+01    6.55e-05    2.13e-02   9.48e-03   1.00e+00  3.00e+04        1    5.02e-04    1.17e-03


Bundle adjustment report
------------------------
    Residuals : 340
   Parameters : 266
   Iterations : 2
         Time : 0.00119305 [s]
 Initial cost : 0.317339 [px]
   Final cost : 0.317339 [px]
  Termination : Convergence

  => Completed observations: 0
  => Merged observations: 0
  => Filtered observations: 0
  => Changed observations: 0.000000
  => Filtered images: 0

==============================================================================
Registering image #3 (3)
==============================================================================

  => Image sees 58 / 305 points
  => Could not register, trying another image.

==============================================================================
Registering image #1 (3)
==============================================================================

  => Image sees 41 / 257 points
  => Could not register, trying another image.

==============================================================================
Finding good initial image pair
==============================================================================


==============================================================================
Initializing with image pair #9 and #5
==============================================================================


==============================================================================
Global bundle adjustment
==============================================================================

iter      cost      cost_change  |gradient|   |step|    tr_ratio  tr_radius  ls_iter  iter_time  total_time
   0  3.710687e+02    0.00e+00    4.49e+03   0.00e+00   0.00e+00  1.00e+04        0    2.25e-04    4.70e-04
   1  1.327791e+04   -1.29e+04    4.49e+03   1.90e+02  -4.10e+01  5.00e+03        1    1.51e-04    6.39e-04
   2  6.871015e+03   -6.50e+03    4.49e+03   1.75e+02  -2.09e+01  1.25e+03        1    1.14e-04    7.65e-04
   3  9.741689e+02   -6.03e+02    4.49e+03   1.46e+02  -2.03e+00  1.56e+02        1    1.12e-04    8.87e-04
   4  2.086353e+02    1.62e+02    2.76e+03   6.42e+01   8.85e-01  2.88e+02        1    3.31e-04    1.23e-03
   5  1.265828e+02    8.21e+01    4.35e+03   5.67e+01   7.92e-01  3.59e+02        1    3.16e-04    1.56e-03
   6  8.824752e+01    3.83e+01    3.49e+03   3.38e+01   8.46e-01  5.37e+02        1    3.14e-04    1.88e-03
   7  7.643424e+01    1.18e+01    2.66e+03   2.19e+01   7.95e-01  6.75e+02        1    3.30e-04    2.22e-03
   8  7.100053e+01    5.43e+00    3.14e+02   1.23e+01   9.91e-01  2.02e+03        1    3.15e-04    2.54e-03
   9  6.881746e+01    2.18e+00    4.93e+02   1.45e+01   8.26e-01  2.80e+03        1    3.15e-04    2.87e-03
  10  6.687988e+01    1.94e+00    4.77e+02   1.77e+01   9.81e-01  8.41e+03        1    3.25e-04    3.20e-03
  11  6.467069e+01    2.21e+00    1.44e+03   4.69e+01   7.68e-01  9.95e+03        1    3.15e-04    3.53e-03
  12  6.288840e+01    1.78e+00    1.29e+03   4.65e+01   5.64e-01  9.97e+03        1    3.15e-04    3.86e-03
  13  5.978781e+01    3.10e+00    4.02e+02   3.36e+01   9.17e-01  2.38e+04        1    3.51e-04    4.22e-03
  14  6.548510e+01   -5.70e+00    4.02e+02   5.93e+01  -1.67e+00  1.19e+04        1    1.25e-04    4.36e-03
  15  5.894048e+01    8.47e-01    1.43e+03   3.15e+01   3.53e-01  1.16e+04        1    3.08e-04    4.67e-03
  16  5.949547e+01   -5.55e-01    1.43e+03   2.43e+01  -1.41e-01  5.81e+03        1    1.20e-04    4.80e-03
  17  5.610275e+01    2.84e+00    1.40e+03   1.47e+01   8.90e-01  1.11e+04        1    3.17e-04    5.13e-03
  18  6.685829e+01   -1.08e+01    1.40e+03   2.82e+01  -3.54e+00  5.55e+03        1    1.25e-04    5.26e-03
  19  5.533293e+01    7.70e-01    2.59e+03   1.82e+01   3.60e-01  5.43e+03        1    3.11e-04    5.59e-03
  20  5.556171e+01   -2.29e-01    2.59e+03   2.51e+01  -5.99e-02  2.71e+03        1    1.21e-04    5.72e-03
  21  5.256597e+01    2.77e+00    1.37e+03   1.49e+01   9.31e-01  7.56e+03        1    3.07e-04    6.03e-03
  22  7.776592e+01   -2.52e+01    1.37e+03   3.82e+01  -6.84e+00  3.78e+03        1    1.30e-04    6.17e-03
  23  5.272026e+01   -1.54e-01    1.37e+03   2.35e+01  -6.28e-02  9.44e+02        1    1.17e-04    6.30e-03
  24  5.147825e+01    1.09e+00    3.07e+02   7.26e+00   1.03e+00  2.83e+03        1    3.10e-04    6.62e-03
  25  5.091190e+01    5.66e-01    3.07e+03   2.01e+01   3.07e-01  2.68e+03        1    3.14e-04    6.94e-03
  26  4.905276e+01    1.86e+00    3.88e+03   2.25e+01   4.85e-01  2.68e+03        1    3.31e-04    7.28e-03
  27  4.717824e+01    1.87e+00    4.84e+03   2.33e+01   3.89e-01  2.65e+03        1    3.15e-04    7.61e-03
  28  4.394709e+01    3.23e+00    4.29e+03   2.03e+01   5.89e-01  2.67e+03        1    3.15e-04    7.93e-03
  29  4.090940e+01    3.04e+00    2.79e+03   1.48e+01   7.58e-01  3.09e+03        1    3.45e-04    8.28e-03
  30  3.923037e+01    1.68e+00    1.62e+03   9.65e+00   8.16e-01  4.13e+03        1    3.22e-04    8.62e-03
  31  3.830753e+01    9.23e-01    5.13e+02   3.69e+00   8.91e-01  7.90e+03        1    3.15e-04    8.94e-03
  32  3.783450e+01    4.73e-01    9.70e+02   6.06e+00   7.26e-01  8.71e+03        1    3.39e-04    9.29e-03
  33  3.744629e+01    3.88e-01    1.16e+03   1.23e+01   7.64e-01  1.02e+04        1    3.16e-04    9.62e-03
  34  3.715181e+01    2.94e-01    1.07e+03   1.46e+01   7.61e-01  1.19e+04        1    3.16e-04    9.94e-03
  35  3.691097e+01    2.41e-01    9.32e+02   1.55e+01   7.79e-01  1.44e+04        1    3.28e-04    1.03e-02
  36  3.671661e+01    1.94e-01    8.43e+02   1.63e+01   7.78e-01  1.74e+04        1    3.16e-04    1.06e-02
  37  3.655322e+01    1.63e-01    7.22e+02   1.68e+01   7.99e-01  2.22e+04        1    3.15e-04    1.09e-02
  38  3.642004e+01    1.33e-01    6.43e+02   1.75e+01   7.97e-01  2.81e+04        1    3.25e-04    1.13e-02
  39  3.630929e+01    1.11e-01    5.22e+02   1.76e+01   8.20e-01  3.80e+04        1    3.15e-04    1.16e-02
  40  3.622362e+01    8.57e-02    4.45e+02   1.79e+01   8.13e-01  5.03e+04        1    3.15e-04    1.19e-02
  41  3.615855e+01    6.51e-02    3.20e+02   1.68e+01   8.43e-01  7.43e+04        1    3.43e-04    1.23e-02
  42  3.611645e+01    4.21e-02    2.53e+02   1.61e+01   8.30e-01  1.04e+05        1    3.19e-04    1.26e-02
  43  3.609108e+01    2.54e-02    1.43e+02   1.32e+01   8.86e-01  1.93e+05        1    3.14e-04    1.29e-02
  44  3.608038e+01    1.07e-02    1.00e+02   1.15e+01   8.69e-01  3.23e+05        1    3.30e-04    1.33e-02
  45  3.607669e+01    3.69e-03    3.53e+01   6.74e+00   9.61e-01  9.70e+05        1    3.15e-04    1.36e-02
  46  3.607670e+01   -9.68e-06    3.53e+01   6.30e+00  -1.08e-02  4.85e+05        1    1.20e-04    1.37e-02
  47  3.607609e+01    5.98e-04    3.09e+01   4.12e+00   8.87e-01  9.07e+05        1    3.08e-04    1.40e-02
  48  3.607638e+01   -2.92e-04    3.09e+01   3.57e+00  -6.05e-01  4.53e+05        1    1.27e-04    1.42e-02
  49  3.607586e+01    2.32e-04    3.13e+01   1.92e+00   7.99e-01  5.77e+05        1    3.12e-04    1.45e-02
  50  3.607564e+01    2.19e-04    3.59e+01   2.50e+00   7.29e-01  6.38e+05        1    3.14e-04    1.48e-02
  51  3.607551e+01    1.29e-04    6.11e+01   1.91e+00   3.75e-01  6.28e+05        1    3.23e-04    1.51e-02
  52  3.607514e+01    3.74e-04    3.92e+01   2.66e+00   7.86e-01  7.74e+05        1    3.23e-04    1.55e-02
  53  3.607523e+01   -9.10e-05    3.92e+01   2.10e+00  -2.16e-01  3.87e+05        1    1.20e-04    1.56e-02
  54  3.607492e+01    2.12e-04    2.72e+01   8.72e-01   8.13e-01  5.12e+05        1    3.07e-04    1.59e-02
  55  3.607471e+01    2.13e-04    2.41e+01   2.27e+00   8.26e-01  7.09e+05        1    3.26e-04    1.63e-02
  56  3.607476e+01   -4.44e-05    2.41e+01   1.86e+00  -1.33e-01  3.55e+05        1    1.20e-04    1.64e-02
  57  3.607456e+01    1.51e-04    2.35e+01   7.56e-01   7.95e-01  4.46e+05        1    3.11e-04    1.67e-02
  58  3.607437e+01    1.92e-04    1.76e+01   2.00e+00   8.75e-01  7.73e+05        1    3.15e-04    1.70e-02
  59  3.607452e+01   -1.51e-04    1.76e+01   2.11e+00  -4.41e-01  3.86e+05        1    1.27e-04    1.72e-02
  60  3.607423e+01    1.37e-04    2.65e+01   8.83e-01   7.45e-01  4.38e+05        1    3.11e-04    1.75e-02
  61  3.607403e+01    1.98e-04    1.68e+01   1.97e+00   8.86e-01  8.11e+05        1    3.15e-04    1.78e-02
  62  3.607426e+01   -2.23e-04    1.68e+01   2.24e+00  -6.31e-01  4.05e+05        1    1.20e-04    1.79e-02
  63  3.607390e+01    1.35e-04    2.85e+01   9.43e-01   7.16e-01  4.41e+05        1    3.19e-04    1.83e-02
  64  3.607369e+01    2.04e-04    1.68e+01   2.00e+00   8.87e-01  8.25e+05        1    3.16e-04    1.86e-02
  65  3.607395e+01   -2.55e-04    1.68e+01   2.26e+00  -7.13e-01  4.12e+05        1    1.20e-04    1.87e-02
  66  3.607356e+01    1.34e-04    2.94e+01   9.49e-01   7.01e-01  4.41e+05        1    3.06e-04    1.90e-02
  67  3.607335e+01    2.07e-04    1.64e+01   2.01e+00   8.89e-01  8.32e+05        1    3.32e-04    1.94e-02
  68  3.607363e+01   -2.78e-04    1.64e+01   2.26e+00  -7.76e-01  4.16e+05        1    1.20e-04    1.95e-02
  69  3.607322e+01    1.32e-04    3.01e+01   9.41e-01   6.86e-01  4.39e+05        1    3.07e-04    1.98e-02
  70  3.607301e+01    2.08e-04    1.59e+01   2.02e+00   8.91e-01  8.39e+05        1    3.22e-04    2.02e-02
  71  3.607331e+01   -3.00e-04    1.59e+01   2.25e+00  -8.35e-01  4.19e+05        1    1.24e-04    2.03e-02
  72  3.607288e+01    1.29e-04    3.07e+01   9.28e-01   6.71e-01  4.37e+05        1    3.07e-04    2.06e-02
  73  3.607267e+01    2.10e-04    1.53e+01   2.03e+00   8.92e-01  8.42e+05        1    3.15e-04    2.09e-02
  74  3.607299e+01   -3.16e-04    1.53e+01   2.23e+00  -8.83e-01  4.21e+05        1    1.20e-04    2.11e-02
  75  3.607255e+01    1.26e-04    3.12e+01   9.09e-01   6.56e-01  4.34e+05        1    3.19e-04    2.14e-02
  76  3.607234e+01    2.10e-04    1.48e+01   2.05e+00   8.93e-01  8.42e+05        1    3.15e-04    2.17e-02
  77  3.607266e+01   -3.25e-04    1.48e+01   2.20e+00  -9.12e-01  4.21e+05        1    1.20e-04    2.18e-02
  78  3.607222e+01    1.22e-04    3.15e+01   8.84e-01   6.44e-01  4.31e+05        1    3.14e-04    2.22e-02
  79  3.607201e+01    2.10e-04    1.42e+01   2.06e+00   8.93e-01  8.39e+05        1    3.20e-04    2.25e-02
  80  3.607233e+01   -3.24e-04    1.42e+01   2.15e+00  -9.19e-01  4.19e+05        1    1.20e-04    2.26e-02
  81  3.607189e+01    1.20e-04    3.16e+01   8.55e-01   6.35e-01  4.28e+05        1    3.07e-04    2.29e-02
  82  3.607168e+01    2.09e-04    1.36e+01   2.06e+00   8.93e-01  8.33e+05        1    3.26e-04    2.33e-02
  83  3.607199e+01   -3.15e-04    1.36e+01   2.11e+00  -9.06e-01  4.16e+05        1    1.20e-04    2.34e-02
  84  3.607156e+01    1.17e-04    3.14e+01   8.26e-01   6.30e-01  4.24e+05        1    3.07e-04    2.37e-02
  85  3.607135e+01    2.07e-04    1.31e+01   2.06e+00   8.93e-01  8.26e+05        1    3.15e-04    2.40e-02
  86  3.607165e+01   -3.02e-04    1.31e+01   2.06e+00  -8.79e-01  4.13e+05        1    2.04e-04    3.53e-02
  87  3.607124e+01    1.15e-04    3.10e+01   8.01e-01   6.28e-01  4.20e+05        1    3.53e-04    3.57e-02
  88  3.607103e+01    2.04e-04    1.26e+01   2.05e+00   8.94e-01  8.19e+05        1    4.02e-04    3.61e-02
  89  3.607132e+01   -2.88e-04    1.26e+01   2.03e+00  -8.49e-01  4.10e+05        1    1.39e-04    3.62e-02
  90  3.607092e+01    1.14e-04    3.05e+01   7.83e-01   6.30e-01  4.17e+05        1    3.12e-04    3.66e-02
  91  3.607072e+01    2.01e-04    1.23e+01   2.04e+00   8.94e-01  8.15e+05        1    3.34e-04    3.69e-02
  92  3.607099e+01   -2.76e-04    1.23e+01   2.01e+00  -8.22e-01  4.08e+05        1    1.22e-04    3.70e-02
  93  3.607060e+01    1.13e-04    3.01e+01   7.73e-01   6.33e-01  4.15e+05        1    3.39e-04    3.74e-02
  94  3.607041e+01    1.99e-04    1.21e+01   2.03e+00   8.94e-01  8.14e+05        1    3.19e-04    3.77e-02
  95  3.607067e+01   -2.68e-04    1.21e+01   2.00e+00  -8.05e-01  4.07e+05        1    1.20e-04    3.78e-02
  96  3.607029e+01    1.13e-04    2.98e+01   7.70e-01   6.35e-01  4.15e+05        1    3.51e-04    3.82e-02
  97  3.607010e+01    1.97e-04    1.20e+01   2.03e+00   8.94e-01  8.14e+05        1    3.16e-04    3.85e-02
  98  3.607036e+01   -2.63e-04    1.20e+01   2.00e+00  -7.96e-01  4.07e+05        1    1.20e-04    3.87e-02
  99  3.606998e+01    1.12e-04    2.96e+01   7.70e-01   6.37e-01  4.16e+05        1    3.07e-04    3.90e-02
 100  3.606979e+01    1.96e-04    1.19e+01   2.02e+00   8.94e-01  8.15e+05        1    3.27e-04    3.93e-02


Bundle adjustment report
------------------------
    Residuals : 232
   Parameters : 185
   Iterations : 101
         Time : 0.0393469 [s]
 Initial cost : 1.26469 [px]
   Final cost : 0.394301 [px]
  Termination : No convergence

  => Filtered observations: 0
  => Filtered images: 0

==============================================================================
Finding good initial image pair
==============================================================================


==============================================================================
Initializing with image pair #2 and #1
==============================================================================


==============================================================================
Global bundle adjustment
==============================================================================

iter      cost      cost_change  |gradient|   |step|    tr_ratio  tr_radius  ls_iter  iter_time  total_time
   0  5.778411e+01    0.00e+00    7.57e+03   0.00e+00   0.00e+00  1.00e+04        0    2.98e-04    5.95e-04
   1  1.045312e+02   -4.67e+01    7.57e+03   5.45e+01  -1.26e+00  5.00e+03        1    1.97e-04    8.12e-04
   2  7.391950e+01   -1.61e+01    7.57e+03   4.28e+01  -4.42e-01  1.25e+03        1    2.00e-04    1.02e-03
   3  3.744719e+01    2.03e+01    4.91e+03   2.34e+01   6.33e-01  1.27e+03        1    4.21e-04    1.46e-03
   4  2.217723e+01    1.53e+01    6.83e+02   1.53e+01   9.90e-01  3.82e+03        1    4.36e-04    1.90e-03
   5  2.042776e+01    1.75e+00    7.01e+02   1.88e+01   9.22e-01  9.62e+03        1    4.37e-04    2.35e-03
   6  1.976928e+01    6.58e-01    2.63e+02   2.47e+01   8.85e-01  1.77e+04        1    4.32e-04    2.79e-03
   7  1.938326e+01    3.86e-01    3.92e+02   3.50e+01   6.82e-01  1.86e+04        1    4.46e-04    3.25e-03
   8  1.898916e+01    3.94e-01    3.77e+02   3.28e+01   7.48e-01  2.12e+04        1    4.27e-04    3.69e-03
   9  1.873161e+01    2.58e-01    2.85e+02   3.31e+01   6.48e-01  2.18e+04        1    4.38e-04    4.14e-03
  10  1.849484e+01    2.37e-01    1.57e+02   3.03e+01   7.20e-01  2.38e+04        1    4.26e-04    4.57e-03
  11  1.833709e+01    1.58e-01    1.82e+02   2.93e+01   6.68e-01  2.47e+04        1    4.58e-04    5.04e-03
  12  1.820680e+01    1.30e-01    1.85e+02   2.71e+01   7.01e-01  2.64e+04        1    4.34e-04    5.49e-03
  13  1.811283e+01    9.40e-02    1.97e+02   2.59e+01   6.70e-01  2.75e+04        1    4.46e-04    5.94e-03
  14  1.803584e+01    7.70e-02    2.53e+02   2.43e+01   6.80e-01  2.89e+04        1    4.28e-04    6.39e-03
  15  1.797513e+01    6.07e-02    3.03e+02   2.31e+01   6.64e-01  2.99e+04        1    4.27e-04    6.82e-03
  16  1.792400e+01    5.11e-02    3.32e+02   2.18e+01   6.65e-01  3.10e+04        1    4.40e-04    7.27e-03
  17  1.788081e+01    4.32e-02    3.49e+02   2.08e+01   6.60e-01  3.21e+04        1    4.26e-04    7.71e-03
  18  1.784325e+01    3.76e-02    3.56e+02   1.98e+01   6.60e-01  3.32e+04        1    4.39e-04    8.16e-03
  19  1.781028e+01    3.30e-02    3.56e+02   1.90e+01   6.60e-01  3.43e+04        1    4.27e-04    8.60e-03
  20  1.778096e+01    2.93e-02    3.52e+02   1.83e+01   6.61e-01  3.55e+04        1    4.38e-04    9.05e-03
  21  1.775472e+01    2.62e-02    3.44e+02   1.76e+01   6.63e-01  3.67e+04        1    4.28e-04    9.48e-03
  22  1.773111e+01    2.36e-02    3.35e+02   1.71e+01   6.65e-01  3.81e+04        1    4.34e-04    9.93e-03
  23  1.770981e+01    2.13e-02    3.24e+02   1.66e+01   6.67e-01  3.96e+04        1    4.30e-04    1.04e-02
  24  1.769054e+01    1.93e-02    3.13e+02   1.61e+01   6.69e-01  4.11e+04        1    4.27e-04    1.08e-02
  25  1.767311e+01    1.74e-02    3.01e+02   1.57e+01   6.70e-01  4.28e+04        1    4.38e-04    1.13e-02
  26  1.765734e+01    1.58e-02    2.88e+02   1.53e+01   6.72e-01  4.47e+04        1    4.27e-04    1.17e-02
  27  1.764308e+01    1.43e-02    2.75e+02   1.49e+01   6.74e-01  4.66e+04        1    4.38e-04    1.21e-02
  28  1.763022e+01    1.29e-02    2.63e+02   1.45e+01   6.76e-01  4.87e+04        1    4.30e-04    1.26e-02
  29  1.761865e+01    1.16e-02    2.50e+02   1.42e+01   6.78e-01  5.10e+04        1    4.38e-04    1.30e-02
  30  1.760825e+01    1.04e-02    2.37e+02   1.38e+01   6.79e-01  5.35e+04        1    4.30e-04    1.35e-02
  31  1.759895e+01    9.31e-03    2.24e+02   1.34e+01   6.81e-01  5.62e+04        1    4.35e-04    1.39e-02
  32  1.759065e+01    8.30e-03    2.11e+02   1.31e+01   6.83e-01  5.91e+04        1    4.35e-04    1.44e-02
  33  1.758327e+01    7.37e-03    1.98e+02   1.27e+01   6.85e-01  6.22e+04        1    4.27e-04    1.48e-02
  34  1.757675e+01    6.52e-03    1.85e+02   1.24e+01   6.87e-01  6.57e+04        1    4.40e-04    1.52e-02
  35  1.757101e+01    5.74e-03    1.73e+02   1.20e+01   6.89e-01  6.95e+04        1    4.27e-04    1.57e-02
  36  1.756599e+01    5.02e-03    1.61e+02   1.16e+01   6.92e-01  7.36e+04        1    4.38e-04    1.61e-02
  37  1.756162e+01    4.37e-03    1.49e+02   1.12e+01   6.94e-01  7.82e+04        1    4.28e-04    1.66e-02
  38  1.755784e+01    3.78e-03    1.37e+02   1.08e+01   6.97e-01  8.32e+04        1    4.38e-04    1.70e-02
  39  1.755460e+01    3.24e-03    1.26e+02   1.04e+01   6.99e-01  8.88e+04        1    4.27e-04    1.74e-02
  40  1.755183e+01    2.76e-03    1.14e+02   9.96e+00   7.02e-01  9.51e+04        1    4.33e-04    1.79e-02
  41  1.754950e+01    2.33e-03    1.04e+02   9.53e+00   7.05e-01  1.02e+05        1    4.31e-04    1.83e-02
  42  1.754755e+01    1.95e-03    9.34e+01   9.09e+00   7.08e-01  1.10e+05        1    4.27e-04    1.88e-02
  43  1.754593e+01    1.62e-03    8.36e+01   8.64e+00   7.11e-01  1.19e+05        1    4.37e-04    1.92e-02
  44  1.754460e+01    1.33e-03    7.43e+01   8.18e+00   7.15e-01  1.29e+05        1    4.27e-04    1.96e-02
  45  1.754352e+01    1.08e-03    6.57e+01   7.72e+00   7.18e-01  1.41e+05        1    4.37e-04    2.01e-02
  46  1.754264e+01    8.74e-04    5.78e+01   7.26e+00   7.22e-01  1.55e+05        1    4.27e-04    2.05e-02
  47  1.754194e+01    7.03e-04    5.07e+01   6.79e+00   7.27e-01  1.70e+05        1    4.37e-04    2.10e-02
  48  1.754137e+01    5.65e-04    4.46e+01   6.34e+00   7.32e-01  1.89e+05        1    4.27e-04    2.14e-02
  49  1.754091e+01    4.60e-04    3.97e+01   5.91e+00   7.38e-01  2.12e+05        1    4.37e-04    2.19e-02
  50  1.754053e+01    3.83e-04    3.62e+01   5.51e+00   7.45e-01  2.41e+05        1    4.33e-04    2.23e-02
  51  1.754020e+01    3.32e-04    3.43e+01   5.16e+00   7.52e-01  2.76e+05        1    4.26e-04    2.27e-02
  52  1.753989e+01    3.05e-04    3.45e+01   4.87e+00   7.57e-01  3.19e+05        1    4.39e-04    2.32e-02
  53  1.753960e+01    2.98e-04    3.72e+01   4.64e+00   7.55e-01  3.68e+05        1    4.29e-04    2.36e-02
  54  1.753929e+01    3.06e-04    4.22e+01   4.47e+00   7.43e-01  4.16e+05        1    4.38e-04    2.41e-02
  55  1.753897e+01    3.22e-04    4.85e+01   4.31e+00   7.23e-01  4.57e+05        1    4.27e-04    2.45e-02
  56  1.753863e+01    3.42e-04    5.49e+01   4.19e+00   7.01e-01  4.89e+05        1    4.37e-04    2.50e-02
  57  1.753826e+01    3.62e-04    6.04e+01   4.10e+00   6.80e-01  5.13e+05        1    4.26e-04    2.54e-02
  58  1.753788e+01    3.79e-04    6.50e+01   4.06e+00   6.63e-01  5.31e+05        1    4.27e-04    2.58e-02
  59  1.753749e+01    3.94e-04    6.88e+01   4.05e+00   6.49e-01  5.46e+05        1    4.44e-04    2.63e-02
  60  1.753709e+01    4.06e-04    7.19e+01   4.06e+00   6.38e-01  5.57e+05        1    4.26e-04    2.67e-02
  61  1.753667e+01    4.15e-04    7.45e+01   4.09e+00   6.29e-01  5.67e+05        1    4.39e-04    2.72e-02
  62  1.753625e+01    4.23e-04    7.67e+01   4.12e+00   6.21e-01  5.75e+05        1    4.27e-04    2.76e-02
  63  1.753582e+01    4.29e-04    7.85e+01   4.15e+00   6.15e-01  5.82e+05        1    4.38e-04    2.81e-02
  64  1.753539e+01    4.33e-04    8.01e+01   4.18e+00   6.10e-01  5.89e+05        1    4.27e-04    2.85e-02
  65  1.753495e+01    4.37e-04    8.14e+01   4.21e+00   6.06e-01  5.94e+05        1    4.33e-04    2.89e-02
  66  1.753451e+01    4.40e-04    8.26e+01   4.23e+00   6.02e-01  5.99e+05        1    4.32e-04    2.94e-02
  67  1.753407e+01    4.42e-04    8.37e+01   4.26e+00   5.99e-01  6.04e+05        1    4.27e-04    2.98e-02
  68  1.753362e+01    4.44e-04    8.46e+01   4.27e+00   5.96e-01  6.08e+05        1    4.38e-04    3.03e-02
  69  1.753318e+01    4.46e-04    8.54e+01   4.29e+00   5.94e-01  6.12e+05        1    4.27e-04    3.07e-02
  70  1.753273e+01    4.47e-04    8.62e+01   4.31e+00   5.92e-01  6.16e+05        1    4.37e-04    3.11e-02
  71  1.753228e+01    4.47e-04    8.68e+01   4.32e+00   5.90e-01  6.20e+05        1    4.27e-04    3.16e-02
  72  1.753183e+01    4.48e-04    8.74e+01   4.33e+00   5.89e-01  6.23e+05        1    4.37e-04    3.20e-02
  73  1.753139e+01    4.48e-04    8.80e+01   4.34e+00   5.87e-01  6.27e+05        1    4.30e-04    3.25e-02
  74  1.753094e+01    4.49e-04    8.85e+01   4.35e+00   5.86e-01  6.30e+05        1    4.34e-04    3.29e-02
  75  1.753049e+01    4.49e-04    8.90e+01   4.36e+00   5.85e-01  6.33e+05        1    4.33e-04    3.34e-02
  76  1.753004e+01    4.48e-04    8.95e+01   4.36e+00   5.84e-01  6.36e+05        1    4.26e-04    3.38e-02
  77  1.752959e+01    4.48e-04    8.99e+01   4.37e+00   5.83e-01  6.39e+05        1    4.38e-04    3.42e-02
  78  1.752914e+01    4.48e-04    9.03e+01   4.38e+00   5.83e-01  6.42e+05        1    4.27e-04    3.47e-02
  79  1.752870e+01    4.47e-04    9.07e+01   4.38e+00   5.82e-01  6.45e+05        1    4.39e-04    3.51e-02
  80  1.752825e+01    4.47e-04    9.10e+01   4.39e+00   5.81e-01  6.47e+05        1    4.27e-04    3.56e-02
  81  1.752780e+01    4.46e-04    9.14e+01   4.39e+00   5.81e-01  6.50e+05        1    4.38e-04    3.60e-02
  82  1.752736e+01    4.46e-04    9.17e+01   4.39e+00   5.81e-01  6.53e+05        1    4.28e-04    3.64e-02
  83  1.752691e+01    4.45e-04    9.20e+01   4.40e+00   5.80e-01  6.56e+05        1    4.32e-04    3.69e-02
  84  1.752647e+01    4.44e-04    9.23e+01   4.40e+00   5.80e-01  6.58e+05        1    4.31e-04    3.73e-02
  85  1.752602e+01    4.44e-04    9.26e+01   4.40e+00   5.79e-01  6.61e+05        1    4.27e-04    3.78e-02
  86  1.752558e+01    4.43e-04    9.29e+01   4.41e+00   5.79e-01  6.64e+05        1    4.38e-04    3.82e-02
  87  1.752514e+01    4.42e-04    9.31e+01   4.41e+00   5.79e-01  6.66e+05        1    4.27e-04    3.86e-02
  88  1.752470e+01    4.41e-04    9.34e+01   4.41e+00   5.79e-01  6.69e+05        1    4.36e-04    3.91e-02
  89  1.752426e+01    4.40e-04    9.36e+01   4.41e+00   5.79e-01  6.71e+05        1    4.26e-04    3.95e-02
  90  1.752382e+01    4.39e-04    9.39e+01   4.41e+00   5.78e-01  6.74e+05        1    4.41e-04    4.00e-02
  91  1.752338e+01    4.39e-04    9.41e+01   4.41e+00   5.78e-01  6.77e+05        1    4.27e-04    4.04e-02
  92  1.752294e+01    4.38e-04    9.43e+01   4.42e+00   5.78e-01  6.79e+05        1    4.33e-04    4.09e-02
  93  1.752251e+01    4.37e-04    9.46e+01   4.42e+00   5.78e-01  6.82e+05        1    4.31e-04    4.13e-02
  94  1.752207e+01    4.36e-04    9.48e+01   4.42e+00   5.78e-01  6.84e+05        1    4.28e-04    4.17e-02
  95  1.752164e+01    4.35e-04    9.50e+01   4.42e+00   5.78e-01  6.87e+05        1    4.36e-04    4.22e-02
  96  1.752120e+01    4.34e-04    9.52e+01   4.42e+00   5.78e-01  6.90e+05        1    4.30e-04    4.26e-02
  97  1.752077e+01    4.33e-04    9.54e+01   4.42e+00   5.78e-01  6.92e+05        1    4.37e-04    4.31e-02
  98  1.752034e+01    4.32e-04    9.56e+01   4.42e+00   5.78e-01  6.95e+05        1    4.30e-04    4.35e-02
  99  1.751991e+01    4.31e-04    9.58e+01   4.42e+00   5.78e-01  6.97e+05        1    4.38e-04    4.40e-02
 100  1.751948e+01    4.30e-04    9.60e+01   4.42e+00   5.77e-01  7.00e+05        1    4.27e-04    4.44e-02


Bundle adjustment report
------------------------
    Residuals : 316
   Parameters : 248
   Iterations : 101
         Time : 0.04442 [s]
 Initial cost : 0.427623 [px]
   Final cost : 0.23546 [px]
  Termination : No convergence

  => Filtered observations: 0
  => Filtered images: 0

==============================================================================
Registering image #7 (3)
==============================================================================

  => Image sees 30 / 280 points
  => Could not register, trying another image.

==============================================================================
Retriangulation
==============================================================================

  => Completed observations: 0
  => Merged observations: 0
  => Retriangulated observations: 0

==============================================================================
Global bundle adjustment
==============================================================================

iter      cost      cost_change  |gradient|   |step|    tr_ratio  tr_radius  ls_iter  iter_time  total_time
   0  1.751948e+01    0.00e+00    1.21e+01   0.00e+00   0.00e+00  1.00e+04        0    3.38e-04    5.98e-04
   1  1.751916e+01    3.20e-04    4.74e-01   6.61e-02   1.00e+00  3.00e+04        1    4.70e-04    1.09e-03
   2  1.751914e+01    1.68e-05    1.16e+00   1.81e-01   1.00e+00  9.00e+04        1    4.44e-04    1.54e-03
   3  1.751909e+01    5.01e-05    1.36e+00   5.45e-01   9.99e-01  2.70e+05        1    4.30e-04    1.98e-03
   4  1.751894e+01    1.45e-04    1.62e+00   1.64e+00   9.66e-01  8.10e+05        1    4.37e-04    2.43e-03
   5  1.751890e+01    4.91e-05    1.41e+01   4.80e+00   1.08e-01  5.47e+05        1    4.36e-04    2.88e-03
   6  1.751827e+01    6.25e-04    6.22e+00   3.20e+00   8.86e-01  1.01e+06        1    4.28e-04    3.31e-03
   7  1.751857e+01   -2.94e-04    6.22e+00   5.79e+00  -4.65e-01  5.05e+05        1    1.73e-04    3.49e-03
   8  1.751797e+01    2.99e-04    5.23e+00   2.92e+00   8.38e-01  7.31e+05        1    4.18e-04    3.92e-03
   9  1.751777e+01    2.06e-04    1.08e+01   4.18e+00   4.52e-01  7.30e+05        1    4.26e-04    4.36e-03
  10  1.751736e+01    4.02e-04    1.06e+01   4.15e+00   6.22e-01  7.41e+05        1    4.68e-04    4.84e-03
  11  1.751698e+01    3.88e-04    1.08e+01   4.19e+00   6.05e-01  7.48e+05        1    4.28e-04    5.28e-03
  12  1.751658e+01    3.95e-04    1.08e+01   4.21e+00   6.04e-01  7.55e+05        1    4.49e-04    5.74e-03
  13  1.751618e+01    3.96e-04    1.09e+01   4.23e+00   6.01e-01  7.61e+05        1    4.27e-04    6.17e-03
  14  1.751579e+01    3.98e-04    1.10e+01   4.25e+00   5.98e-01  7.67e+05        1    4.39e-04    6.62e-03
  15  1.751539e+01    3.99e-04    1.10e+01   4.27e+00   5.96e-01  7.72e+05        1    4.29e-04    7.06e-03
  16  1.751499e+01    4.00e-04    1.10e+01   4.28e+00   5.94e-01  7.77e+05        1    4.38e-04    7.51e-03
  17  1.751459e+01    4.00e-04    1.10e+01   4.29e+00   5.92e-01  7.82e+05        1    4.27e-04    7.95e-03
  18  1.751419e+01    4.00e-04    1.10e+01   4.30e+00   5.91e-01  7.87e+05        1    4.27e-04    8.38e-03
  19  1.751379e+01    4.00e-04    1.10e+01   4.31e+00   5.90e-01  7.92e+05        1    4.31e-04    8.83e-03
  20  1.751339e+01    4.00e-04    1.10e+01   4.32e+00   5.89e-01  7.96e+05        1    4.26e-04    9.27e-03
  21  1.751299e+01    4.00e-04    1.10e+01   4.32e+00   5.88e-01  8.00e+05        1    4.41e-04    9.72e-03
  22  1.751259e+01    4.00e-04    1.10e+01   4.33e+00   5.87e-01  8.05e+05        1    4.27e-04    1.02e-02
  23  1.751219e+01    4.00e-04    1.10e+01   4.33e+00   5.86e-01  8.09e+05        1    4.38e-04    1.06e-02
  24  1.751179e+01    3.99e-04    1.10e+01   4.34e+00   5.85e-01  8.13e+05        1    4.28e-04    1.10e-02
  25  1.751139e+01    3.98e-04    1.10e+01   4.34e+00   5.85e-01  8.17e+05        1    4.36e-04    1.15e-02
  26  1.751099e+01    3.98e-04    1.09e+01   4.34e+00   5.84e-01  8.21e+05        1    4.31e-04    1.19e-02
  27  1.751060e+01    3.97e-04    1.09e+01   4.35e+00   5.84e-01  8.25e+05        1    4.45e-04    1.25e-02
  28  1.751020e+01    3.97e-04    1.09e+01   4.35e+00   5.83e-01  8.28e+05        1    4.31e-04    1.29e-02
  29  1.750980e+01    3.96e-04    1.08e+01   4.35e+00   5.83e-01  8.32e+05        1    4.26e-04    1.34e-02
  30  1.750941e+01    3.95e-04    1.08e+01   4.35e+00   5.83e-01  8.36e+05        1    4.37e-04    1.38e-02
  31  1.750901e+01    3.94e-04    1.08e+01   4.36e+00   5.83e-01  8.40e+05        1    4.27e-04    1.43e-02
  32  1.750862e+01    3.93e-04    1.07e+01   4.36e+00   5.82e-01  8.44e+05        1    4.38e-04    1.47e-02
  33  1.750823e+01    3.92e-04    1.07e+01   4.36e+00   5.82e-01  8.47e+05        1    4.27e-04    1.51e-02
  34  1.750784e+01    3.92e-04    1.07e+01   4.36e+00   5.82e-01  8.51e+05        1    4.38e-04    1.56e-02
  35  1.750745e+01    3.91e-04    1.06e+01   4.36e+00   5.82e-01  8.55e+05        1    4.27e-04    1.60e-02
  36  1.750706e+01    3.90e-04    1.06e+01   4.36e+00   5.82e-01  8.59e+05        1    4.33e-04    1.65e-02
  37  1.750667e+01    3.89e-04    1.06e+01   4.36e+00   5.81e-01  8.62e+05        1    4.32e-04    1.69e-02
  38  1.750628e+01    3.88e-04    1.05e+01   4.36e+00   5.81e-01  8.66e+05        1    4.28e-04    1.73e-02
  39  1.750589e+01    3.87e-04    1.05e+01   4.36e+00   5.81e-01  8.70e+05        1    4.36e-04    1.78e-02
  40  1.750551e+01    3.86e-04    1.05e+01   4.36e+00   5.81e-01  8.73e+05        1    4.26e-04    1.82e-02
  41  1.750512e+01    3.85e-04    1.04e+01   4.36e+00   5.81e-01  8.77e+05        1    4.41e-04    1.87e-02
  42  1.750474e+01    3.84e-04    1.04e+01   4.36e+00   5.81e-01  8.81e+05        1    4.27e-04    1.91e-02
  43  1.750436e+01    3.83e-04    1.03e+01   4.36e+00   5.81e-01  8.85e+05        1    4.39e-04    1.96e-02
  44  1.750397e+01    3.82e-04    1.04e+01   4.36e+00   5.81e-01  8.88e+05        1    4.27e-04    2.00e-02
  45  1.750359e+01    3.81e-04    1.04e+01   4.36e+00   5.81e-01  8.92e+05        1    4.32e-04    2.04e-02
  46  1.750321e+01    3.80e-04    1.04e+01   4.36e+00   5.81e-01  8.96e+05        1    4.30e-04    2.09e-02
  47  1.750283e+01    3.79e-04    1.04e+01   4.36e+00   5.81e-01  9.00e+05        1    4.26e-04    2.13e-02
  48  1.750246e+01    3.78e-04    1.04e+01   4.36e+00   5.81e-01  9.04e+05        1    4.39e-04    2.18e-02
  49  1.750208e+01    3.77e-04    1.05e+01   4.36e+00   5.81e-01  9.07e+05        1    4.27e-04    2.22e-02
  50  1.750170e+01    3.76e-04    1.05e+01   4.36e+00   5.81e-01  9.11e+05        1    4.37e-04    2.26e-02
  51  1.750133e+01    3.75e-04    1.05e+01   4.36e+00   5.81e-01  9.15e+05        1    4.29e-04    2.31e-02
  52  1.750096e+01    3.74e-04    1.05e+01   4.36e+00   5.81e-01  9.19e+05        1    4.40e-04    2.35e-02
  53  1.750058e+01    3.73e-04    1.05e+01   4.36e+00   5.81e-01  9.23e+05        1    4.27e-04    2.40e-02
  54  1.750021e+01    3.72e-04    1.05e+01   4.36e+00   5.81e-01  9.27e+05        1    4.34e-04    2.44e-02
  55  1.749984e+01    3.71e-04    1.06e+01   4.36e+00   5.81e-01  9.30e+05        1    4.31e-04    2.49e-02
  56  1.749947e+01    3.69e-04    1.06e+01   4.36e+00   5.81e-01  9.34e+05        1    4.27e-04    2.53e-02
  57  1.749910e+01    3.68e-04    1.06e+01   4.36e+00   5.81e-01  9.38e+05        1    4.50e-04    2.57e-02
  58  1.749874e+01    3.67e-04    1.06e+01   4.36e+00   5.80e-01  9.42e+05        1    4.27e-04    2.62e-02
  59  1.749837e+01    3.66e-04    1.06e+01   4.36e+00   5.80e-01  9.46e+05        1    4.38e-04    2.66e-02
  60  1.749800e+01    3.65e-04    1.06e+01   4.36e+00   5.80e-01  9.50e+05        1    4.27e-04    2.71e-02
  61  1.749764e+01    3.64e-04    1.06e+01   4.36e+00   5.80e-01  9.54e+05        1    4.38e-04    2.75e-02
  62  1.749728e+01    3.63e-04    1.07e+01   4.35e+00   5.80e-01  9.58e+05        1    4.27e-04    2.80e-02
  63  1.749691e+01    3.62e-04    1.07e+01   4.35e+00   5.80e-01  9.62e+05        1    4.34e-04    2.84e-02
  64  1.749655e+01    3.61e-04    1.07e+01   4.35e+00   5.80e-01  9.66e+05        1    4.32e-04    2.88e-02
  65  1.749619e+01    3.60e-04    1.07e+01   4.35e+00   5.80e-01  9.70e+05        1    4.27e-04    2.93e-02
  66  1.749583e+01    3.59e-04    1.07e+01   4.35e+00   5.80e-01  9.74e+05        1    4.38e-04    2.97e-02
  67  1.749548e+01    3.58e-04    1.07e+01   4.35e+00   5.80e-01  9.78e+05        1    4.27e-04    3.02e-02
  68  1.749512e+01    3.57e-04    1.08e+01   4.35e+00   5.80e-01  9.82e+05        1    4.38e-04    3.06e-02
  69  1.749476e+01    3.56e-04    1.08e+01   4.35e+00   5.80e-01  9.86e+05        1    4.27e-04    3.10e-02
  70  1.749441e+01    3.55e-04    1.08e+01   4.35e+00   5.80e-01  9.91e+05        1    4.33e-04    3.15e-02
  71  1.749405e+01    3.54e-04    1.08e+01   4.35e+00   5.80e-01  9.95e+05        1    4.28e-04    3.19e-02
  72  1.749370e+01    3.53e-04    1.08e+01   4.35e+00   5.80e-01  9.99e+05        1    4.26e-04    3.24e-02
  73  1.749335e+01    3.52e-04    1.08e+01   4.35e+00   5.80e-01  1.00e+06        1    4.41e-04    3.28e-02
  74  1.749300e+01    3.51e-04    1.08e+01   4.35e+00   5.80e-01  1.01e+06        1    4.26e-04    3.32e-02
  75  1.749265e+01    3.50e-04    1.09e+01   4.35e+00   5.80e-01  1.01e+06        1    4.38e-04    3.37e-02
  76  1.749230e+01    3.49e-04    1.09e+01   4.35e+00   5.80e-01  1.02e+06        1    4.35e-04    3.41e-02
  77  1.749195e+01    3.48e-04    1.09e+01   4.34e+00   5.80e-01  1.02e+06        1    4.39e-04    3.46e-02
  78  1.749160e+01    3.47e-04    1.09e+01   4.34e+00   5.80e-01  1.02e+06        1    4.27e-04    3.50e-02
  79  1.749126e+01    3.46e-04    1.09e+01   4.34e+00   5.80e-01  1.03e+06        1    4.34e-04    3.55e-02
  80  1.749091e+01    3.45e-04    1.09e+01   4.34e+00   5.80e-01  1.03e+06        1    4.31e-04    3.59e-02
  81  1.749057e+01    3.44e-04    1.09e+01   4.34e+00   5.80e-01  1.04e+06        1    4.27e-04    3.63e-02
  82  1.749023e+01    3.43e-04    1.10e+01   4.34e+00   5.80e-01  1.04e+06        1    4.37e-04    3.68e-02
  83  1.748988e+01    3.42e-04    1.10e+01   4.34e+00   5.80e-01  1.05e+06        1    4.27e-04    3.72e-02
  84  1.748954e+01    3.41e-04    1.10e+01   4.34e+00   5.80e-01  1.05e+06        1    4.37e-04    3.77e-02
  85  1.748920e+01    3.40e-04    1.10e+01   4.34e+00   5.80e-01  1.05e+06        1    4.27e-04    3.81e-02
  86  1.748886e+01    3.39e-04    1.10e+01   4.34e+00   5.80e-01  1.06e+06        1    4.38e-04    3.86e-02
  87  1.748853e+01    3.38e-04    1.10e+01   4.34e+00   5.80e-01  1.06e+06        1    4.27e-04    3.90e-02
  88  1.748819e+01    3.37e-04    1.10e+01   4.34e+00   5.80e-01  1.07e+06        1    4.33e-04    3.94e-02
  89  1.748785e+01    3.36e-04    1.11e+01   4.34e+00   5.80e-01  1.07e+06        1    4.31e-04    3.99e-02
  90  1.748752e+01    3.35e-04    1.11e+01   4.33e+00   5.80e-01  1.08e+06        1    4.27e-04    4.03e-02
  91  1.748719e+01    3.34e-04    1.11e+01   4.33e+00   5.80e-01  1.08e+06        1    4.36e-04    4.08e-02
  92  1.748685e+01    3.33e-04    1.11e+01   4.33e+00   5.80e-01  1.09e+06        1    4.26e-04    4.12e-02
  93  1.748652e+01    3.32e-04    1.11e+01   4.33e+00   5.80e-01  1.09e+06        1    4.42e-04    4.16e-02
  94  1.748619e+01    3.31e-04    1.11e+01   4.33e+00   5.80e-01  1.09e+06        1    4.30e-04    4.21e-02
  95  1.748586e+01    3.30e-04    1.11e+01   4.33e+00   5.80e-01  1.10e+06        1    4.39e-04    4.25e-02
  96  1.748553e+01    3.29e-04    1.12e+01   4.33e+00   5.80e-01  1.10e+06        1    4.31e-04    4.30e-02
  97  1.748520e+01    3.28e-04    1.12e+01   4.33e+00   5.80e-01  1.11e+06        1    4.34e-04    4.34e-02
  98  1.748487e+01    3.27e-04    1.12e+01   4.33e+00   5.80e-01  1.11e+06        1    4.31e-04    4.39e-02
  99  1.748455e+01    3.26e-04    1.12e+01   4.33e+00   5.80e-01  1.12e+06        1    4.26e-04    4.43e-02
 100  1.748422e+01    3.25e-04    1.12e+01   4.33e+00   5.80e-01  1.12e+06        1    4.39e-04    4.47e-02


Bundle adjustment report
------------------------
    Residuals : 316
   Parameters : 248
   Iterations : 101
         Time : 0.0447671 [s]
 Initial cost : 0.23546 [px]
   Final cost : 0.235223 [px]
  Termination : No convergence

  => Completed observations: 0
  => Merged observations: 0
  => Filtered observations: 0
  => Changed observations: 0.000000
  => Filtered images: 0

==============================================================================
Registering image #7 (3)
==============================================================================

  => Image sees 30 / 280 points
  => Could not register, trying another image.

==============================================================================
Finding good initial image pair
==============================================================================


==============================================================================
Initializing with image pair #2 and #7
==============================================================================


==============================================================================
Global bundle adjustment
==============================================================================

iter      cost      cost_change  |gradient|   |step|    tr_ratio  tr_radius  ls_iter  iter_time  total_time
   0  4.339265e+01    0.00e+00    3.17e+03   0.00e+00   0.00e+00  1.00e+04        0    1.62e-04    3.48e-04
   1  1.408243e+02   -9.74e+01    3.17e+03   6.66e+01  -5.57e+00  5.00e+03        1    1.12e-04    4.77e-04
   2  1.398265e+02   -9.64e+01    3.17e+03   5.61e+01  -5.87e+00  1.25e+03        1    8.01e-05    5.69e-04
   3  7.380769e+01   -3.04e+01    3.17e+03   3.57e+01  -2.15e+00  1.56e+02        1    7.99e-05    6.59e-04
   4  3.562860e+01    7.76e+00    1.51e+03   9.86e+00   9.39e-01  4.69e+02        1    2.56e-04    9.25e-04
   5  3.301296e+01    2.62e+00    1.93e+03   1.58e+01   5.64e-01  4.70e+02        1    2.23e-04    1.16e-03
   6  3.016361e+01    2.85e+00    1.17e+02   7.90e+00   9.99e-01  1.41e+03        1    2.20e-04    1.39e-03
   7  2.870195e+01    1.46e+00    8.90e+01   9.56e+00   9.89e-01  4.23e+03        1    2.19e-04    1.62e-03
   8  2.644344e+01    2.26e+00    2.61e+02   1.73e+01   9.27e-01  1.12e+04        1    2.34e-04    1.86e-03
   9  2.849864e+01   -2.06e+00    2.61e+02   3.30e+01  -7.03e-01  5.61e+03        1    8.61e-05    1.96e-03
  10  2.500834e+01    1.44e+00    9.51e+02   1.72e+01   7.39e-01  6.30e+03        1    2.15e-04    2.18e-03
  11  2.413728e+01    8.71e-01    1.50e+03   1.53e+01   4.76e-01  6.30e+03        1    2.20e-04    2.41e-03
  12  2.374034e+01    3.97e-01    1.89e+03   1.52e+01   2.10e-01  5.27e+03        1    2.20e-04    2.64e-03
  13  2.269083e+01    1.05e+00    1.56e+03   1.34e+01   4.88e-01  5.27e+03        1    2.32e-04    2.89e-03
  14  2.213558e+01    5.55e-01    1.46e+03   1.32e+01   3.38e-01  5.09e+03        1    2.20e-04    3.11e-03
  15  2.139108e+01    7.44e-01    1.29e+03   1.15e+01   4.95e-01  5.09e+03        1    2.19e-04    3.34e-03
  16  2.073846e+01    6.53e-01    1.03e+03   9.92e+00   6.11e-01  5.15e+03        1    2.20e-04    3.57e-03
  17  2.027203e+01    4.66e-01    6.93e+02   8.63e+00   7.37e-01  5.77e+03        1    2.27e-04    3.81e-03
  18  2.000394e+01    2.68e-01    4.72e+02   8.79e+00   7.96e-01  7.27e+03        1    2.24e-04    4.04e-03
  19  1.980477e+01    1.99e-01    3.26e+02   1.06e+01   8.71e-01  1.23e+04        1    2.20e-04    4.27e-03
  20  1.958578e+01    2.19e-01    2.82e+02   1.74e+01   8.99e-01  2.49e+04        1    2.19e-04    4.50e-03
  21  1.928572e+01    3.00e-01    4.68e+02   3.33e+01   7.68e-01  2.94e+04        1    2.20e-04    4.73e-03
  22  1.895507e+01    3.31e-01    4.60e+02   3.65e+01   7.00e-01  3.14e+04        1    2.57e-04    5.00e-03
  23  1.861651e+01    3.39e-01    4.87e+02   3.61e+01   6.77e-01  3.29e+04        1    2.21e-04    5.23e-03
  24  1.828745e+01    3.29e-01    5.30e+02   3.49e+01   6.73e-01  3.43e+04        1    2.20e-04    5.46e-03
  25  1.798627e+01    3.01e-01    5.72e+02   3.35e+01   6.58e-01  3.54e+04        1    2.20e-04    5.69e-03
  26  1.771080e+01    2.75e-01    6.02e+02   3.19e+01   6.53e-01  3.64e+04        1    2.33e-04    5.93e-03
  27  1.746505e+01    2.46e-01    6.25e+02   3.02e+01   6.46e-01  3.74e+04        1    2.20e-04    6.16e-03
  28  1.724855e+01    2.17e-01    6.39e+02   2.84e+01   6.41e-01  3.82e+04        1    2.19e-04    6.39e-03
  29  1.706031e+01    1.88e-01    6.40e+02   2.66e+01   6.38e-01  3.90e+04        1    2.20e-04    6.62e-03
  30  1.689881e+01    1.61e-01    6.39e+02   2.47e+01   6.39e-01  3.99e+04        1    2.37e-04    6.87e-03
  31  1.676204e+01    1.37e-01    7.00e+02   2.28e+01   6.44e-01  4.09e+04        1    2.20e-04    7.10e-03
  32  1.664780e+01    1.14e-01    7.22e+02   2.09e+01   6.55e-01  4.21e+04        1    2.20e-04    7.33e-03
  33  1.655353e+01    9.43e-02    7.15e+02   1.90e+01   6.68e-01  4.38e+04        1    2.19e-04    7.56e-03
  34  1.647631e+01    7.72e-02    6.90e+02   1.72e+01   6.83e-01  4.61e+04        1    2.28e-04    7.80e-03
  35  1.641283e+01    6.35e-02    6.61e+02   1.55e+01   6.98e-01  4.91e+04        1    2.25e-04    8.03e-03
  36  1.635971e+01    5.31e-02    6.38e+02   1.41e+01   7.11e-01  5.31e+04        1    2.20e-04    8.26e-03
  37  1.631363e+01    4.61e-02    6.30e+02   1.29e+01   7.21e-01  5.81e+04        1    2.19e-04    8.49e-03
  38  1.627146e+01    4.22e-02    6.44e+02   1.20e+01   7.28e-01  6.43e+04        1    2.20e-04    8.72e-03
  39  1.623006e+01    4.14e-02    6.86e+02   1.16e+01   7.31e-01  7.13e+04        1    2.55e-04    8.98e-03
  40  1.618592e+01    4.41e-02    7.69e+02   1.19e+01   7.26e-01  7.85e+04        1    2.23e-04    9.22e-03
  41  1.613512e+01    5.08e-02    9.14e+02   1.28e+01   6.93e-01  8.33e+04        1    2.20e-04    9.45e-03
  42  1.607830e+01    5.68e-02    1.16e+03   1.46e+01   5.62e-01  8.35e+04        1    2.20e-04    9.68e-03
  43  1.606527e+01    1.30e-02    1.65e+03   1.70e+01   7.88e-02  5.23e+04        1    2.35e-04    9.92e-03
  44  1.599346e+01    7.18e-02    1.42e+03   1.38e+01   2.30e-01  4.51e+04        1    2.22e-04    1.02e-02
  45  1.662962e+01   -6.36e-01    1.42e+03   1.39e+01  -1.34e+00  2.26e+04        1    8.51e-05    1.02e-02
  46  1.575372e+01    2.40e-01    8.27e+02   6.40e+00   6.08e-01  2.28e+04        1    2.15e-04    1.05e-02
  47  1.598763e+01   -2.34e-01    8.27e+02   6.69e+00  -6.56e-01  1.14e+04        1    8.49e-05    1.06e-02
  48  1.553515e+01    2.19e-01    4.85e+02   2.55e+00   7.81e-01  1.39e+04        1    2.49e-04    1.08e-02
  49  1.556394e+01   -2.88e-02    4.85e+02   3.11e+00  -1.26e-01  6.93e+03        1    9.39e-05    1.09e-02
  50  1.539570e+01    1.39e-01    2.73e+02   1.03e+00   8.81e-01  1.25e+04        1    2.25e-04    1.12e-02
  51  1.547902e+01   -8.33e-02    2.73e+02   2.16e+00  -4.42e-01  6.23e+03        1    7.89e-05    1.13e-02
  52  1.530101e+01    9.47e-02    2.62e+02   7.16e-01   8.35e-01  8.91e+03        1    2.17e-04    1.15e-02
  53  1.524521e+01    5.58e-02    5.67e+02   8.80e-01   3.48e-01  8.66e+03        1    2.19e-04    1.17e-02
  54  1.509744e+01    1.48e-01    6.09e+02   1.40e+00   5.66e-01  8.69e+03        1    2.33e-04    1.20e-02
  55  1.493894e+01    1.58e-01    6.25e+02   2.41e+00   5.85e-01  8.73e+03        1    2.20e-04    1.22e-02
  56  1.477099e+01    1.68e-01    5.87e+02   3.23e+00   6.38e-01  8.92e+03        1    2.20e-04    1.24e-02
  57  1.461227e+01    1.59e-01    5.26e+02   3.75e+00   6.76e-01  9.32e+03        1    2.19e-04    1.26e-02
  58  1.446901e+01    1.43e-01    4.63e+02   4.07e+00   7.02e-01  9.97e+03        1    2.44e-04    1.29e-02
  59  1.434018e+01    1.29e-01    4.01e+02   4.25e+00   7.21e-01  1.09e+04        1    2.21e-04    1.31e-02
  60  1.422330e+01    1.17e-01    3.41e+02   4.36e+00   7.36e-01  1.22e+04        1    2.20e-04    1.34e-02
  61  1.411566e+01    1.08e-01    2.91e+02   4.45e+00   7.49e-01  1.39e+04        1    2.20e-04    1.36e-02
  62  1.401492e+01    1.01e-01    2.55e+02   4.57e+00   7.59e-01  1.62e+04        1    2.28e-04    1.38e-02
  63  1.391895e+01    9.60e-02    2.21e+02   4.75e+00   7.67e-01  1.91e+04        1    2.24e-04    1.41e-02
  64  1.382600e+01    9.29e-02    1.90e+02   5.05e+00   7.73e-01  2.28e+04        1    2.20e-04    1.43e-02
  65  1.373471e+01    9.13e-02    1.81e+02   5.46e+00   7.77e-01  2.74e+04        1    2.19e-04    1.45e-02
  66  1.364434e+01    9.04e-02    1.79e+02   5.97e+00   7.79e-01  3.32e+04        1    2.21e-04    1.47e-02
  67  1.355487e+01    8.95e-02    1.88e+02   6.51e+00   7.80e-01  4.03e+04        1    2.24e-04    1.50e-02
  68  1.346712e+01    8.77e-02    2.87e+02   7.00e+00   7.79e-01  4.88e+04        1    2.19e-04    1.52e-02
  69  1.338250e+01    8.46e-02    3.75e+02   7.38e+00   7.78e-01  5.88e+04        1    2.20e-04    1.54e-02
  70  1.330275e+01    7.98e-02    4.42e+02   7.58e+00   7.77e-01  7.09e+04        1    2.20e-04    1.57e-02
  71  1.322951e+01    7.32e-02    4.76e+02   7.61e+00   7.78e-01  8.56e+04        1    2.34e-04    1.59e-02
  72  1.316419e+01    6.53e-02    4.73e+02   7.48e+00   7.80e-01  1.04e+05        1    2.20e-04    1.61e-02
  73  1.310771e+01    5.65e-02    4.32e+02   7.25e+00   7.85e-01  1.27e+05        1    2.20e-04    1.64e-02
  74  1.306064e+01    4.71e-02    3.54e+02   6.93e+00   7.90e-01  1.58e+05        1    2.19e-04    1.66e-02
  75  1.302311e+01    3.75e-02    2.44e+02   6.54e+00   7.97e-01  2.00e+05        1    2.27e-04    1.68e-02
  76  1.299493e+01    2.82e-02    1.80e+02   6.06e+00   8.04e-01  2.58e+05        1    2.54e-04    6.05e-02
  77  1.297553e+01    1.94e-02    1.49e+02   5.49e+00   8.06e-01  3.35e+05        1    3.00e-04    6.08e-02
  78  1.296403e+01    1.15e-02    2.10e+02   4.97e+00   7.71e-01  3.99e+05        1    3.74e-04    6.12e-02
  79  1.295839e+01    5.64e-03    3.30e+02   4.71e+00   6.67e-01  4.14e+05        1    2.56e-04    6.15e-02
  80  1.295528e+01    3.12e-03    3.33e+02   4.68e+00   5.97e-01  4.17e+05        1    2.21e-04    6.17e-02
  81  1.295340e+01    1.88e-03    3.09e+02   4.87e+00   5.28e-01  4.17e+05        1    2.31e-04    6.20e-02
  82  1.295205e+01    1.34e-03    2.87e+02   5.04e+00   4.82e-01  4.17e+05        1    2.28e-04    6.22e-02
  83  1.295095e+01    1.10e-03    2.71e+02   5.16e+00   4.57e-01  4.17e+05        1    2.19e-04    6.24e-02
  84  1.294995e+01    9.96e-04    2.60e+02   5.22e+00   4.50e-01  4.17e+05        1    2.20e-04    6.27e-02
  85  1.294901e+01    9.44e-04    2.52e+02   5.24e+00   4.50e-01  4.16e+05        1    2.27e-04    6.29e-02
  86  1.294810e+01    9.12e-04    2.45e+02   5.24e+00   4.54e-01  4.16e+05        1    2.24e-04    6.31e-02
  87  1.294721e+01    8.89e-04    2.41e+02   5.23e+00   4.58e-01  4.16e+05        1    2.20e-04    6.34e-02
  88  1.294634e+01    8.71e-04    2.37e+02   5.20e+00   4.62e-01  4.15e+05        1    2.19e-04    6.36e-02
  89  1.294548e+01    8.55e-04    2.33e+02   5.18e+00   4.67e-01  4.15e+05        1    2.28e-04    6.38e-02
  90  1.294464e+01    8.40e-04    2.30e+02   5.15e+00   4.71e-01  4.15e+05        1    2.20e-04    6.41e-02
  91  1.294382e+01    8.27e-04    2.28e+02   5.12e+00   4.76e-01  4.15e+05        1    2.24e-04    6.43e-02
  92  1.294300e+01    8.14e-04    2.25e+02   5.09e+00   4.80e-01  4.15e+05        1    2.20e-04    6.45e-02
  93  1.294220e+01    8.02e-04    2.23e+02   5.05e+00   4.84e-01  4.15e+05        1    2.30e-04    6.48e-02
  94  1.294141e+01    7.90e-04    2.21e+02   5.02e+00   4.89e-01  4.15e+05        1    2.20e-04    6.50e-02
  95  1.294063e+01    7.79e-04    2.18e+02   4.99e+00   4.93e-01  4.15e+05        1    2.24e-04    6.52e-02
  96  1.293986e+01    7.68e-04    2.16e+02   4.96e+00   4.97e-01  4.15e+05        1    2.20e-04    6.55e-02
  97  1.293911e+01    7.57e-04    2.14e+02   4.93e+00   5.01e-01  4.15e+05        1    2.19e-04    6.57e-02
  98  1.293836e+01    7.47e-04    2.12e+02   4.90e+00   5.06e-01  4.15e+05        1    2.27e-04    6.59e-02
  99  1.293762e+01    7.37e-04    2.10e+02   4.87e+00   5.10e-01  4.15e+05        1    2.54e-04    6.62e-02
 100  1.293690e+01    7.27e-04    2.08e+02   4.84e+00   5.14e-01  4.15e+05        1    3.73e-04    6.66e-02


Bundle adjustment report
------------------------
    Residuals : 160
   Parameters : 131
   Iterations : 101
         Time : 0.0666349 [s]
 Initial cost : 0.520773 [px]
   Final cost : 0.284351 [px]
  Termination : No convergence

  => Filtered observations: 0
  => Filtered images: 0

==============================================================================
Finding good initial image pair
==============================================================================


==============================================================================
Initializing with image pair #12 and #7
==============================================================================


==============================================================================
Global bundle adjustment
==============================================================================

iter      cost      cost_change  |gradient|   |step|    tr_ratio  tr_radius  ls_iter  iter_time  total_time
   0  2.748714e+01    0.00e+00    1.26e+02   0.00e+00   0.00e+00  1.00e+04        0    1.92e-04    3.85e-04
   1  2.420100e+02   -2.15e+02    1.26e+02   3.68e+01  -2.61e+01  5.00e+03        1    1.22e-04    5.27e-04
   2  1.144194e+02   -8.69e+01    1.26e+02   2.57e+01  -1.17e+01  1.25e+03        1    9.42e-05    6.33e-04
   3  2.781187e+01   -3.25e-01    1.26e+02   9.25e+00  -7.43e-02  1.56e+02        1    8.70e-05    7.30e-04
   4  2.652891e+01    9.58e-01    3.95e+01   1.08e+00   9.94e-01  4.69e+02        1    2.30e-04    9.71e-04
   5  2.479772e+01    1.73e+00    1.56e+02   3.49e+00   9.06e-01  1.00e+03        1    2.35e-04    1.22e-03
   6  2.329094e+01    1.51e+00    4.00e+02   6.67e+00   5.76e-01  1.01e+03        1    2.44e-04    1.47e-03
   7  2.116015e+01    2.13e+00    2.59e+02   5.30e+00   8.48e-01  1.52e+03        1    2.41e-04    1.72e-03
   8  2.011359e+01    1.05e+00    3.58e+02   6.50e+00   6.78e-01  1.59e+03        1    2.35e-04    1.97e-03
   9  1.911944e+01    9.94e-01    2.33e+02   5.42e+00   8.53e-01  2.45e+03        1    2.35e-04    2.21e-03
  10  1.862359e+01    4.96e-01    2.90e+02   6.61e+00   7.16e-01  2.66e+03        1    2.43e-04    2.46e-03
  11  1.820124e+01    4.22e-01    1.75e+02   5.60e+00   8.75e-01  4.60e+03        1    2.40e-04    2.71e-03
  12  1.799569e+01    2.06e-01    2.05e+02   7.13e+00   7.62e-01  5.38e+03        1    2.34e-04    2.95e-03
  13  1.784302e+01    1.53e-01    1.03e+02   6.13e+00   9.23e-01  1.36e+04        1    2.35e-04    3.20e-03
  14  1.777176e+01    7.13e-02    1.02e+02   9.62e+00   8.78e-01  2.40e+04        1    2.42e-04    3.45e-03
  15  1.773056e+01    4.12e-02    4.90e+01   1.12e+01   9.56e-01  7.20e+04        1    2.40e-04    3.70e-03
  16  1.773094e+01   -3.79e-04    4.90e+01   2.08e+01  -1.27e-02  3.60e+04        1    9.01e-05    3.80e-03
  17  1.771340e+01    1.72e-02    6.65e+01   1.22e+01   8.34e-01  5.13e+04        1    2.29e-04    4.04e-03
  18  1.770291e+01    1.05e-02    8.13e+01   1.21e+01   7.19e-01  5.60e+04        1    2.34e-04    4.28e-03
  19  1.769519e+01    7.72e-03    4.54e+01   8.57e+00   8.65e-01  9.17e+04        1    2.42e-04    4.53e-03
  20  1.769225e+01    2.93e-03    4.44e+01   7.92e+00   7.30e-01  1.02e+05        1    2.39e-04    4.78e-03
  21  1.769065e+01    1.60e-03    1.42e+01   4.17e+00   9.50e-01  3.05e+05        1    2.35e-04    5.03e-03
  22  1.769042e+01    2.37e-04    2.01e+01   4.19e+00   6.15e-01  3.09e+05        1    2.34e-04    5.27e-03
  23  1.769025e+01    1.64e-04    1.49e+00   9.11e-01   9.45e-01  9.26e+05        1    2.43e-04    5.52e-03
  24  1.769025e+01    2.51e-06    1.27e+01   3.50e+00   2.24e-02  4.95e+05        1    2.41e-04    5.77e-03
  25  1.769010e+01    1.49e-04    1.14e+00   7.68e-01   8.95e-01  9.76e+05        1    2.35e-04    6.02e-03
  26  1.769010e+01   -3.64e-06    1.14e+00   3.62e+00  -2.96e-02  4.88e+05        1    8.89e-05    6.12e-03
  27  1.769005e+01    4.69e-05    4.26e+00   2.09e+00   6.72e-01  5.09e+05        1    2.37e-04    6.36e-03
  28  1.768999e+01    6.30e-05    1.21e+00   8.64e-01   7.97e-01  6.44e+05        1    2.40e-04    6.61e-03
  29  1.768994e+01    4.84e-05    6.23e+00   2.56e+00   5.62e-01  6.45e+05        1    2.36e-04    6.86e-03
  30  1.768985e+01    8.65e-05    1.97e+00   1.17e+00   7.75e-01  7.75e+05        1    2.35e-04    7.10e-03
  31  1.768982e+01    3.82e-05    9.23e+00   3.10e+00   3.42e-01  7.51e+05        1    2.42e-04    7.35e-03
  32  1.768970e+01    1.18e-04    2.72e+00   1.28e+00   7.28e-01  8.30e+05        1    2.42e-04    7.60e-03
  33  1.768968e+01    1.68e-05    1.24e+01   3.55e+00   1.20e-01  5.77e+05        1    2.35e-04    7.85e-03
  34  1.768953e+01    1.47e-04    2.96e+00   6.18e-01   7.50e-01  6.60e+05        1    2.34e-04    8.09e-03
  35  1.768951e+01    2.59e-05    1.03e+01   3.21e+00   2.09e-01  5.52e+05        1    2.42e-04    8.34e-03
  36  1.768940e+01    1.09e-04    3.24e+00   5.11e-01   6.54e-01  5.69e+05        1    2.35e-04    8.58e-03
  37  1.768937e+01    3.26e-05    9.01e+00   3.02e+00   2.67e-01  5.16e+05        1    2.34e-04    8.83e-03
  38  1.768927e+01    9.32e-05    3.09e+00   4.58e-01   6.16e-01  5.23e+05        1    2.35e-04    9.08e-03
  39  1.768924e+01    3.63e-05    8.05e+00   2.86e+00   3.13e-01  4.97e+05        1    2.34e-04    9.32e-03
  40  1.768915e+01    8.48e-05    2.81e+00   4.50e-01   6.16e-01  5.03e+05        1    2.35e-04    9.57e-03
  41  1.768911e+01    3.92e-05    7.31e+00   2.72e+00   3.62e-01  4.93e+05        1    2.38e-04    9.82e-03
  42  1.768903e+01    8.00e-05    2.52e+00   4.78e-01   6.33e-01  5.03e+05        1    2.34e-04    1.01e-02
  43  1.768899e+01    4.13e-05    6.88e+00   2.63e+00   4.04e-01  4.99e+05        1    2.35e-04    1.03e-02
  44  1.768891e+01    7.85e-05    2.29e+00   5.36e-01   6.57e-01  5.15e+05        1    2.41e-04    1.06e-02
  45  1.768887e+01    4.27e-05    6.78e+00   2.61e+00   4.30e-01  5.14e+05        1    2.39e-04    1.08e-02
  46  1.768879e+01    7.98e-05    2.17e+00   6.07e-01   6.77e-01  5.38e+05        1    2.34e-04    1.10e-02
  47  1.768875e+01    4.33e-05    7.01e+00   2.65e+00   4.32e-01  5.36e+05        1    2.34e-04    1.13e-02
  48  1.768866e+01    8.39e-05    2.17e+00   6.77e-01   6.87e-01  5.66e+05        1    2.42e-04    1.15e-02
  49  1.768862e+01    4.25e-05    7.57e+00   2.75e+00   4.06e-01  5.62e+05        1    2.39e-04    1.18e-02
  50  1.768853e+01    9.05e-05    2.33e+00   7.27e-01   6.86e-01  5.93e+05        1    2.35e-04    1.20e-02
  51  1.768849e+01    3.99e-05    8.39e+00   2.89e+00   3.55e-01  5.78e+05        1    2.35e-04    1.23e-02
  52  1.768839e+01    9.84e-05    2.63e+00   7.23e-01   6.75e-01  6.04e+05        1    2.42e-04    1.25e-02
  53  1.768836e+01    3.61e-05    9.14e+00   3.01e+00   2.99e-01  5.68e+05        1    2.38e-04    1.28e-02
  54  1.768825e+01    1.04e-04    2.91e+00   6.45e-01   6.63e-01  5.88e+05        1    2.34e-04    1.30e-02
  55  1.768822e+01    3.45e-05    9.29e+00   3.03e+00   2.77e-01  5.40e+05        1    2.34e-04    1.33e-02
  56  1.768811e+01    1.04e-04    2.99e+00   5.57e-01   6.50e-01  5.55e+05        1    2.46e-04    1.35e-02
  57  1.768808e+01    3.63e-05    8.78e+00   2.95e+00   2.95e-01  5.20e+05        1    2.40e-04    1.38e-02
  58  1.768798e+01    9.83e-05    2.88e+00   5.24e-01   6.42e-01  5.32e+05        1    2.34e-04    1.40e-02
  59  1.768794e+01    3.89e-05    8.20e+00   2.85e+00   3.28e-01  5.11e+05        1    2.33e-04    1.43e-02
  60  1.768785e+01    9.34e-05    2.69e+00   5.35e-01   6.47e-01  5.24e+05        1    2.45e-04    1.45e-02
  61  1.768781e+01    4.09e-05    7.80e+00   2.78e+00   3.59e-01  5.13e+05        1    2.40e-04    1.48e-02
  62  1.768772e+01    9.13e-05    2.50e+00   5.74e-01   6.59e-01  5.30e+05        1    2.34e-04    1.50e-02
  63  1.768767e+01    4.22e-05    7.68e+00   2.75e+00   3.78e-01  5.22e+05        1    2.35e-04    1.52e-02
  64  1.768758e+01    9.19e-05    2.39e+00   6.27e-01   6.72e-01  5.44e+05        1    2.43e-04    1.55e-02
  65  1.768754e+01    4.25e-05    7.83e+00   2.77e+00   3.79e-01  5.37e+05        1    2.41e-04    1.57e-02
  66  1.768744e+01    9.52e-05    2.36e+00   6.80e-01   6.81e-01  5.64e+05        1    2.35e-04    1.60e-02
  67  1.768740e+01    4.16e-05    8.23e+00   2.84e+00   3.61e-01  5.52e+05        1    2.35e-04    1.62e-02
  68  1.768730e+01    1.00e-04    2.44e+00   7.14e-01   6.83e-01  5.80e+05        1    2.46e-04    1.65e-02
  69  1.768726e+01    3.96e-05    8.75e+00   2.92e+00   3.29e-01  5.58e+05        1    2.41e-04    1.67e-02
  70  1.768716e+01    1.06e-04    2.59e+00   7.10e-01   6.81e-01  5.86e+05        1    2.35e-04    1.70e-02
  71  1.768712e+01    3.76e-05    9.14e+00   2.98e+00   3.01e-01  5.51e+05        1    2.34e-04    1.72e-02
  72  1.768701e+01    1.10e-04    2.72e+00   6.70e-01   6.77e-01  5.76e+05        1    2.44e-04    1.75e-02
  73  1.768697e+01    3.72e-05    9.17e+00   2.98e+00   2.93e-01  5.38e+05        1    2.38e-04    1.77e-02
  74  1.768686e+01    1.10e-04    2.75e+00   6.32e-01   6.72e-01  5.61e+05        1    2.35e-04    1.80e-02
  75  1.768682e+01    3.83e-05    8.92e+00   2.94e+00   3.04e-01  5.29e+05        1    2.35e-04    1.82e-02
  76  1.768672e+01    1.07e-04    2.68e+00   6.20e-01   6.70e-01  5.51e+05        1    2.43e-04    1.85e-02
  77  1.768668e+01    3.98e-05    8.65e+00   2.90e+00   3.21e-01  5.26e+05        1    2.39e-04    1.87e-02
  78  1.768657e+01    1.05e-04    2.58e+00   6.34e-01   6.73e-01  5.49e+05        1    2.34e-04    1.90e-02
  79  1.768653e+01    4.08e-05    8.52e+00   2.87e+00   3.33e-01  5.29e+05        1    2.34e-04    1.92e-02
  80  1.768642e+01    1.05e-04    2.50e+00   6.64e-01   6.80e-01  5.55e+05        1    2.51e-04    1.95e-02
  81  1.768638e+01    4.11e-05    8.57e+00   2.87e+00   3.35e-01  5.36e+05        1    2.39e-04    1.97e-02
  82  1.768628e+01    1.07e-04    2.45e+00   6.96e-01   6.86e-01  5.65e+05        1    2.34e-04    2.00e-02
  83  1.768624e+01    4.07e-05    8.76e+00   2.90e+00   3.27e-01  5.42e+05        1    2.34e-04    2.02e-02
  84  1.768612e+01    1.11e-04    2.45e+00   7.20e-01   6.90e-01  5.74e+05        1    2.46e-04    2.05e-02
  85  1.768609e+01    3.97e-05    9.02e+00   2.94e+00   3.12e-01  5.45e+05        1    2.42e-04    2.07e-02
  86  1.768597e+01    1.14e-04    2.48e+00   7.26e-01   6.93e-01  5.78e+05        1    2.34e-04    2.10e-02
  87  1.768593e+01    3.87e-05    9.22e+00   2.97e+00   3.00e-01  5.43e+05        1    2.34e-04    2.12e-02
  88  1.768582e+01    1.17e-04    2.52e+00   7.19e-01   6.94e-01  5.77e+05        1    2.46e-04    2.14e-02
  89  1.768578e+01    3.84e-05    9.28e+00   2.97e+00   2.94e-01  5.39e+05        1    2.39e-04    2.17e-02
  90  1.768566e+01    1.18e-04    2.52e+00   7.10e-01   6.94e-01  5.73e+05        1    2.36e-04    2.19e-02
  91  1.768562e+01    3.88e-05    9.24e+00   2.96e+00   2.96e-01  5.36e+05        1    2.35e-04    2.22e-02
  92  1.768550e+01    1.18e-04    2.49e+00   7.11e-01   6.95e-01  5.70e+05        1    2.41e-04    2.24e-02
  93  1.768546e+01    3.92e-05    9.19e+00   2.95e+00   3.00e-01  5.36e+05        1    2.39e-04    2.27e-02
  94  1.768534e+01    1.19e-04    2.45e+00   7.22e-01   6.97e-01  5.71e+05        1    2.34e-04    2.29e-02
  95  1.768530e+01    3.95e-05    9.20e+00   2.95e+00   3.01e-01  5.37e+05        1    2.34e-04    2.32e-02
  96  1.768518e+01    1.20e-04    2.40e+00   7.38e-01   7.01e-01  5.74e+05        1    2.41e-04    2.34e-02
  97  1.768514e+01    3.93e-05    9.28e+00   2.96e+00   2.98e-01  5.39e+05        1    2.41e-04    2.37e-02
  98  1.768502e+01    1.22e-04    2.37e+00   7.53e-01   7.05e-01  5.79e+05        1    2.35e-04    2.39e-02
  99  1.768498e+01    3.89e-05    9.39e+00   2.97e+00   2.92e-01  5.40e+05        1    2.34e-04    2.42e-02
 100  1.768486e+01    1.24e-04    2.35e+00   7.63e-01   7.08e-01  5.82e+05        1    2.42e-04    2.44e-02


Bundle adjustment report
------------------------
    Residuals : 172
   Parameters : 140
   Iterations : 101
         Time : 0.0244339 [s]
 Initial cost : 0.399761 [px]
   Final cost : 0.320654 [px]
  Termination : No convergence

  => Filtered observations: 0
  => Filtered images: 0

==============================================================================
Finding good initial image pair
==============================================================================


==============================================================================
Initializing with image pair #12 and #1
==============================================================================


==============================================================================
Global bundle adjustment
==============================================================================

iter      cost      cost_change  |gradient|   |step|    tr_ratio  tr_radius  ls_iter  iter_time  total_time
   0  1.856500e+02    0.00e+00    3.33e+03   0.00e+00   0.00e+00  1.00e+04        0    1.25e-04    2.86e-04
   1  1.466991e+03   -1.28e+03    3.33e+03   1.82e+02  -9.19e+00  5.00e+03        1    9.11e-05    3.95e-04
   2  2.512631e+02   -6.56e+01    3.33e+03   1.24e+02  -5.04e-01  1.25e+03        1    5.79e-05    4.64e-04
   3  1.065865e+02    7.91e+01    3.58e+03   7.48e+01   6.73e-01  1.30e+03        1    1.70e-04    6.43e-04
   4  5.737699e+01    4.92e+01    1.58e+03   3.49e+01   9.15e-01  3.05e+03        1    1.66e-04    8.19e-04
   5  6.256974e+01   -5.19e+00    1.58e+03   5.58e+01  -3.19e-01  1.53e+03        1    6.51e-05    8.93e-04
   6  4.739255e+01    9.98e+00    9.78e+02   2.98e+01   8.44e-01  2.27e+03        1    1.83e-04    1.09e-03
   7  4.548417e+01    1.91e+00    2.51e+03   3.95e+01   2.13e-01  1.91e+03        1    1.67e-04    1.26e-03
   8  3.761513e+01    7.87e+00    1.92e+03   2.91e+01   6.82e-01  2.00e+03        1    1.70e-04    1.44e-03
   9  3.346743e+01    4.15e+00    1.88e+03   2.86e+01   5.68e-01  2.01e+03        1    1.66e-04    1.62e-03
  10  2.974296e+01    3.72e+00    1.69e+03   2.51e+01   6.23e-01  2.04e+03        1    1.65e-04    1.79e-03
  11  2.683602e+01    2.91e+00    1.48e+03   2.17e+01   6.56e-01  2.10e+03        1    1.66e-04    1.97e-03
  12  2.464736e+01    2.19e+00    1.28e+03   1.84e+01   6.87e-01  2.22e+03        1    1.73e-04    2.15e-03
  13  2.303522e+01    1.61e+00    1.10e+03   1.54e+01   7.14e-01  2.41e+03        1    1.66e-04    2.32e-03
  14  2.185082e+01    1.18e+00    9.40e+02   1.29e+01   7.39e-01  2.70e+03        1    1.80e-04    2.51e-03
  15  2.097225e+01    8.79e-01    7.87e+02   1.10e+01   7.64e-01  3.17e+03        1    1.65e-04    2.69e-03
  16  2.029782e+01    6.74e-01    6.48e+02   9.95e+00   7.88e-01  3.92e+03        1    1.65e-04    2.86e-03
  17  1.973813e+01    5.60e-01    5.36e+02   9.92e+00   8.05e-01  5.07e+03        1    1.74e-04    3.04e-03
  18  1.921472e+01    5.23e-01    4.64e+02   1.11e+01   8.06e-01  6.58e+03        1    1.65e-04    3.22e-03
  19  1.867406e+01    5.41e-01    4.41e+02   1.31e+01   7.89e-01  8.16e+03        1    1.70e-04    3.40e-03
  20  1.809952e+01    5.75e-01    5.44e+02   1.51e+01   7.67e-01  9.63e+03        1    1.76e-04    9.03e-03
  21  1.750246e+01    5.97e-01    6.20e+02   1.66e+01   7.49e-01  1.10e+04        1    1.67e-04    9.22e-03
  22  1.690440e+01    5.98e-01    6.44e+02   1.75e+01   7.41e-01  1.24e+04        1    1.70e-04    9.40e-03
  23  1.633094e+01    5.73e-01    6.23e+02   1.80e+01   7.39e-01  1.39e+04        1    1.66e-04    9.58e-03
  24  1.580361e+01    5.27e-01    5.66e+02   1.81e+01   7.44e-01  1.57e+04        1    1.66e-04    9.75e-03
  25  1.533996e+01    4.64e-01    4.84e+02   1.80e+01   7.54e-01  1.81e+04        1    1.65e-04    9.93e-03
  26  1.495103e+01    3.89e-01    4.24e+02   1.77e+01   7.69e-01  2.14e+04        1    1.78e-04    1.01e-02
  27  1.464269e+01    3.08e-01    3.68e+02   1.72e+01   7.88e-01  2.65e+04        1    1.65e-04    1.03e-02
  28  1.441500e+01    2.28e-01    3.04e+02   1.65e+01   8.08e-01  3.45e+04        1    1.71e-04    1.05e-02
  29  1.426199e+01    1.53e-01    2.33e+02   1.55e+01   8.22e-01  4.72e+04        1    1.66e-04    1.06e-02
  30  1.417043e+01    9.16e-02    1.60e+02   1.39e+01   8.37e-01  6.79e+04        1    1.64e-04    1.08e-02
  31  1.412312e+01    4.73e-02    9.59e+01   1.17e+01   8.59e-01  1.08e+05        1    1.66e-04    1.10e-02
  32  1.410364e+01    1.95e-02    5.28e+01   9.51e+00   8.59e-01  1.70e+05        1    1.73e-04    1.12e-02
  33  1.409769e+01    5.95e-03    3.85e+01   7.83e+00   7.04e-01  1.83e+05        1    1.66e-04    1.14e-02
  34  1.409446e+01    3.23e-03    3.48e+01   5.95e+00   6.51e-01  1.88e+05        1    1.69e-04    1.15e-02
  35  1.409264e+01    1.82e-03    3.89e+01   5.37e+00   4.97e-01  1.88e+05        1    1.66e-04    1.17e-02
  36  1.409084e+01    1.80e-03    4.13e+01   5.14e+00   4.86e-01  1.88e+05        1    1.66e-04    1.19e-02
  37  1.408906e+01    1.78e-03    4.33e+01   5.09e+00   4.71e-01  1.88e+05        1    1.82e-04    1.21e-02
  38  1.408724e+01    1.82e-03    4.49e+01   5.09e+00   4.63e-01  1.88e+05        1    1.66e-04    1.22e-02
  39  1.408539e+01    1.86e-03    4.64e+01   5.12e+00   4.55e-01  1.88e+05        1    1.69e-04    1.24e-02
  40  1.408349e+01    1.90e-03    4.79e+01   5.16e+00   4.48e-01  1.88e+05        1    1.66e-04    1.26e-02
  41  1.408154e+01    1.94e-03    4.93e+01   5.20e+00   4.42e-01  1.87e+05        1    1.65e-04    1.28e-02
  42  1.407955e+01    1.99e-03    5.08e+01   5.24e+00   4.36e-01  1.87e+05        1    1.66e-04    1.29e-02
  43  1.407751e+01    2.04e-03    5.22e+01   5.28e+00   4.30e-01  1.86e+05        1    1.73e-04    1.31e-02
  44  1.407542e+01    2.09e-03    5.36e+01   5.32e+00   4.25e-01  1.86e+05        1    1.66e-04    1.33e-02
  45  1.407328e+01    2.14e-03    5.51e+01   5.35e+00   4.20e-01  1.85e+05        1    1.70e-04    1.35e-02
  46  1.407109e+01    2.19e-03    5.65e+01   5.38e+00   4.16e-01  1.84e+05        1    1.65e-04    1.37e-02
  47  1.406884e+01    2.25e-03    5.79e+01   5.41e+00   4.13e-01  1.83e+05        1    1.65e-04    1.38e-02
  48  1.406654e+01    2.30e-03    5.92e+01   5.44e+00   4.09e-01  1.82e+05        1    1.66e-04    1.40e-02
  49  1.406419e+01    2.35e-03    6.06e+01   5.46e+00   4.07e-01  1.81e+05        1    1.73e-04    1.42e-02
  50  1.406178e+01    2.41e-03    6.19e+01   5.48e+00   4.04e-01  1.80e+05        1    1.65e-04    1.44e-02
  51  1.405932e+01    2.46e-03    6.32e+01   5.49e+00   4.02e-01  1.78e+05        1    1.70e-04    1.45e-02
  52  1.405681e+01    2.52e-03    6.44e+01   5.51e+00   4.00e-01  1.77e+05        1    1.66e-04    1.47e-02
  53  1.405424e+01    2.57e-03    6.57e+01   5.52e+00   3.99e-01  1.75e+05        1    1.66e-04    1.49e-02
  54  1.405161e+01    2.62e-03    6.69e+01   5.53e+00   3.97e-01  1.74e+05        1    1.77e-04    1.51e-02
  55  1.404893e+01    2.68e-03    6.81e+01   5.54e+00   3.96e-01  1.72e+05        1    1.66e-04    1.52e-02
  56  1.404620e+01    2.73e-03    6.94e+01   5.55e+00   3.95e-01  1.71e+05        1    1.73e-04    1.54e-02
  57  1.404341e+01    2.79e-03    7.06e+01   5.55e+00   3.94e-01  1.69e+05        1    1.66e-04    1.56e-02
  58  1.404056e+01    2.85e-03    7.18e+01   5.56e+00   3.94e-01  1.68e+05        1    1.65e-04    1.58e-02
  59  1.403766e+01    2.90e-03    7.30e+01   5.56e+00   3.93e-01  1.66e+05        1    1.66e-04    1.60e-02
  60  1.403470e+01    2.96e-03    7.42e+01   5.56e+00   3.93e-01  1.64e+05        1    1.73e-04    1.61e-02
  61  1.403169e+01    3.02e-03    7.55e+01   5.56e+00   3.92e-01  1.63e+05        1    1.66e-04    1.63e-02
  62  1.402861e+01    3.07e-03    7.67e+01   5.56e+00   3.92e-01  1.61e+05        1    1.70e-04    1.65e-02
  63  1.402548e+01    3.13e-03    7.80e+01   5.56e+00   3.91e-01  1.59e+05        1    1.65e-04    1.67e-02
  64  1.402229e+01    3.19e-03    7.93e+01   5.56e+00   3.91e-01  1.58e+05        1    1.65e-04    1.68e-02
  65  1.401903e+01    3.25e-03    8.05e+01   5.56e+00   3.91e-01  1.56e+05        1    1.65e-04    1.70e-02
  66  1.401572e+01    3.32e-03    8.18e+01   5.56e+00   3.91e-01  1.55e+05        1    1.72e-04    1.72e-02
  67  1.401234e+01    3.38e-03    8.32e+01   5.56e+00   3.91e-01  1.53e+05        1    1.66e-04    1.74e-02
  68  1.400890e+01    3.44e-03    8.45e+01   5.56e+00   3.90e-01  1.51e+05        1    1.68e-04    1.75e-02
  69  1.400539e+01    3.51e-03    8.59e+01   5.55e+00   3.90e-01  1.50e+05        1    1.66e-04    1.77e-02
  70  1.400182e+01    3.57e-03    8.73e+01   5.55e+00   3.90e-01  1.48e+05        1    1.65e-04    1.79e-02
  71  1.399818e+01    3.64e-03    8.87e+01   5.55e+00   3.90e-01  1.47e+05        1    1.72e-04    1.81e-02
  72  1.399447e+01    3.71e-03    9.02e+01   5.54e+00   3.90e-01  1.45e+05        1    1.66e-04    1.83e-02
  73  1.399069e+01    3.78e-03    9.16e+01   5.54e+00   3.90e-01  1.44e+05        1    1.72e-04    1.84e-02
  74  1.398683e+01    3.85e-03    9.32e+01   5.54e+00   3.90e-01  1.42e+05        1    1.66e-04    1.86e-02
  75  1.398291e+01    3.93e-03    9.47e+01   5.53e+00   3.90e-01  1.41e+05        1    1.66e-04    1.88e-02
  76  1.397891e+01    4.00e-03    9.63e+01   5.53e+00   3.90e-01  1.39e+05        1    1.65e-04    1.90e-02
  77  1.397483e+01    4.08e-03    9.79e+01   5.52e+00   3.90e-01  1.38e+05        1    1.73e-04    1.91e-02
  78  1.397068e+01    4.15e-03    9.95e+01   5.52e+00   3.90e-01  1.36e+05        1    1.66e-04    1.93e-02
  79  1.396645e+01    4.23e-03    1.01e+02   5.51e+00   3.90e-01  1.35e+05        1    1.70e-04    1.95e-02
  80  1.396213e+01    4.32e-03    1.03e+02   5.51e+00   3.90e-01  1.33e+05        1    1.66e-04    1.97e-02
  81  1.395773e+01    4.40e-03    1.05e+02   5.50e+00   3.90e-01  1.32e+05        1    1.66e-04    1.98e-02
  82  1.395325e+01    4.48e-03    1.07e+02   5.50e+00   3.90e-01  1.31e+05        1    1.66e-04    2.00e-02
  83  1.394868e+01    4.57e-03    1.08e+02   5.49e+00   3.91e-01  1.29e+05        1    1.73e-04    2.02e-02
  84  1.394401e+01    4.66e-03    1.10e+02   5.48e+00   3.91e-01  1.28e+05        1    1.65e-04    2.04e-02
  85  1.393926e+01    4.75e-03    1.12e+02   5.48e+00   3.91e-01  1.27e+05        1    1.66e-04    2.05e-02
  86  1.393442e+01    4.84e-03    1.14e+02   5.47e+00   3.91e-01  1.25e+05        1    1.66e-04    2.07e-02
  87  1.392948e+01    4.94e-03    1.16e+02   5.46e+00   3.91e-01  1.24e+05        1    1.65e-04    2.09e-02
  88  1.392444e+01    5.04e-03    1.18e+02   5.46e+00   3.91e-01  1.23e+05        1    1.82e-04    2.11e-02
  89  1.391930e+01    5.14e-03    1.20e+02   5.45e+00   3.91e-01  1.21e+05        1    1.66e-04    2.13e-02
  90  1.391407e+01    5.24e-03    1.23e+02   5.44e+00   3.91e-01  1.20e+05        1    1.70e-04    2.14e-02
  91  1.390872e+01    5.34e-03    1.25e+02   5.44e+00   3.92e-01  1.19e+05        1    1.66e-04    2.16e-02
  92  1.390327e+01    5.45e-03    1.27e+02   5.43e+00   3.92e-01  1.18e+05        1    1.65e-04    2.18e-02
  93  1.389771e+01    5.56e-03    1.30e+02   5.42e+00   3.92e-01  1.17e+05        1    1.65e-04    2.20e-02
  94  1.389204e+01    5.67e-03    1.32e+02   5.41e+00   3.92e-01  1.16e+05        1    1.72e-04    2.21e-02
  95  1.388626e+01    5.79e-03    1.34e+02   5.41e+00   3.92e-01  1.14e+05        1    1.66e-04    2.23e-02
  96  1.388036e+01    5.90e-03    1.37e+02   5.40e+00   3.92e-01  1.13e+05        1    1.69e-04    2.25e-02
  97  1.387433e+01    6.02e-03    1.40e+02   5.39e+00   3.93e-01  1.12e+05        1    1.65e-04    2.27e-02
  98  1.386819e+01    6.14e-03    1.42e+02   5.38e+00   3.93e-01  1.11e+05        1    1.65e-04    2.28e-02
  99  1.386192e+01    6.27e-03    1.45e+02   5.37e+00   3.93e-01  1.10e+05        1    1.65e-04    2.30e-02
 100  1.385552e+01    6.40e-03    1.48e+02   5.36e+00   3.93e-01  1.09e+05        1    1.73e-04    2.32e-02


Bundle adjustment report
------------------------
    Residuals : 120
   Parameters : 101
   Iterations : 101
         Time : 0.0232201 [s]
 Initial cost : 1.24382 [px]
   Final cost : 0.339798 [px]
  Termination : No convergence

  => Filtered observations: 0
  => Filtered images: 0

==============================================================================
Finding good initial image pair
==============================================================================


==============================================================================
Initializing with image pair #79 and #61
==============================================================================


==============================================================================
Global bundle adjustment
==============================================================================

iter      cost      cost_change  |gradient|   |step|    tr_ratio  tr_radius  ls_iter  iter_time  total_time
   0  7.751835e+03    0.00e+00    1.02e+04   0.00e+00   0.00e+00  1.00e+04        0    1.08e-04    2.59e-04
   1  5.689574e+06   -5.68e+06    1.02e+04   2.14e+03  -9.57e+02  5.00e+03        1    8.39e-05    3.61e-04
   2  1.270140e+06   -1.26e+06    1.02e+04   1.79e+03  -2.29e+02  1.25e+03        1    6.10e-05    4.34e-04
   3  1.200444e+05   -1.12e+05    1.02e+04   9.25e+02  -2.91e+01  1.56e+02        1    6.32e-05    5.08e-04
   4  6.460934e+03    1.29e+03    6.89e+03   1.83e+02   7.47e-01  1.78e+02        1    1.53e-04    6.71e-04
   5  5.565855e+03    8.95e+02    2.69e+03   1.26e+02   1.07e+00  5.33e+02        1    1.51e-04    8.31e-04
   6  9.773945e+04   -9.22e+04    2.69e+03   4.51e+02  -5.15e+01  2.66e+02        1    5.91e-05    8.99e-04
   7  2.878398e+04   -2.32e+04    2.69e+03   2.59e+02  -1.94e+01  6.66e+01        1    5.41e-05    9.62e-04
   8  5.486807e+03    7.90e+01    1.03e+04   7.43e+01   1.44e-01  4.90e+01        1    1.57e-04    1.13e-03
   9  4.894249e+03    5.93e+02    7.16e+03   3.27e+01   8.13e-01  6.50e+01        1    1.50e-04    1.29e-03
  10  4.543567e+03    3.51e+02    2.43e+03   5.37e+01   9.12e-01  1.48e+02        1    1.54e-04    1.45e-03
  11  4.568276e+03   -2.47e+01    2.43e+03   8.91e+01  -5.48e-02  7.38e+01        1    5.98e-05    1.52e-03
  12  4.316038e+03    2.28e+02    3.19e+03   4.58e+01   8.98e-01  1.49e+02        1    1.47e-04    1.68e-03
  13  4.345160e+03   -2.91e+01    3.19e+03   7.08e+01  -7.05e-02  7.46e+01        1    5.82e-05    1.74e-03
  14  4.107595e+03    2.08e+02    2.93e+03   3.64e+01   8.97e-01  1.49e+02        1    1.47e-04    1.90e-03
  15  3.998099e+03    1.09e+02    7.55e+03   5.22e+01   3.07e-01  1.41e+02        1    1.50e-04    2.06e-03
  16  3.613852e+03    3.84e+02    4.80e+03   2.48e+01   8.45e-01  2.10e+02        1    1.59e-04    2.22e-03
  17  3.392594e+03    2.21e+02    6.03e+03   2.50e+01   7.11e-01  2.27e+02        1    1.50e-04    2.38e-03
  18  3.142102e+03    2.50e+02    5.61e+03   2.30e+01   9.28e-01  6.10e+02        1    1.56e-04    2.55e-03
  19  2.062084e+04   -1.75e+04    5.61e+03   7.25e+01  -3.32e+01  3.05e+02        1    5.91e-05    2.62e-03
  20  3.600265e+03   -4.58e+02    5.61e+03   4.07e+01  -1.46e+00  7.63e+01        1    5.51e-05    2.68e-03
  21  3.017894e+03    1.24e+02    2.35e+03   1.20e+01   1.05e+00  2.29e+02        1    1.46e-04    2.84e-03
  22  3.094138e+03   -7.62e+01    2.35e+03   3.88e+01  -3.22e-01  1.14e+02        1    5.70e-05    2.90e-03
  23  2.886170e+03    1.32e+02    7.87e+03   2.08e+01   1.02e+00  3.43e+02        1    1.46e-04    3.06e-03
  24  7.261148e+03   -4.37e+03    7.87e+03   6.68e+01  -1.03e+01  1.72e+02        1    6.79e-05    3.13e-03
  25  2.758281e+03    1.28e+02    3.34e+04   3.75e+01   5.09e-01  1.72e+02        1    1.46e-04    3.29e-03
  26  2.274354e+03    4.84e+02    3.49e+04   4.51e+01   9.11e-01  3.88e+02        1    1.54e-04    3.45e-03
  27  1.874982e+03    3.99e+02    5.14e+04   1.36e+02   5.32e-01  3.88e+02        1    1.49e-04    3.61e-03
  28  4.450056e+03   -2.58e+03    5.14e+04   1.27e+02  -2.27e+00  1.94e+02        1    5.82e-05    3.68e-03
  29  2.025950e+03   -1.51e+02    5.14e+04   7.31e+01  -1.56e-01  4.85e+01        1    5.51e-05    3.74e-03
  30  1.316519e+03    5.58e+02    7.80e+03   2.94e+01   7.61e-01  5.65e+01        1    1.45e-04    3.90e-03
  31  1.133795e+03    1.83e+02    2.02e+03   5.16e+01   5.00e-01  5.65e+01        1    1.49e-04    4.06e-03
  32  1.236441e+03   -1.03e+02    2.02e+03   1.30e+01  -4.00e-01  2.83e+01        1    6.79e-05    4.13e-03
  33  1.080355e+03    5.34e+01    9.57e+03   9.22e+00   3.17e-01  2.70e+01        1    1.46e-04    4.29e-03
  34  9.874788e+02    9.29e+01    1.97e+03   2.37e+01   5.65e-01  2.70e+01        1    1.54e-04    4.45e-03
  35  9.418061e+02    4.57e+01    6.92e+03   1.02e+01   4.97e-01  2.70e+01        1    1.50e-04    4.61e-03
  36  8.805276e+02    6.13e+01    1.94e+03   2.17e+01   6.21e-01  2.74e+01        1    1.50e-04    4.77e-03
  37  8.401610e+02    4.04e+01    6.06e+03   1.11e+01   5.45e-01  2.74e+01        1    1.53e-04    4.93e-03
  38  7.884791e+02    5.17e+01    1.95e+03   2.12e+01   6.43e-01  2.81e+01        1    1.61e-04    5.10e-03
  39  7.522735e+02    3.62e+01    5.33e+03   1.16e+01   5.82e-01  2.82e+01        1    1.50e-04    5.26e-03
  40  7.076606e+02    4.46e+01    1.94e+03   2.07e+01   6.70e-01  2.94e+01        1    1.49e-04    5.42e-03
  41  6.743673e+02    3.33e+01    4.61e+03   1.21e+01   6.33e-01  2.99e+01        1    1.49e-04    5.58e-03
  42  6.350186e+02    3.93e+01    1.86e+03   2.04e+01   7.06e-01  3.22e+01        1    1.49e-04    5.74e-03
  43  6.033990e+02    3.16e+01    3.95e+03   1.29e+01   6.90e-01  3.40e+01        1    1.49e-04    5.90e-03
  44  5.667904e+02    3.66e+01    1.68e+03   2.11e+01   7.39e-01  3.82e+01        1    1.49e-04    6.05e-03
  45  5.360671e+02    3.07e+01    3.49e+03   1.40e+01   7.17e-01  4.16e+01        1    1.60e-04    6.22e-03
  46  5.006272e+02    3.54e+01    1.43e+03   2.28e+01   7.47e-01  4.73e+01        1    1.49e-04    6.38e-03
  47  4.726150e+02    2.80e+01    3.23e+03   1.44e+01   7.06e-01  5.08e+01        1    1.54e-04    6.54e-03
  48  4.413715e+02    3.12e+01    1.29e+03   2.32e+01   7.40e-01  5.72e+01        1    1.50e-04    6.70e-03
  49  4.189494e+02    2.24e+01    2.73e+03   1.35e+01   7.37e-01  6.39e+01        1    1.50e-04    6.86e-03
  50  3.965300e+02    2.24e+01    1.09e+03   2.16e+01   7.75e-01  7.67e+01        1    1.50e-04    7.02e-03
  51  3.804947e+02    1.60e+01    1.96e+03   1.30e+01   8.14e-01  1.02e+02        1    1.59e-04    7.19e-03
  52  3.660376e+02    1.45e+01    6.26e+02   2.16e+01   8.45e-01  1.52e+02        1    1.50e-04    7.35e-03
  53  3.552113e+02    1.08e+01    1.14e+03   1.56e+01   8.42e-01  2.23e+02        1    1.53e-04    7.51e-03
  54  3.454445e+02    9.77e+00    7.61e+02   2.58e+01   8.94e-01  4.36e+02        1    1.50e-04    7.67e-03
  55  3.357271e+02    9.72e+00    1.64e+03   2.86e+01   7.48e-01  4.96e+02        1    1.49e-04    7.83e-03
  56  3.257556e+02    9.97e+00    1.04e+03   3.58e+01   7.40e-01  5.58e+02        1    1.49e-04    7.98e-03
  57  3.214091e+02    4.35e+00    2.65e+03   2.36e+01   3.75e-01  5.49e+02        1    1.61e-04    8.15e-03
  58  3.120971e+02    9.31e+00    2.15e+03   3.08e+01   6.40e-01  5.62e+02        1    1.50e-04    8.32e-03
  59  3.052928e+02    6.80e+00    1.57e+03   1.96e+01   6.75e-01  5.87e+02        1    1.53e-04    8.48e-03
  60  2.989532e+02    6.34e+00    1.71e+03   2.90e+01   6.36e-01  5.99e+02        1    1.49e-04    8.64e-03
  61  2.963376e+02    2.62e+00    2.59e+03   1.66e+01   2.82e-01  5.53e+02        1    1.49e-04    8.79e-03
  62  2.888763e+02    7.46e+00    2.20e+03   2.57e+01   6.21e-01  5.61e+02        1    1.49e-04    8.95e-03
  63  2.831179e+02    5.76e+00    1.13e+03   1.53e+01   7.23e-01  6.15e+02        1    1.59e-04    9.12e-03
  64  2.782872e+02    4.83e+00    1.45e+03   2.61e+01   6.36e-01  6.28e+02        1    1.49e-04    9.28e-03
  65  2.762797e+02    2.01e+00    2.44e+03   1.41e+01   2.66e-01  5.69e+02        1    1.54e-04    9.44e-03
  66  2.703072e+02    5.97e+00    1.98e+03   2.35e+01   6.11e-01  5.75e+02        1    1.50e-04    9.60e-03
  67  2.656518e+02    4.66e+00    1.14e+03   1.30e+01   7.05e-01  6.18e+02        1    1.49e-04    9.76e-03
  68  2.616580e+02    3.99e+00    1.29e+03   2.35e+01   6.48e-01  6.34e+02        1    1.50e-04    9.92e-03
  69  2.590777e+02    2.58e+00    1.83e+03   1.24e+01   4.38e-01  6.33e+02        1    1.58e-04    1.01e-02
  70  2.548437e+02    4.23e+00    1.64e+03   2.31e+01   5.99e-01  6.38e+02        1    1.50e-04    1.02e-02
  71  2.517510e+02    3.09e+00    1.59e+03   1.15e+01   5.35e-01  6.38e+02        1    1.49e-04    1.04e-02
  72  2.480143e+02    3.74e+00    1.47e+03   2.23e+01   6.12e-01  6.45e+02        1    1.56e-04    1.06e-02
  73  2.451550e+02    2.86e+00    1.45e+03   1.10e+01   5.63e-01  6.47e+02        1    1.50e-04    1.07e-02
  74  2.417806e+02    3.37e+00    1.30e+03   2.14e+01   6.38e-01  6.61e+02        1    1.50e-04    1.09e-02
  75  2.391064e+02    2.67e+00    1.30e+03   1.08e+01   6.01e-01  6.66e+02        1    1.50e-04    1.10e-02
  76  2.360548e+02    3.05e+00    1.15e+03   2.08e+01   6.65e-01  6.91e+02        1    1.75e-04    6.38e-02
  77  2.335972e+02    2.46e+00    1.21e+03   1.09e+01   6.17e-01  7.00e+02        1    1.51e-04    6.40e-02
  78  2.307728e+02    2.82e+00    1.08e+03   2.07e+01   6.77e-01  7.33e+02        1    1.64e-04    6.42e-02
  79  2.285258e+02    2.25e+00    1.22e+03   1.10e+01   6.05e-01  7.39e+02        1    1.78e-04    6.44e-02
  80  2.258562e+02    2.67e+00    1.09e+03   2.08e+01   6.71e-01  7.70e+02        1    1.60e-04    6.45e-02
  81  2.237915e+02    2.06e+00    1.26e+03   1.09e+01   5.84e-01  7.74e+02        1    1.49e-04    6.47e-02
  82  2.212545e+02    2.54e+00    1.12e+03   2.09e+01   6.63e-01  8.02e+02        1    1.50e-04    6.49e-02
  83  2.193263e+02    1.93e+00    1.26e+03   1.09e+01   5.79e-01  8.05e+02        1    1.50e-04    6.50e-02
  84  2.169355e+02    2.39e+00    1.11e+03   2.09e+01   6.66e-01  8.35e+02        1    1.61e-04    6.52e-02
  85  2.151281e+02    1.81e+00    1.22e+03   1.10e+01   5.86e-01  8.40e+02        1    1.49e-04    6.53e-02
  86  2.128943e+02    2.23e+00    1.06e+03   2.09e+01   6.76e-01  8.78e+02        1    1.54e-04    6.55e-02
  87  2.112136e+02    1.68e+00    1.18e+03   1.13e+01   5.92e-01  8.83e+02        1    1.50e-04    6.57e-02
  88  2.091260e+02    2.09e+00    1.03e+03   2.11e+01   6.84e-01  9.30e+02        1    1.50e-04    6.58e-02
  89  2.075716e+02    1.55e+00    1.16e+03   1.17e+01   5.92e-01  9.36e+02        1    1.49e-04    6.60e-02
  90  2.056108e+02    1.96e+00    1.02e+03   2.15e+01   6.89e-01  9.89e+02        1    1.58e-04    6.62e-02
  91  2.041682e+02    1.44e+00    1.14e+03   1.23e+01   5.90e-01  9.95e+02        1    1.50e-04    6.63e-02
  92  2.023238e+02    1.84e+00    1.01e+03   2.20e+01   6.92e-01  1.05e+03        1    1.54e-04    6.65e-02
  93  2.009773e+02    1.35e+00    1.11e+03   1.30e+01   5.91e-01  1.06e+03        1    1.49e-04    6.66e-02
  94  1.992481e+02    1.73e+00    1.01e+03   2.27e+01   6.96e-01  1.13e+03        1    1.50e-04    6.68e-02
  95  1.979901e+02    1.26e+00    1.09e+03   1.39e+01   5.94e-01  1.14e+03        1    1.50e-04    6.70e-02
  96  1.963745e+02    1.62e+00    1.00e+03   2.35e+01   7.00e-01  1.21e+03        1    1.58e-04    6.71e-02
  97  1.952011e+02    1.17e+00    1.06e+03   1.49e+01   5.97e-01  1.22e+03        1    1.49e-04    6.73e-02
  98  1.936948e+02    1.51e+00    1.00e+03   2.45e+01   7.02e-01  1.31e+03        1    1.55e-04    6.74e-02
  99  1.926011e+02    1.09e+00    1.03e+03   1.62e+01   5.98e-01  1.32e+03        1    1.49e-04    6.76e-02
 100  1.912006e+02    1.40e+00    1.02e+03   2.57e+01   7.01e-01  1.41e+03        1    1.49e-04    6.78e-02


Bundle adjustment report
------------------------
    Residuals : 108
   Parameters : 92
   Iterations : 101
         Time : 0.067785 [s]
 Initial cost : 8.47209 [px]
   Final cost : 1.33055 [px]
  Termination : No convergence

  => Filtered observations: 12
  => Filtered images: 0

==============================================================================
Finding good initial image pair
==============================================================================

  => No good initial image pair found.
  => Relaxing the initialization constraints.

==============================================================================
Finding good initial image pair
==============================================================================


==============================================================================
Initializing with image pair #8 and #6
==============================================================================


==============================================================================
Global bundle adjustment
==============================================================================

iter      cost      cost_change  |gradient|   |step|    tr_ratio  tr_radius  ls_iter  iter_time  total_time
   0  8.599498e+01    0.00e+00    7.07e+01   0.00e+00   0.00e+00  1.00e+04        0    1.50e-03    2.72e-03
   1  8.574137e+01    2.54e-01    1.92e+03   1.39e+01   1.33e-01  7.17e+03        1    2.32e-03    5.06e-03
   2  8.357751e+01    2.16e+00    2.60e+02   7.93e+00   9.85e-01  2.15e+04        1    2.21e-03    7.29e-03
   3  8.289060e+01    6.87e-01    7.01e+02   1.94e+01   8.29e-01  3.01e+04        1    2.25e-03    9.56e-03
   4  8.240035e+01    4.90e-01    1.07e+03   2.30e+01   6.59e-01  3.11e+04        1    2.20e-03    1.18e-02
   5  8.190814e+01    4.92e-01    8.75e+02   2.04e+01   7.52e-01  3.57e+04        1    2.21e-03    1.40e-02
   6  8.156353e+01    3.45e-01    8.06e+02   2.01e+01   7.27e-01  3.94e+04        1    2.19e-03    1.62e-02
   7  8.128524e+01    2.78e-01    6.66e+02   1.88e+01   7.68e-01  4.65e+04        1    2.19e-03    1.84e-02
   8  8.108543e+01    2.00e-01    6.09e+02   1.84e+01   7.45e-01  5.27e+04        1    2.20e-03    2.06e-02
   9  8.092673e+01    1.59e-01    5.03e+02   1.71e+01   7.74e-01  6.31e+04        1    2.19e-03    2.28e-02
  10  8.081305e+01    1.14e-01    4.42e+02   1.64e+01   7.59e-01  7.33e+04        1    2.20e-03    2.50e-02
  11  8.072726e+01    8.58e-02    3.51e+02   1.48e+01   7.88e-01  9.06e+04        1    2.19e-03    2.72e-02
  12  8.066919e+01    5.81e-02    2.91e+02   1.36e+01   7.83e-01  1.11e+05        1    2.23e-03    2.95e-02
  13  8.062941e+01    3.98e-02    2.15e+02   1.18e+01   8.18e-01  1.49e+05        1    2.25e-03    3.17e-02
  14  8.060559e+01    2.38e-02    1.61e+02   1.03e+01   8.28e-01  2.08e+05        1    2.21e-03    3.40e-02
  15  8.059217e+01    1.34e-02    9.82e+01   8.11e+00   8.79e-01  3.68e+05        1    2.19e-03    3.62e-02
  16  8.058621e+01    5.96e-03    5.14e+01   5.68e+00   9.09e-01  8.14e+05        1    2.20e-03    3.84e-02
  17  8.058435e+01    1.86e-03    8.25e+01   1.67e+00   7.32e-01  9.04e+05        1    2.20e-03    4.06e-02
  18  8.058356e+01    7.87e-04    8.06e+01   3.07e+00   4.24e-01  9.01e+05        1    2.20e-03    4.28e-02
  19  8.058274e+01    8.22e-04    7.16e+01   3.85e+00   3.78e-01  8.88e+05        1    2.21e-03    4.50e-02
  20  8.058170e+01    1.05e-03    6.72e+01   4.01e+00   4.29e-01  8.86e+05        1    2.19e-03    4.72e-02
  21  8.058064e+01    1.06e-03    6.61e+01   4.07e+00   4.26e-01  8.83e+05        1    2.20e-03    4.94e-02
  22  8.057956e+01    1.08e-03    6.64e+01   4.08e+00   4.30e-01  8.80e+05        1    2.19e-03    5.16e-02
  23  8.057847e+01    1.09e-03    6.67e+01   4.08e+00   4.30e-01  8.78e+05        1    2.20e-03    5.38e-02
  24  8.057738e+01    1.09e-03    6.69e+01   4.08e+00   4.30e-01  8.76e+05        1    2.20e-03    5.61e-02
  25  8.057629e+01    1.10e-03    6.72e+01   4.08e+00   4.30e-01  8.73e+05        1    2.19e-03    5.83e-02
  26  8.057519e+01    1.10e-03    6.74e+01   4.07e+00   4.29e-01  8.71e+05        1    2.19e-03    6.05e-02
  27  8.057409e+01    1.10e-03    6.76e+01   4.07e+00   4.29e-01  8.68e+05        1    2.19e-03    6.27e-02
  28  8.057298e+01    1.11e-03    6.78e+01   4.07e+00   4.29e-01  8.66e+05        1    2.19e-03    6.49e-02
  29  8.057187e+01    1.11e-03    6.81e+01   4.06e+00   4.29e-01  8.63e+05        1    2.20e-03    6.71e-02
  30  8.057076e+01    1.11e-03    6.83e+01   4.06e+00   4.29e-01  8.61e+05        1    2.20e-03    6.93e-02
  31  8.056964e+01    1.12e-03    6.85e+01   4.06e+00   4.29e-01  8.58e+05        1    2.20e-03    7.15e-02
  32  8.056852e+01    1.12e-03    6.87e+01   4.05e+00   4.29e-01  8.56e+05        1    2.23e-03    7.37e-02
  33  8.056739e+01    1.12e-03    6.89e+01   4.05e+00   4.29e-01  8.54e+05        1    2.25e-03    7.60e-02
  34  8.056626e+01    1.13e-03    6.91e+01   4.05e+00   4.29e-01  8.51e+05        1    2.19e-03    7.82e-02
  35  8.056513e+01    1.13e-03    6.93e+01   4.04e+00   4.29e-01  8.49e+05        1    2.21e-03    8.04e-02
  36  8.056400e+01    1.13e-03    6.95e+01   4.04e+00   4.29e-01  8.46e+05        1    2.24e-03    8.27e-02
  37  8.056286e+01    1.14e-03    6.97e+01   4.04e+00   4.29e-01  8.44e+05        1    2.19e-03    8.49e-02
  38  8.056172e+01    1.14e-03    6.98e+01   4.03e+00   4.29e-01  8.41e+05        1    2.20e-03    8.71e-02
  39  8.056057e+01    1.14e-03    7.00e+01   4.03e+00   4.29e-01  8.39e+05        1    2.19e-03    8.93e-02
  40  8.055943e+01    1.15e-03    7.02e+01   4.02e+00   4.29e-01  8.37e+05        1    2.19e-03    9.15e-02
  41  8.055827e+01    1.15e-03    7.04e+01   4.02e+00   4.29e-01  8.34e+05        1    2.21e-03    9.37e-02
  42  8.055712e+01    1.15e-03    7.06e+01   4.01e+00   4.29e-01  8.32e+05        1    2.20e-03    9.59e-02
  43  8.055596e+01    1.16e-03    7.08e+01   4.01e+00   4.29e-01  8.30e+05        1    2.19e-03    9.81e-02
  44  8.055480e+01    1.16e-03    7.09e+01   4.01e+00   4.29e-01  8.27e+05        1    2.21e-03    1.00e-01
  45  8.055364e+01    1.16e-03    7.11e+01   4.00e+00   4.30e-01  8.25e+05        1    2.20e-03    1.03e-01
  46  8.055247e+01    1.17e-03    7.13e+01   4.00e+00   4.30e-01  8.23e+05        1    2.19e-03    1.05e-01
  47  8.055130e+01    1.17e-03    7.15e+01   3.99e+00   4.30e-01  8.20e+05        1    2.20e-03    1.07e-01
  48  8.055013e+01    1.17e-03    7.16e+01   3.99e+00   4.30e-01  8.18e+05        1    2.19e-03    1.09e-01
  49  8.054895e+01    1.18e-03    7.18e+01   3.98e+00   4.30e-01  8.16e+05        1    2.20e-03    1.11e-01
  50  8.054777e+01    1.18e-03    7.20e+01   3.98e+00   4.30e-01  8.14e+05        1    2.20e-03    1.14e-01
  51  8.054659e+01    1.18e-03    7.21e+01   3.97e+00   4.30e-01  8.11e+05        1    2.19e-03    1.16e-01
  52  8.054541e+01    1.18e-03    7.23e+01   3.97e+00   4.30e-01  8.09e+05        1    2.21e-03    1.18e-01
  53  8.054422e+01    1.19e-03    7.24e+01   3.96e+00   4.30e-01  8.07e+05        1    2.20e-03    1.20e-01
  54  8.054303e+01    1.19e-03    7.26e+01   3.96e+00   4.31e-01  8.05e+05        1    2.20e-03    1.22e-01
  55  8.054183e+01    1.19e-03    7.28e+01   3.95e+00   4.31e-01  8.03e+05        1    2.20e-03    1.25e-01
  56  8.054064e+01    1.20e-03    7.29e+01   3.95e+00   4.31e-01  8.01e+05        1    2.20e-03    1.27e-01
  57  8.053944e+01    1.20e-03    7.31e+01   3.94e+00   4.31e-01  7.99e+05        1    2.20e-03    1.29e-01
  58  8.053824e+01    1.20e-03    7.32e+01   3.94e+00   4.31e-01  7.97e+05        1    2.20e-03    1.31e-01
  59  8.053704e+01    1.20e-03    7.34e+01   3.93e+00   4.31e-01  7.94e+05        1    2.20e-03    1.34e-01
  60  8.053583e+01    1.21e-03    7.35e+01   3.93e+00   4.31e-01  7.92e+05        1    2.20e-03    1.36e-01
  61  8.053462e+01    1.21e-03    7.37e+01   3.92e+00   4.32e-01  7.90e+05        1    2.20e-03    1.38e-01
  62  8.053341e+01    1.21e-03    7.38e+01   3.91e+00   4.32e-01  7.88e+05        1    2.20e-03    1.40e-01
  63  8.053220e+01    1.21e-03    7.40e+01   3.91e+00   4.32e-01  7.86e+05        1    2.28e-03    1.42e-01
  64  8.053098e+01    1.22e-03    7.41e+01   3.90e+00   4.32e-01  7.84e+05        1    2.71e-03    1.45e-01
  65  8.052976e+01    1.22e-03    7.43e+01   3.90e+00   4.32e-01  7.82e+05        1    2.26e-03    1.47e-01
  66  8.052854e+01    1.22e-03    7.44e+01   3.89e+00   4.32e-01  7.81e+05        1    2.31e-03    1.50e-01
  67  8.052732e+01    1.22e-03    7.45e+01   3.89e+00   4.33e-01  7.79e+05        1    2.26e-03    1.52e-01
  68  8.052609e+01    1.23e-03    7.47e+01   3.88e+00   4.33e-01  7.77e+05        1    2.27e-03    1.54e-01
  69  8.052486e+01    1.23e-03    7.48e+01   3.87e+00   4.33e-01  7.75e+05        1    2.23e-03    1.57e-01
  70  8.052363e+01    1.23e-03    7.49e+01   3.87e+00   4.33e-01  7.73e+05        1    2.23e-03    1.59e-01
  71  8.052240e+01    1.23e-03    7.51e+01   3.86e+00   4.33e-01  7.71e+05        1    2.29e-03    1.61e-01
  72  8.052117e+01    1.23e-03    7.52e+01   3.86e+00   4.33e-01  7.69e+05        1    2.29e-03    1.63e-01
  73  8.051993e+01    1.24e-03    7.53e+01   3.85e+00   4.34e-01  7.68e+05        1    2.20e-03    1.66e-01
  74  8.051869e+01    1.24e-03    7.55e+01   3.84e+00   4.34e-01  7.66e+05        1    2.20e-03    1.68e-01
  75  8.051745e+01    1.24e-03    7.56e+01   3.84e+00   4.34e-01  7.64e+05        1    2.21e-03    1.70e-01
  76  8.051621e+01    1.24e-03    7.57e+01   3.83e+00   4.34e-01  7.62e+05        1    2.21e-03    1.72e-01
  77  8.051496e+01    1.24e-03    7.58e+01   3.83e+00   4.34e-01  7.61e+05        1    2.21e-03    1.75e-01
  78  8.051372e+01    1.25e-03    7.59e+01   3.82e+00   4.35e-01  7.59e+05        1    2.20e-03    1.77e-01
  79  8.051247e+01    1.25e-03    7.60e+01   3.81e+00   4.35e-01  7.57e+05        1    2.20e-03    1.79e-01
  80  8.051122e+01    1.25e-03    7.62e+01   3.81e+00   4.35e-01  7.56e+05        1    2.20e-03    1.81e-01
  81  8.050997e+01    1.25e-03    7.63e+01   3.80e+00   4.35e-01  7.54e+05        1    2.20e-03    1.83e-01
  82  8.050871e+01    1.25e-03    7.64e+01   3.79e+00   4.36e-01  7.52e+05        1    2.19e-03    1.86e-01
  83  8.050746e+01    1.25e-03    7.65e+01   3.79e+00   4.36e-01  7.51e+05        1    2.19e-03    1.88e-01
  84  8.050620e+01    1.26e-03    7.66e+01   3.78e+00   4.36e-01  7.49e+05        1    2.20e-03    1.90e-01
  85  8.050494e+01    1.26e-03    7.67e+01   3.77e+00   4.36e-01  7.48e+05        1    2.19e-03    1.92e-01
  86  8.050368e+01    1.26e-03    7.68e+01   3.77e+00   4.37e-01  7.46e+05        1    2.21e-03    1.94e-01
  87  8.050242e+01    1.26e-03    7.69e+01   3.76e+00   4.37e-01  7.45e+05        1    2.19e-03    1.97e-01
  88  8.050116e+01    1.26e-03    7.70e+01   3.75e+00   4.37e-01  7.43e+05        1    2.19e-03    1.99e-01
  89  8.049990e+01    1.26e-03    7.71e+01   3.75e+00   4.37e-01  7.42e+05        1    2.20e-03    2.01e-01
  90  8.049863e+01    1.26e-03    7.71e+01   3.74e+00   4.38e-01  7.40e+05        1    2.20e-03    2.03e-01
  91  8.049737e+01    1.27e-03    7.72e+01   3.73e+00   4.38e-01  7.39e+05        1    2.19e-03    2.05e-01
  92  8.049610e+01    1.27e-03    7.73e+01   3.73e+00   4.38e-01  7.37e+05        1    2.19e-03    2.08e-01
  93  8.049483e+01    1.27e-03    7.74e+01   3.72e+00   4.39e-01  7.36e+05        1    2.19e-03    2.10e-01
  94  8.049356e+01    1.27e-03    7.74e+01   3.71e+00   4.39e-01  7.35e+05        1    2.20e-03    2.12e-01
  95  8.049229e+01    1.27e-03    7.75e+01   3.71e+00   4.39e-01  7.33e+05        1    2.24e-03    2.14e-01
  96  8.049102e+01    1.27e-03    7.76e+01   3.70e+00   4.39e-01  7.32e+05        1    2.24e-03    2.17e-01
  97  8.048975e+01    1.27e-03    7.76e+01   3.69e+00   4.40e-01  7.31e+05        1    2.19e-03    2.19e-01
  98  8.048847e+01    1.27e-03    7.77e+01   3.68e+00   4.40e-01  7.30e+05        1    2.20e-03    2.21e-01
  99  8.048720e+01    1.27e-03    7.78e+01   3.68e+00   4.40e-01  7.28e+05        1    2.19e-03    2.23e-01
 100  8.048593e+01    1.27e-03    7.78e+01   3.67e+00   4.41e-01  7.27e+05        1    2.23e-03    2.25e-01


Bundle adjustment report
------------------------
    Residuals : 1680
   Parameters : 1271
   Iterations : 101
         Time : 0.225542 [s]
 Initial cost : 0.226247 [px]
   Final cost : 0.21888 [px]
  Termination : No convergence

  => Filtered observations: 0
  => Filtered images: 0

==============================================================================
Registering image #11 (3)
==============================================================================

  => Image sees 57 / 163 points
  => Could not register, trying another image.

==============================================================================
Retriangulation
==============================================================================

  => Completed observations: 0
  => Merged observations: 0
  => Retriangulated observations: 0

==============================================================================
Global bundle adjustment
==============================================================================

iter      cost      cost_change  |gradient|   |step|    tr_ratio  tr_radius  ls_iter  iter_time  total_time
   0  8.048593e+01    0.00e+00    7.78e+01   0.00e+00   0.00e+00  1.00e+04        0    1.49e-03    2.67e-03
   1  8.048429e+01    1.64e-03    2.81e-01   7.84e-02   1.00e+00  3.00e+04        1    2.30e-03    4.99e-03
   2  8.048424e+01    5.27e-05    7.55e-01   2.01e-01   1.00e+00  9.00e+04        1    2.29e-03    7.30e-03
   3  8.048408e+01    1.57e-04    1.13e+00   6.03e-01   9.98e-01  2.70e+05        1    2.22e-03    9.53e-03
   4  8.048364e+01    4.43e-04    1.06e+01   1.83e+00   9.37e-01  8.10e+05        1    2.20e-03    1.17e-02
   5  8.048468e+01   -1.04e-03    1.06e+01   5.54e+00  -7.22e-01  4.05e+05        1    8.00e-04    1.26e-02
   6  8.048305e+01    5.83e-04    2.41e+01   2.77e+00   7.91e-01  5.04e+05        1    2.16e-03    1.47e-02
   7  8.048239e+01    6.63e-04    3.75e+01   3.46e+00   6.39e-01  5.16e+05        1    2.22e-03    1.70e-02
   8  8.048152e+01    8.68e-04    3.92e+01   3.56e+00   6.80e-01  5.41e+05        1    2.20e-03    1.92e-02
   9  8.048066e+01    8.61e-04    4.32e+01   3.75e+00   6.34e-01  5.51e+05        1    2.24e-03    2.14e-02
  10  8.047974e+01    9.26e-04    4.51e+01   3.84e+00   6.33e-01  5.62e+05        1    2.24e-03    2.37e-02
  11  8.047879e+01    9.44e-04    4.69e+01   3.94e+00   6.19e-01  5.70e+05        1    2.22e-03    2.59e-02
  12  8.047782e+01    9.68e-04    4.83e+01   4.02e+00   6.11e-01  5.76e+05        1    2.20e-03    2.82e-02
  13  8.047684e+01    9.85e-04    4.95e+01   4.09e+00   6.04e-01  5.81e+05        1    2.21e-03    3.04e-02
  14  8.047584e+01    9.99e-04    5.05e+01   4.15e+00   5.98e-01  5.85e+05        1    2.19e-03    3.26e-02
  15  8.047483e+01    1.01e-03    5.14e+01   4.21e+00   5.93e-01  5.89e+05        1    2.20e-03    3.48e-02
  16  8.047381e+01    1.02e-03    5.22e+01   4.27e+00   5.88e-01  5.93e+05        1    2.20e-03    3.70e-02
  17  8.047278e+01    1.03e-03    5.29e+01   4.33e+00   5.84e-01  5.95e+05        1    2.19e-03    3.92e-02
  18  8.047174e+01    1.04e-03    5.35e+01   4.38e+00   5.81e-01  5.98e+05        1    2.21e-03    4.14e-02
  19  8.047070e+01    1.05e-03    5.41e+01   4.44e+00   5.78e-01  6.00e+05        1    2.21e-03    4.37e-02
  20  8.046964e+01    1.05e-03    5.46e+01   4.49e+00   5.75e-01  6.02e+05        1    2.20e-03    4.59e-02
  21  8.046859e+01    1.06e-03    5.51e+01   4.55e+00   5.72e-01  6.04e+05        1    2.20e-03    4.81e-02
  22  8.046753e+01    1.06e-03    5.55e+01   4.60e+00   5.70e-01  6.06e+05        1    2.21e-03    5.03e-02
  23  8.046646e+01    1.07e-03    5.60e+01   4.66e+00   5.68e-01  6.07e+05        1    2.19e-03    5.25e-02
  24  8.046539e+01    1.07e-03    5.63e+01   4.72e+00   5.66e-01  6.09e+05        1    2.20e-03    5.47e-02
  25  8.046432e+01    1.07e-03    5.67e+01   4.78e+00   5.64e-01  6.10e+05        1    2.20e-03    5.70e-02
  26  8.046324e+01    1.08e-03    5.70e+01   4.84e+00   5.62e-01  6.11e+05        1    2.20e-03    5.92e-02
  27  8.046216e+01    1.08e-03    5.73e+01   4.91e+00   5.61e-01  6.12e+05        1    2.20e-03    6.14e-02
  28  8.046108e+01    1.08e-03    5.76e+01   4.97e+00   5.60e-01  6.13e+05        1    2.20e-03    6.36e-02
  29  8.045999e+01    1.09e-03    5.78e+01   5.05e+00   5.58e-01  6.14e+05        1    2.20e-03    6.58e-02
  30  8.045890e+01    1.09e-03    5.81e+01   5.12e+00   5.57e-01  6.15e+05        1    2.20e-03    6.80e-02
  31  8.045781e+01    1.09e-03    5.83e+01   5.20e+00   5.56e-01  6.16e+05        1    2.20e-03    7.02e-02
  32  8.045672e+01    1.09e-03    5.85e+01   5.28e+00   5.55e-01  6.17e+05        1    2.21e-03    7.25e-02
  33  8.045563e+01    1.09e-03    5.87e+01   5.36e+00   5.54e-01  6.18e+05        1    2.20e-03    7.47e-02
  34  8.045453e+01    1.09e-03    5.88e+01   5.45e+00   5.54e-01  6.18e+05        1    2.20e-03    7.69e-02
  35  8.045344e+01    1.10e-03    5.90e+01   5.54e+00   5.53e-01  6.19e+05        1    2.20e-03    7.91e-02
  36  8.045234e+01    1.10e-03    5.91e+01   5.64e+00   5.52e-01  6.20e+05        1    2.24e-03    8.13e-02
  37  8.045124e+01    1.10e-03    5.92e+01   5.75e+00   5.52e-01  6.20e+05        1    2.25e-03    8.36e-02
  38  8.045015e+01    1.10e-03    5.94e+01   5.86e+00   5.51e-01  6.21e+05        1    2.19e-03    8.58e-02
  39  8.044905e+01    1.10e-03    5.94e+01   5.97e+00   5.51e-01  6.22e+05        1    2.20e-03    8.80e-02
  40  8.044795e+01    1.10e-03    5.95e+01   6.10e+00   5.51e-01  6.22e+05        1    2.20e-03    9.02e-02
  41  8.044685e+01    1.10e-03    5.96e+01   6.23e+00   5.51e-01  6.23e+05        1    2.19e-03    9.25e-02
  42  8.044575e+01    1.10e-03    5.96e+01   6.36e+00   5.50e-01  6.24e+05        1    2.19e-03    9.47e-02
  43  8.044465e+01    1.10e-03    5.97e+01   6.51e+00   5.50e-01  6.24e+05        1    2.20e-03    9.69e-02
  44  8.044355e+01    1.10e-03    5.97e+01   6.66e+00   5.50e-01  6.25e+05        1    2.46e-03    9.93e-02
  45  8.044246e+01    1.10e-03    5.97e+01   6.82e+00   5.51e-01  6.26e+05        1    2.38e-03    1.02e-01
  46  8.044136e+01    1.10e-03    5.96e+01   7.00e+00   5.51e-01  6.26e+05        1    2.29e-03    1.04e-01
  47  8.044026e+01    1.10e-03    5.96e+01   7.18e+00   5.51e-01  6.27e+05        1    2.31e-03    1.06e-01
  48  8.043917e+01    1.09e-03    5.95e+01   7.37e+00   5.51e-01  6.28e+05        1    2.23e-03    1.09e-01
  49  8.043808e+01    1.09e-03    5.95e+01   7.58e+00   5.52e-01  6.28e+05        1    2.20e-03    1.11e-01
  50  8.043698e+01    1.09e-03    5.94e+01   7.80e+00   5.52e-01  6.29e+05        1    2.20e-03    1.13e-01
  51  8.043589e+01    1.09e-03    5.93e+01   8.03e+00   5.53e-01  6.30e+05        1    2.20e-03    1.15e-01
  52  8.043480e+01    1.09e-03    5.91e+01   8.28e+00   5.54e-01  6.31e+05        1    2.20e-03    1.17e-01
  53  8.043372e+01    1.09e-03    5.90e+01   8.55e+00   5.55e-01  6.31e+05        1    2.20e-03    1.20e-01
  54  8.043263e+01    1.08e-03    5.88e+01   8.83e+00   5.55e-01  6.32e+05        1    2.20e-03    1.22e-01
  55  8.043155e+01    1.08e-03    5.86e+01   9.13e+00   5.56e-01  6.33e+05        1    2.20e-03    1.24e-01
  56  8.043047e+01    1.08e-03    5.84e+01   9.45e+00   5.58e-01  6.34e+05        1    2.20e-03    1.26e-01
  57  8.042940e+01    1.08e-03    5.82e+01   9.79e+00   5.59e-01  6.35e+05        1    2.21e-03    1.29e-01
  58  8.042833e+01    1.07e-03    5.80e+01   1.01e+01   5.60e-01  6.36e+05        1    2.27e-03    1.31e-01
  59  8.042726e+01    1.07e-03    5.77e+01   1.05e+01   5.61e-01  6.37e+05        1    2.20e-03    1.33e-01
  60  8.042619e+01    1.07e-03    5.74e+01   1.10e+01   5.63e-01  6.39e+05        1    2.20e-03    1.35e-01
  61  8.042513e+01    1.06e-03    5.71e+01   1.14e+01   5.64e-01  6.40e+05        1    2.20e-03    1.37e-01
  62  8.042407e+01    1.06e-03    5.67e+01   1.19e+01   5.66e-01  6.42e+05        1    2.20e-03    1.40e-01
  63  8.042302e+01    1.05e-03    5.63e+01   1.24e+01   5.68e-01  6.43e+05        1    2.20e-03    1.42e-01
  64  8.042197e+01    1.05e-03    5.59e+01   1.29e+01   5.70e-01  6.45e+05        1    2.20e-03    1.44e-01
  65  8.042093e+01    1.04e-03    5.55e+01   1.35e+01   5.72e-01  6.47e+05        1    2.23e-03    1.46e-01
  66  8.041989e+01    1.04e-03    5.51e+01   1.41e+01   5.74e-01  6.49e+05        1    2.21e-03    1.49e-01
  67  8.041885e+01    1.03e-03    5.46e+01   1.48e+01   5.76e-01  6.51e+05        1    2.22e-03    1.51e-01
  68  8.041783e+01    1.03e-03    5.41e+01   1.55e+01   5.79e-01  6.54e+05        1    2.25e-03    1.53e-01
  69  8.041681e+01    1.02e-03    5.36e+01   1.63e+01   5.81e-01  6.57e+05        1    2.22e-03    1.55e-01
  70  8.041579e+01    1.01e-03    5.30e+01   1.71e+01   5.84e-01  6.60e+05        1    2.25e-03    1.58e-01
  71  8.041478e+01    1.01e-03    5.24e+01   1.80e+01   5.87e-01  6.63e+05        1    2.26e-03    1.60e-01
  72  8.041378e+01    1.00e-03    5.18e+01   1.90e+01   5.89e-01  6.67e+05        1    2.20e-03    1.62e-01
  73  8.041279e+01    9.94e-04    5.11e+01   2.01e+01   5.92e-01  6.71e+05        1    2.23e-03    1.64e-01
  74  8.041180e+01    9.86e-04    5.04e+01   2.12e+01   5.95e-01  6.76e+05        1    2.25e-03    1.67e-01
  75  8.041082e+01    9.78e-04    4.97e+01   2.25e+01   5.99e-01  6.81e+05        1    2.22e-03    1.69e-01
  76  8.040985e+01    9.69e-04    4.90e+01   2.38e+01   6.02e-01  6.87e+05        1    2.19e-03    1.71e-01
  77  8.040889e+01    9.60e-04    4.82e+01   2.53e+01   6.05e-01  6.93e+05        1    2.20e-03    1.73e-01
  78  8.040794e+01    9.51e-04    4.74e+01   2.69e+01   6.09e-01  7.01e+05        1    2.21e-03    1.75e-01
  79  8.040700e+01    9.41e-04    4.65e+01   2.86e+01   6.12e-01  7.09e+05        1    2.26e-03    1.78e-01
  80  8.040607e+01    9.31e-04    4.56e+01   3.05e+01   6.16e-01  7.18e+05        1    2.19e-03    1.80e-01
  81  8.040515e+01    9.21e-04    4.47e+01   3.26e+01   6.20e-01  7.28e+05        1    2.20e-03    1.82e-01
  82  8.040424e+01    9.09e-04    4.37e+01   3.49e+01   6.24e-01  7.39e+05        1    2.20e-03    1.84e-01
  83  8.040334e+01    8.98e-04    4.27e+01   3.73e+01   6.28e-01  7.51e+05        1    2.20e-03    1.87e-01
  84  8.040246e+01    8.86e-04    4.16e+01   4.01e+01   6.32e-01  7.65e+05        1    2.21e-03    1.89e-01
  85  8.040158e+01    8.73e-04    4.05e+01   4.31e+01   6.36e-01  7.81e+05        1    2.20e-03    1.91e-01
  86  8.040072e+01    8.59e-04    3.93e+01   4.64e+01   6.41e-01  7.99e+05        1    2.20e-03    1.93e-01
  87  8.039988e+01    8.45e-04    3.81e+01   5.01e+01   6.45e-01  8.19e+05        1    2.21e-03    1.95e-01
  88  8.039905e+01    8.30e-04    3.69e+01   5.42e+01   6.49e-01  8.41e+05        1    2.21e-03    1.98e-01
  89  8.039823e+01    8.15e-04    3.56e+01   5.87e+01   6.54e-01  8.67e+05        1    2.36e-03    2.00e-01
  90  8.039744e+01    7.99e-04    3.43e+01   6.36e+01   6.59e-01  8.95e+05        1    2.33e-03    2.02e-01
  91  8.039665e+01    7.81e-04    3.29e+01   6.92e+01   6.63e-01  9.27e+05        1    2.25e-03    2.05e-01
  92  8.039589e+01    7.64e-04    3.14e+01   7.53e+01   6.68e-01  9.64e+05        1    2.21e-03    2.07e-01
  93  8.039515e+01    7.45e-04    3.00e+01   8.22e+01   6.72e-01  1.01e+06        1    2.21e-03    2.09e-01
  94  8.039442e+01    7.25e-04    2.85e+01   8.99e+01   6.77e-01  1.05e+06        1    2.21e-03    2.11e-01
  95  8.039372e+01    7.05e-04    2.69e+01   9.84e+01   6.82e-01  1.10e+06        1    2.20e-03    2.14e-01
  96  8.039303e+01    6.84e-04    2.54e+01   1.08e+02   6.86e-01  1.16e+06        1    2.24e-03    2.16e-01
  97  8.039237e+01    6.62e-04    2.38e+01   1.19e+02   6.91e-01  1.23e+06        1    2.27e-03    2.18e-01
  98  8.039173e+01    6.39e-04    2.22e+01   1.31e+02   6.95e-01  1.31e+06        1    2.21e-03    2.20e-01
  99  8.039111e+01    6.16e-04    2.07e+01   1.44e+02   6.99e-01  1.40e+06        1    2.20e-03    2.22e-01
 100  8.039052e+01    5.92e-04    1.91e+01   1.59e+02   7.03e-01  1.50e+06        1    2.21e-03    2.25e-01


Bundle adjustment report
------------------------
    Residuals : 1680
   Parameters : 1271
   Iterations : 101
         Time : 0.22477 [s]
 Initial cost : 0.21888 [px]
   Final cost : 0.21875 [px]
  Termination : No convergence

  => Completed observations: 0
  => Merged observations: 0
  => Filtered observations: 1
  => Changed observations: 0.001190

==============================================================================
Global bundle adjustment
==============================================================================

iter      cost      cost_change  |gradient|   |step|    tr_ratio  tr_radius  ls_iter  iter_time  total_time
   0  7.903146e+01    0.00e+00    4.48e+01   0.00e+00   0.00e+00  1.00e+04        0    1.48e-03    2.68e-03
   1  7.850940e+01    5.22e-01    7.79e+02   3.96e+00   7.01e-01  1.07e+04        1    2.29e-03    4.99e-03
   2  7.816954e+01    3.40e-01    4.39e+02   2.01e+00   9.03e-01  2.25e+04        1    2.21e-03    7.21e-03
   3  7.806981e+01    9.97e-02    7.55e+02   4.40e+00   5.96e-01  2.27e+04        1    2.20e-03    9.42e-03
   4  7.794466e+01    1.25e-01    3.08e+02   5.12e+00   9.23e-01  5.74e+04        1    2.20e-03    1.16e-02
   5  7.789569e+01    4.90e-02    8.42e+02   1.23e+01   4.21e-01  5.72e+04        1    2.19e-03    1.38e-02
   6  7.777717e+01    1.19e-01    3.71e+02   1.06e+01   9.00e-01  1.17e+05        1    2.21e-03    1.61e-02
   7  7.775121e+01    2.60e-02    7.28e+02   1.47e+01   3.29e-01  1.13e+05        1    2.20e-03    1.83e-02
   8  7.767752e+01    7.37e-02    2.80e+02   9.46e+00   9.12e-01  2.55e+05        1    2.20e-03    2.05e-02
   9  7.766567e+01    1.18e-02    3.55e+02   9.84e+00   4.91e-01  2.55e+05        1    2.20e-03    2.27e-02
  10  7.765034e+01    1.53e-02    6.90e+01   4.40e+00   9.76e-01  7.66e+05        1    2.19e-03    2.49e-02
  11  7.764940e+01    9.41e-04    6.19e+01   3.35e+00   6.80e-01  8.03e+05        1    2.20e-03    2.71e-02
  12  7.764882e+01    5.76e-04    1.54e+01   1.68e+00   9.41e-01  2.41e+06        1    2.20e-03    2.93e-02
  13  7.765026e+01   -1.43e-03    1.54e+01   4.41e+00  -3.51e+00  1.20e+06        1    7.99e-04    3.01e-02
  14  7.764872e+01    1.01e-04    2.53e+01   2.22e+00   4.50e-01  1.20e+06        1    2.15e-03    3.23e-02
  15  7.764852e+01    2.02e-04    2.26e+01   2.18e+00   6.57e-01  1.24e+06        1    2.19e-03    3.45e-02
  16  7.764834e+01    1.74e-04    2.42e+01   2.25e+00   5.92e-01  1.25e+06        1    2.21e-03    3.67e-02
  17  7.764816e+01    1.89e-04    2.43e+01   2.26e+00   6.08e-01  1.26e+06        1    2.20e-03    3.89e-02
  18  7.764797e+01    1.87e-04    2.49e+01   2.29e+00   5.94e-01  1.27e+06        1    2.21e-03    4.12e-02
  19  7.764778e+01    1.91e-04    2.52e+01   2.30e+00   5.92e-01  1.28e+06        1    2.21e-03    4.34e-02
  20  7.764759e+01    1.92e-04    2.56e+01   2.32e+00   5.87e-01  1.28e+06        1    2.20e-03    4.56e-02
  21  7.764739e+01    1.94e-04    2.59e+01   2.33e+00   5.84e-01  1.29e+06        1    2.20e-03    4.78e-02
  22  7.764720e+01    1.95e-04    2.62e+01   2.35e+00   5.80e-01  1.30e+06        1    2.24e-03    5.00e-02
  23  7.764700e+01    1.96e-04    2.65e+01   2.36e+00   5.77e-01  1.30e+06        1    2.24e-03    5.23e-02
  24  7.764680e+01    1.97e-04    2.67e+01   2.37e+00   5.74e-01  1.30e+06        1    2.20e-03    5.45e-02
  25  7.764661e+01    1.98e-04    2.69e+01   2.38e+00   5.72e-01  1.31e+06        1    2.19e-03    5.67e-02
  26  7.764641e+01    1.99e-04    2.71e+01   2.38e+00   5.69e-01  1.31e+06        1    2.19e-03    5.89e-02
  27  7.764621e+01    2.00e-04    2.73e+01   2.39e+00   5.67e-01  1.32e+06        1    2.23e-03    6.12e-02
  28  7.764601e+01    2.00e-04    2.75e+01   2.40e+00   5.65e-01  1.32e+06        1    2.26e-03    6.34e-02
  29  7.764581e+01    2.01e-04    2.77e+01   2.41e+00   5.63e-01  1.32e+06        1    2.19e-03    6.56e-02
  30  7.764560e+01    2.02e-04    2.79e+01   2.41e+00   5.61e-01  1.32e+06        1    2.19e-03    6.78e-02
  31  7.764540e+01    2.02e-04    2.80e+01   2.42e+00   5.60e-01  1.33e+06        1    2.21e-03    7.01e-02
  32  7.764520e+01    2.03e-04    2.82e+01   2.43e+00   5.58e-01  1.33e+06        1    2.20e-03    7.23e-02
  33  7.764500e+01    2.03e-04    2.83e+01   2.43e+00   5.57e-01  1.33e+06        1    2.64e-03    7.49e-02
  34  7.764479e+01    2.04e-04    2.84e+01   2.44e+00   5.55e-01  1.33e+06        1    2.91e-03    7.79e-02
  35  7.764459e+01    2.04e-04    2.85e+01   2.44e+00   5.54e-01  1.33e+06        1    4.02e-03    8.19e-02
  36  7.764438e+01    2.05e-04    2.87e+01   2.45e+00   5.53e-01  1.33e+06        1    3.33e-03    8.53e-02
  37  7.764418e+01    2.05e-04    2.88e+01   2.45e+00   5.52e-01  1.34e+06        1    2.25e-03    8.75e-02
  38  7.764397e+01    2.05e-04    2.89e+01   2.45e+00   5.51e-01  1.34e+06        1    2.23e-03    8.98e-02
  39  7.764377e+01    2.06e-04    2.90e+01   2.46e+00   5.50e-01  1.34e+06        1    2.20e-03    9.20e-02
  40  7.764356e+01    2.06e-04    2.91e+01   2.46e+00   5.48e-01  1.34e+06        1    2.20e-03    9.42e-02
  41  7.764336e+01    2.06e-04    2.92e+01   2.47e+00   5.48e-01  1.34e+06        1    2.21e-03    9.64e-02
  42  7.764315e+01    2.06e-04    2.93e+01   2.47e+00   5.47e-01  1.34e+06        1    2.20e-03    9.86e-02
  43  7.764294e+01    2.07e-04    2.94e+01   2.47e+00   5.46e-01  1.34e+06        1    2.24e-03    1.01e-01
  44  7.764274e+01    2.07e-04    2.95e+01   2.48e+00   5.45e-01  1.34e+06        1    2.22e-03    1.03e-01
  45  7.764253e+01    2.07e-04    2.96e+01   2.48e+00   5.44e-01  1.35e+06        1    2.19e-03    1.05e-01
  46  7.764232e+01    2.07e-04    2.97e+01   2.48e+00   5.43e-01  1.35e+06        1    2.20e-03    1.08e-01
  47  7.764211e+01    2.08e-04    2.98e+01   2.49e+00   5.42e-01  1.35e+06        1    2.19e-03    1.10e-01
  48  7.764191e+01    2.08e-04    2.98e+01   2.49e+00   5.42e-01  1.35e+06        1    2.19e-03    1.12e-01
  49  7.764170e+01    2.08e-04    2.99e+01   2.49e+00   5.41e-01  1.35e+06        1    2.20e-03    1.14e-01
  50  7.764149e+01    2.08e-04    3.00e+01   2.50e+00   5.40e-01  1.35e+06        1    2.20e-03    1.16e-01
  51  7.764128e+01    2.08e-04    3.01e+01   2.50e+00   5.40e-01  1.35e+06        1    2.19e-03    1.19e-01
  52  7.764107e+01    2.08e-04    3.01e+01   2.50e+00   5.39e-01  1.35e+06        1    2.19e-03    1.21e-01
  53  7.764086e+01    2.09e-04    3.02e+01   2.51e+00   5.38e-01  1.35e+06        1    2.20e-03    1.23e-01
  54  7.764066e+01    2.09e-04    3.03e+01   2.51e+00   5.38e-01  1.35e+06        1    2.22e-03    1.25e-01
  55  7.764045e+01    2.09e-04    3.03e+01   2.51e+00   5.37e-01  1.35e+06        1    2.25e-03    1.28e-01
  56  7.764024e+01    2.09e-04    3.04e+01   2.51e+00   5.37e-01  1.35e+06        1    2.28e-03    1.30e-01
  57  7.764003e+01    2.09e-04    3.05e+01   2.52e+00   5.36e-01  1.35e+06        1    2.21e-03    1.32e-01
  58  7.763982e+01    2.09e-04    3.05e+01   2.52e+00   5.36e-01  1.35e+06        1    2.21e-03    1.34e-01
  59  7.763961e+01    2.09e-04    3.06e+01   2.52e+00   5.35e-01  1.35e+06        1    2.25e-03    1.37e-01
  60  7.763940e+01    2.09e-04    3.07e+01   2.52e+00   5.35e-01  1.35e+06        1    2.23e-03    1.39e-01
  61  7.763919e+01    2.09e-04    3.07e+01   2.53e+00   5.34e-01  1.36e+06        1    2.25e-03    1.41e-01
  62  7.763898e+01    2.09e-04    3.08e+01   2.53e+00   5.34e-01  1.36e+06        1    2.21e-03    1.43e-01
  63  7.763877e+01    2.09e-04    3.08e+01   2.53e+00   5.33e-01  1.36e+06        1    2.20e-03    1.45e-01
  64  7.763856e+01    2.09e-04    3.09e+01   2.53e+00   5.33e-01  1.36e+06        1    2.20e-03    1.48e-01
  65  7.763835e+01    2.09e-04    3.09e+01   2.53e+00   5.32e-01  1.36e+06        1    2.24e-03    1.50e-01
  66  7.763815e+01    2.09e-04    3.10e+01   2.54e+00   5.32e-01  1.36e+06        1    2.20e-03    1.52e-01
  67  7.763794e+01    2.10e-04    3.10e+01   2.54e+00   5.32e-01  1.36e+06        1    2.25e-03    1.54e-01
  68  7.763773e+01    2.10e-04    3.11e+01   2.54e+00   5.31e-01  1.36e+06        1    2.19e-03    1.57e-01
  69  7.763752e+01    2.10e-04    3.11e+01   2.54e+00   5.31e-01  1.36e+06        1    2.20e-03    1.59e-01
  70  7.763731e+01    2.10e-04    3.12e+01   2.54e+00   5.30e-01  1.36e+06        1    2.22e-03    1.61e-01
  71  7.763710e+01    2.10e-04    3.12e+01   2.55e+00   5.30e-01  1.36e+06        1    2.20e-03    1.63e-01
  72  7.763689e+01    2.10e-04    3.13e+01   2.55e+00   5.30e-01  1.36e+06        1    2.23e-03    1.66e-01
  73  7.763668e+01    2.10e-04    3.13e+01   2.55e+00   5.29e-01  1.36e+06        1    2.24e-03    1.68e-01
  74  7.763647e+01    2.10e-04    3.14e+01   2.55e+00   5.29e-01  1.36e+06        1    2.19e-03    1.70e-01
  75  7.763626e+01    2.09e-04    3.14e+01   2.55e+00   5.29e-01  1.36e+06        1    2.20e-03    1.72e-01
  76  7.763605e+01    2.09e-04    3.15e+01   2.56e+00   5.28e-01  1.36e+06        1    2.21e-03    1.74e-01
  77  7.763584e+01    2.09e-04    3.15e+01   2.56e+00   5.28e-01  1.36e+06        1    2.35e-03    1.77e-01
  78  7.763563e+01    2.09e-04    3.15e+01   2.56e+00   5.28e-01  1.36e+06        1    2.20e-03    1.79e-01
  79  7.763542e+01    2.09e-04    3.16e+01   2.56e+00   5.28e-01  1.36e+06        1    2.21e-03    1.81e-01
  80  7.763521e+01    2.09e-04    3.16e+01   2.56e+00   5.27e-01  1.36e+06        1    2.22e-03    1.83e-01
  81  7.763500e+01    2.09e-04    3.16e+01   2.56e+00   5.27e-01  1.36e+06        1    2.23e-03    1.86e-01
  82  7.763479e+01    2.09e-04    3.17e+01   2.57e+00   5.27e-01  1.36e+06        1    2.29e-03    1.88e-01
  83  7.763459e+01    2.09e-04    3.17e+01   2.57e+00   5.27e-01  1.36e+06        1    2.30e-03    1.90e-01
  84  7.763438e+01    2.09e-04    3.17e+01   2.57e+00   5.26e-01  1.36e+06        1    2.20e-03    1.93e-01
  85  7.763417e+01    2.09e-04    3.18e+01   2.57e+00   5.26e-01  1.36e+06        1    2.20e-03    1.95e-01
  86  7.763396e+01    2.09e-04    3.18e+01   2.57e+00   5.26e-01  1.36e+06        1    2.19e-03    1.97e-01
  87  7.763375e+01    2.09e-04    3.18e+01   2.58e+00   5.26e-01  1.36e+06        1    2.21e-03    1.99e-01
  88  7.763354e+01    2.09e-04    3.19e+01   2.58e+00   5.26e-01  1.36e+06        1    2.20e-03    2.01e-01
  89  7.763333e+01    2.09e-04    3.19e+01   2.58e+00   5.25e-01  1.36e+06        1    2.20e-03    2.04e-01
  90  7.763312e+01    2.08e-04    3.19e+01   2.58e+00   5.25e-01  1.36e+06        1    2.19e-03    2.06e-01
  91  7.763292e+01    2.08e-04    3.20e+01   2.58e+00   5.25e-01  1.36e+06        1    2.19e-03    2.08e-01
  92  7.763271e+01    2.08e-04    3.20e+01   2.58e+00   5.25e-01  1.36e+06        1    2.20e-03    2.10e-01
  93  7.763250e+01    2.08e-04    3.20e+01   2.58e+00   5.25e-01  1.36e+06        1    2.19e-03    2.12e-01
  94  7.763229e+01    2.08e-04    3.20e+01   2.59e+00   5.25e-01  1.36e+06        1    2.19e-03    2.15e-01
  95  7.763208e+01    2.08e-04    3.21e+01   2.59e+00   5.24e-01  1.36e+06        1    2.20e-03    2.17e-01
  96  7.763188e+01    2.08e-04    3.21e+01   2.59e+00   5.24e-01  1.36e+06        1    2.19e-03    2.19e-01
  97  7.763167e+01    2.08e-04    3.21e+01   2.59e+00   5.24e-01  1.36e+06        1    2.19e-03    2.21e-01
  98  7.763146e+01    2.07e-04    3.21e+01   2.59e+00   5.24e-01  1.36e+06        1    2.21e-03    2.23e-01
  99  7.763125e+01    2.07e-04    3.22e+01   2.59e+00   5.24e-01  1.36e+06        1    2.19e-03    2.26e-01
 100  7.763105e+01    2.07e-04    3.22e+01   2.60e+00   5.24e-01  1.36e+06        1    2.18e-03    2.28e-01


Bundle adjustment report
------------------------
    Residuals : 1676
   Parameters : 1268
   Iterations : 101
         Time : 0.227911 [s]
 Initial cost : 0.217152 [px]
   Final cost : 0.215219 [px]
  Termination : No convergence

  => Completed observations: 0
  => Merged observations: 0
  => Filtered observations: 0
  => Changed observations: 0.000000
  => Filtered images: 0

==============================================================================
Registering image #11 (3)
==============================================================================

  => Image sees 57 / 163 points
  => Could not register, trying another image.

==============================================================================
Finding good initial image pair
==============================================================================


==============================================================================
Initializing with image pair #8 and #11
==============================================================================


==============================================================================
Global bundle adjustment
==============================================================================

iter      cost      cost_change  |gradient|   |step|    tr_ratio  tr_radius  ls_iter  iter_time  total_time
   0  1.963325e+01    0.00e+00    2.47e+02   0.00e+00   0.00e+00  1.00e+04        0    3.23e-04    6.18e-04
   1  2.334481e+01   -3.71e+00    2.47e+02   4.02e+01  -1.03e+00  5.00e+03        1    2.15e-04    8.67e-04
   2  1.885258e+01    7.81e-01    2.03e+03   2.34e+01   2.78e-01  4.60e+03        1    4.67e-04    1.35e-03
   3  1.623156e+01    2.62e+00    3.81e+02   1.87e+01   9.35e-01  1.35e+04        1    4.75e-04    1.83e-03
   4  1.616054e+01    7.10e-02    1.47e+03   3.66e+01   5.84e-02  7.99e+03        1    4.70e-04    2.31e-03
   5  1.476026e+01    1.40e+00    3.01e+02   1.73e+01   9.68e-01  2.40e+04        1    4.73e-04    2.80e-03
   6  1.464689e+01    1.13e-01    7.46e+02   2.91e+01   2.71e-01  2.19e+04        1    4.69e-04    3.28e-03
   7  1.425016e+01    3.97e-01    2.00e+02   1.68e+01   9.33e-01  6.24e+04        1    4.81e-04    3.77e-03
   8  1.418487e+01    6.53e-02    1.94e+02   1.84e+01   6.46e-01  6.40e+04        1    4.69e-04    4.25e-03
   9  1.413518e+01    4.97e-02    3.30e+01   8.30e+00   9.83e-01  1.92e+05        1    4.72e-04    4.73e-03
  10  1.413030e+01    4.88e-03    1.65e+01   5.48e+00   9.96e-01  5.76e+05        1    4.68e-04    5.21e-03
  11  1.412914e+01    1.17e-03    4.51e+01   5.63e+00   7.62e-01  6.73e+05        1    4.73e-04    5.69e-03
  12  1.412812e+01    1.02e-03    4.71e+01   5.45e+00   7.71e-01  8.00e+05        1    4.71e-04    6.17e-03
  13  1.412737e+01    7.44e-04    4.47e+01   5.26e+00   7.37e-01  8.95e+05        1    4.73e-04    6.65e-03
  14  1.412678e+01    5.88e-04    3.46e+01   4.66e+00   7.77e-01  1.08e+06        1    4.69e-04    7.13e-03
  15  1.412640e+01    3.85e-04    2.77e+01   4.26e+00   7.58e-01  1.25e+06        1    4.64e-04    7.61e-03
  16  1.412613e+01    2.66e-04    1.84e+01   3.62e+00   7.97e-01  1.58e+06        1    4.68e-04    8.09e-03
  17  1.412598e+01    1.50e-04    1.18e+01   3.17e+00   7.74e-01  1.89e+06        1    4.65e-04    8.57e-03
  18  1.412590e+01    8.86e-05    6.44e+00   2.56e+00   8.09e-01  2.47e+06        1    4.76e-04    9.05e-03
  19  1.412585e+01    4.25e-05    5.34e+00   2.20e+00   7.49e-01  2.82e+06        1    4.65e-04    9.53e-03
  20  1.412583e+01    2.66e-05    5.30e+00   1.77e+00   7.72e-01  3.36e+06        1    4.76e-04    1.00e-02
  21  1.412581e+01    1.61e-05    9.21e+00   1.64e+00   6.64e-01  3.48e+06        1    4.67e-04    1.05e-02
  22  1.412579e+01    1.60e-05    1.04e+01   1.47e+00   6.96e-01  3.71e+06        1    4.75e-04    1.10e-02
  23  1.412578e+01    1.42e-05    1.19e+01   1.46e+00   6.44e-01  3.80e+06        1    4.68e-04    1.15e-02
  24  1.412576e+01    1.51e-05    1.26e+01   1.45e+00   6.47e-01  3.90e+06        1    4.72e-04    1.19e-02
  25  1.412575e+01    1.51e-05    1.33e+01   1.46e+00   6.29e-01  3.97e+06        1    4.68e-04    1.24e-02
  26  1.412573e+01    1.56e-05    1.38e+01   1.48e+00   6.20e-01  4.02e+06        1    4.72e-04    1.29e-02
  27  1.412572e+01    1.59e-05    1.42e+01   1.50e+00   6.11e-01  4.07e+06        1    4.70e-04    1.34e-02
  28  1.412570e+01    1.62e-05    1.46e+01   1.52e+00   6.03e-01  4.10e+06        1    4.71e-04    1.39e-02
  29  1.412569e+01    1.65e-05    1.49e+01   1.53e+00   5.96e-01  4.13e+06        1    4.69e-04    1.43e-02
  30  1.412567e+01    1.68e-05    1.51e+01   1.54e+00   5.90e-01  4.16e+06        1    4.72e-04    1.48e-02
  31  1.412565e+01    1.70e-05    1.53e+01   1.56e+00   5.85e-01  4.18e+06        1    4.69e-04    1.53e-02
  32  1.412563e+01    1.72e-05    1.55e+01   1.57e+00   5.80e-01  4.19e+06        1    4.71e-04    1.58e-02
  33  1.412562e+01    1.74e-05    1.57e+01   1.58e+00   5.76e-01  4.21e+06        1    4.71e-04    1.63e-02
  34  1.412560e+01    1.76e-05    1.59e+01   1.59e+00   5.72e-01  4.22e+06        1    4.71e-04    1.67e-02
  35  1.412558e+01    1.77e-05    1.60e+01   1.60e+00   5.69e-01  4.23e+06        1    4.69e-04    1.72e-02
  36  1.412556e+01    1.79e-05    1.61e+01   1.60e+00   5.65e-01  4.24e+06        1    4.71e-04    1.77e-02
  37  1.412555e+01    1.80e-05    1.62e+01   1.61e+00   5.62e-01  4.25e+06        1    4.69e-04    1.82e-02
  38  1.412553e+01    1.82e-05    1.64e+01   1.62e+00   5.59e-01  4.26e+06        1    4.71e-04    1.86e-02
  39  1.412551e+01    1.83e-05    1.65e+01   1.62e+00   5.57e-01  4.26e+06        1    4.68e-04    1.91e-02
  40  1.412549e+01    1.84e-05    1.65e+01   1.63e+00   5.54e-01  4.27e+06        1    4.64e-04    1.96e-02
  41  1.412547e+01    1.86e-05    1.66e+01   1.64e+00   5.51e-01  4.27e+06        1    4.77e-04    2.01e-02
  42  1.412545e+01    1.87e-05    1.67e+01   1.64e+00   5.49e-01  4.28e+06        1    4.64e-04    2.06e-02
  43  1.412544e+01    1.88e-05    1.68e+01   1.65e+00   5.47e-01  4.28e+06        1    4.76e-04    2.10e-02
  44  1.412542e+01    1.89e-05    1.69e+01   1.65e+00   5.44e-01  4.28e+06        1    4.68e-04    2.15e-02
  45  1.412540e+01    1.91e-05    1.69e+01   1.66e+00   5.42e-01  4.29e+06        1    4.78e-04    2.20e-02
  46  1.412538e+01    1.92e-05    1.70e+01   1.66e+00   5.40e-01  4.29e+06        1    4.64e-04    2.25e-02
  47  1.412536e+01    1.93e-05    1.71e+01   1.67e+00   5.38e-01  4.29e+06        1    4.74e-04    2.30e-02
  48  1.412534e+01    1.94e-05    1.71e+01   1.67e+00   5.36e-01  4.29e+06        1    4.64e-04    2.34e-02
  49  1.412532e+01    1.95e-05    1.72e+01   1.68e+00   5.34e-01  4.29e+06        1    4.83e-04    2.39e-02
  50  1.412530e+01    1.97e-05    1.73e+01   1.68e+00   5.32e-01  4.30e+06        1    4.70e-04    2.44e-02
  51  1.412528e+01    1.98e-05    1.73e+01   1.69e+00   5.30e-01  4.30e+06        1    4.72e-04    2.49e-02
  52  1.412526e+01    1.99e-05    1.74e+01   1.69e+00   5.28e-01  4.30e+06        1    4.69e-04    2.54e-02
  53  1.412524e+01    2.00e-05    1.74e+01   1.70e+00   5.26e-01  4.30e+06        1    4.71e-04    2.59e-02
  54  1.412522e+01    2.01e-05    1.75e+01   1.70e+00   5.24e-01  4.30e+06        1    4.67e-04    2.63e-02
  55  1.412520e+01    2.02e-05    1.76e+01   1.71e+00   5.22e-01  4.30e+06        1    4.71e-04    2.68e-02
  56  1.412518e+01    2.03e-05    1.76e+01   1.71e+00   5.20e-01  4.30e+06        1    4.69e-04    2.73e-02
  57  1.412516e+01    2.05e-05    1.77e+01   1.72e+00   5.18e-01  4.30e+06        1    4.75e-04    2.78e-02
  58  1.412514e+01    2.06e-05    1.77e+01   1.72e+00   5.16e-01  4.30e+06        1    4.69e-04    2.83e-02
  59  1.412512e+01    2.07e-05    1.78e+01   1.72e+00   5.15e-01  4.30e+06        1    4.72e-04    2.87e-02
  60  1.412510e+01    2.08e-05    1.78e+01   1.73e+00   5.13e-01  4.30e+06        1    4.69e-04    2.92e-02
  61  1.412508e+01    2.09e-05    1.79e+01   1.73e+00   5.11e-01  4.30e+06        1    4.72e-04    2.97e-02
  62  1.412506e+01    2.10e-05    1.79e+01   1.74e+00   5.09e-01  4.30e+06        1    4.71e-04    3.02e-02
  63  1.412503e+01    2.12e-05    1.80e+01   1.74e+00   5.07e-01  4.30e+06        1    4.72e-04    3.07e-02
  64  1.412501e+01    2.13e-05    1.80e+01   1.75e+00   5.05e-01  4.30e+06        1    4.70e-04    3.11e-02
  65  1.412499e+01    2.14e-05    1.81e+01   1.75e+00   5.03e-01  4.30e+06        1    4.66e-04    3.16e-02
  66  1.412497e+01    2.15e-05    1.81e+01   1.76e+00   5.01e-01  4.30e+06        1    4.69e-04    3.21e-02
  67  1.412495e+01    2.17e-05    1.82e+01   1.76e+00   4.99e-01  4.30e+06        1    4.64e-04    3.26e-02
  68  1.412493e+01    2.18e-05    1.82e+01   1.77e+00   4.97e-01  4.30e+06        1    4.79e-04    3.31e-02
  69  1.412490e+01    2.19e-05    1.83e+01   1.77e+00   4.95e-01  4.30e+06        1    4.65e-04    3.35e-02
  70  1.412488e+01    2.20e-05    1.84e+01   1.78e+00   4.93e-01  4.30e+06        1    4.75e-04    3.40e-02
  71  1.412486e+01    2.22e-05    1.84e+01   1.78e+00   4.91e-01  4.30e+06        1    4.64e-04    3.45e-02
  72  1.412484e+01    2.23e-05    1.85e+01   1.78e+00   4.90e-01  4.30e+06        1    4.75e-04    3.50e-02
  73  1.412482e+01    2.24e-05    1.85e+01   1.79e+00   4.88e-01  4.30e+06        1    4.65e-04    3.54e-02
  74  1.412479e+01    2.25e-05    1.86e+01   1.79e+00   4.86e-01  4.30e+06        1    4.75e-04    3.59e-02
  75  1.412477e+01    2.27e-05    1.86e+01   1.80e+00   4.84e-01  4.30e+06        1    5.63e-04    3.65e-02
  76  1.412475e+01    2.28e-05    1.87e+01   1.80e+00   4.82e-01  4.30e+06        1    6.77e-04    3.72e-02
  77  1.412472e+01    2.30e-05    1.87e+01   1.81e+00   4.80e-01  4.30e+06        1    6.12e-04    3.78e-02
  78  1.412470e+01    2.31e-05    1.88e+01   1.81e+00   4.78e-01  4.30e+06        1    5.02e-04    3.84e-02
  79  1.412468e+01    2.32e-05    1.88e+01   1.82e+00   4.76e-01  4.30e+06        1    7.19e-04    3.91e-02
  80  1.412465e+01    2.34e-05    1.89e+01   1.82e+00   4.74e-01  4.30e+06        1    8.08e-04    3.99e-02
  81  1.412463e+01    2.35e-05    1.90e+01   1.83e+00   4.72e-01  4.30e+06        1    8.20e-04    4.08e-02
  82  1.412461e+01    2.36e-05    1.90e+01   1.83e+00   4.70e-01  4.30e+06        1    8.09e-04    4.16e-02
  83  1.412458e+01    2.38e-05    1.91e+01   1.84e+00   4.68e-01  4.29e+06        1    8.10e-04    4.24e-02
  84  1.412456e+01    2.39e-05    1.91e+01   1.84e+00   4.67e-01  4.29e+06        1    7.72e-04    4.32e-02
  85  1.412454e+01    2.41e-05    1.91e+01   1.85e+00   4.65e-01  4.29e+06        1    5.50e-04    4.38e-02
  86  1.412451e+01    2.42e-05    1.92e+01   1.85e+00   4.63e-01  4.29e+06        1    4.84e-04    4.43e-02
  87  1.412449e+01    2.44e-05    1.92e+01   1.86e+00   4.61e-01  4.29e+06        1    5.09e-04    4.48e-02
  88  1.412446e+01    2.45e-05    1.93e+01   1.86e+00   4.60e-01  4.29e+06        1    4.74e-04    4.53e-02
  89  1.412444e+01    2.46e-05    1.93e+01   1.86e+00   4.58e-01  4.28e+06        1    4.88e-04    4.58e-02
  90  1.412441e+01    2.48e-05    1.94e+01   1.87e+00   4.57e-01  4.28e+06        1    4.69e-04    4.63e-02
  91  1.412439e+01    2.49e-05    1.94e+01   1.87e+00   4.55e-01  4.28e+06        1    4.84e-04    4.67e-02
  92  1.412436e+01    2.51e-05    1.94e+01   1.88e+00   4.54e-01  4.27e+06        1    4.73e-04    4.72e-02
  93  1.412434e+01    2.52e-05    1.94e+01   1.88e+00   4.52e-01  4.27e+06        1    4.86e-04    4.77e-02
  94  1.412431e+01    2.54e-05    1.95e+01   1.88e+00   4.51e-01  4.27e+06        1    4.70e-04    4.82e-02
  95  1.412429e+01    2.55e-05    1.95e+01   1.89e+00   4.50e-01  4.26e+06        1    4.85e-04    4.87e-02
  96  1.412426e+01    2.57e-05    1.95e+01   1.89e+00   4.49e-01  4.26e+06        1    4.71e-04    4.92e-02
  97  1.412424e+01    2.58e-05    1.95e+01   1.89e+00   4.47e-01  4.25e+06        1    4.75e-04    4.97e-02
  98  1.412421e+01    2.60e-05    1.95e+01   1.90e+00   4.46e-01  4.25e+06        1    4.75e-04    5.02e-02
  99  1.412418e+01    2.61e-05    1.96e+01   1.90e+00   4.45e-01  4.24e+06        1    4.73e-04    5.06e-02
 100  1.412416e+01    2.62e-05    1.96e+01   1.90e+00   4.44e-01  4.24e+06        1    4.70e-04    5.11e-02


Bundle adjustment report
------------------------
    Residuals : 344
   Parameters : 269
   Iterations : 101
         Time : 0.051151 [s]
 Initial cost : 0.2389 [px]
   Final cost : 0.202629 [px]
  Termination : No convergence

  => Filtered observations: 0
  => Filtered images: 0

==============================================================================
Registering image #6 (3)
==============================================================================

  => Image sees 52 / 519 points
  => Could not register, trying another image.

==============================================================================
Retriangulation
==============================================================================

  => Completed observations: 0
  => Merged observations: 0
  => Retriangulated observations: 0

==============================================================================
Global bundle adjustment
==============================================================================

iter      cost      cost_change  |gradient|   |step|    tr_ratio  tr_radius  ls_iter  iter_time  total_time
   0  1.412416e+01    0.00e+00    6.14e+00   0.00e+00   0.00e+00  1.00e+04        0    3.22e-04    6.04e-04
   1  1.412412e+01    3.29e-05    2.05e-02   3.66e-03   1.00e+00  3.00e+04        1    5.22e-04    1.14e-03


Bundle adjustment report
------------------------
    Residuals : 344
   Parameters : 269
   Iterations : 2
         Time : 0.00117087 [s]
 Initial cost : 0.202629 [px]
   Final cost : 0.202629 [px]
  Termination : Convergence

  => Completed observations: 0
  => Merged observations: 0
  => Filtered observations: 0
  => Changed observations: 0.000000
  => Filtered images: 0

==============================================================================
Registering image #6 (3)
==============================================================================

  => Image sees 52 / 519 points
  => Could not register, trying another image.

==============================================================================
Finding good initial image pair
==============================================================================


==============================================================================
Initializing with image pair #6 and #11
==============================================================================


==============================================================================
Global bundle adjustment
==============================================================================

iter      cost      cost_change  |gradient|   |step|    tr_ratio  tr_radius  ls_iter  iter_time  total_time
   0  4.521423e+01    0.00e+00    2.40e+03   0.00e+00   0.00e+00  1.00e+04        0    1.95e-04    3.99e-04
   1  5.361462e+01   -8.40e+00    2.40e+03   6.47e+01  -2.63e-01  5.00e+03        1    1.29e-04    5.46e-04
   2  3.833446e+01    6.88e+00    5.79e+03   4.71e+01   2.23e-01  4.27e+03        1    2.59e-04    8.16e-04
   3  1.353654e+01    2.48e+01    1.28e+03   1.68e+01   9.85e-01  1.28e+04        1    2.72e-04    1.10e-03
   4  2.025533e+01   -6.72e+00    1.28e+03   3.18e+01  -3.90e+00  6.41e+03        1    1.01e-04    1.21e-03
   5  1.350089e+01    3.56e-02    2.25e+03   1.78e+01   2.85e-02  3.48e+03        1    2.62e-04    1.48e-03
   6  1.194867e+01    1.55e+00    4.71e+02   9.27e+00   9.59e-01  1.05e+04        1    2.65e-04    1.77e-03
   7  1.251714e+01   -5.68e-01    4.71e+02   2.43e+01  -7.07e-01  5.23e+03        1    1.01e-04    1.88e-03
   8  1.159655e+01    3.52e-01    5.46e+02   1.34e+01   6.91e-01  5.53e+03        1    2.64e-04    2.15e-03
   9  1.116117e+01    4.35e-01    2.63e+02   1.30e+01   8.12e-01  7.31e+03        1    2.67e-04    2.43e-03
  10  1.083899e+01    3.22e-01    2.68e+02   1.51e+01   6.67e-01  7.59e+03        1    2.64e-04    2.70e-03
  11  1.048186e+01    3.57e-01    2.15e+02   1.35e+01   7.65e-01  8.92e+03        1    2.63e-04    2.97e-03
  12  1.022400e+01    2.58e-01    2.08e+02   1.35e+01   6.96e-01  9.49e+03        1    2.97e-04    3.28e-03
  13  9.986287e+00    2.38e-01    1.96e+02   1.21e+01   7.65e-01  1.11e+04        1    2.72e-04    3.57e-03
  14  9.811090e+00    1.75e-01    1.96e+02   1.20e+01   7.50e-01  1.27e+04        1    2.66e-04    3.84e-03
  15  9.660413e+00    1.51e-01    1.55e+02   1.18e+01   8.08e-01  1.66e+04        1    2.71e-04    4.12e-03
  16  9.531291e+00    1.29e-01    1.11e+02   1.37e+01   8.29e-01  2.33e+04        1    2.68e-04    4.40e-03
  17  9.393244e+00    1.38e-01    7.23e+01   1.75e+01   8.79e-01  4.13e+04        1    2.62e-04    4.67e-03
  18  9.234677e+00    1.59e-01    3.01e+02   2.88e+01   7.38e-01  4.63e+04        1    2.62e-04    4.94e-03
  19  9.053923e+00    1.81e-01    5.19e+02   3.12e+01   6.73e-01  4.83e+04        1    2.81e-04    5.23e-03
  20  8.858961e+00    1.95e-01    6.32e+02   3.17e+01   6.33e-01  4.92e+04        1    2.67e-04    5.51e-03
  21  8.654059e+00    2.05e-01    6.95e+02   3.13e+01   6.13e-01  4.98e+04        1    2.61e-04    5.78e-03
  22  8.445040e+00    2.09e-01    7.30e+02   3.05e+01   6.00e-01  5.02e+04        1    2.72e-04    6.06e-03
  23  8.235693e+00    2.09e-01    7.42e+02   2.94e+01   5.95e-01  5.05e+04        1    2.63e-04    6.34e-03
  24  8.030341e+00    2.05e-01    7.33e+02   2.80e+01   5.97e-01  5.09e+04        1    2.69e-04    6.61e-03
  25  7.833597e+00    1.97e-01    7.04e+02   2.64e+01   6.06e-01  5.14e+04        1    2.62e-04    6.89e-03
  26  7.650375e+00    1.83e-01    6.59e+02   2.46e+01   6.21e-01  5.21e+04        1    2.72e-04    7.17e-03
  27  7.485388e+00    1.65e-01    5.99e+02   2.26e+01   6.39e-01  5.33e+04        1    2.67e-04    7.44e-03
  28  7.342344e+00    1.43e-01    5.31e+02   2.06e+01   6.61e-01  5.51e+04        1    2.61e-04    7.71e-03
  29  7.223205e+00    1.19e-01    4.59e+02   1.86e+01   6.82e-01  5.79e+04        1    2.62e-04    7.98e-03
  30  7.127962e+00    9.52e-02    3.87e+02   1.67e+01   7.04e-01  6.22e+04        1    2.70e-04    8.26e-03
  31  7.055000e+00    7.30e-02    3.19e+02   1.48e+01   7.26e-01  6.85e+04        1    2.66e-04    8.54e-03
  32  7.001696e+00    5.33e-02    2.55e+02   1.30e+01   7.47e-01  7.78e+04        1    2.62e-04    8.81e-03
  33  6.964923e+00    3.68e-02    1.97e+02   1.12e+01   7.68e-01  9.21e+04        1    2.72e-04    9.09e-03
  34  6.941380e+00    2.35e-02    1.45e+02   9.53e+00   7.91e-01  1.15e+05        1    2.66e-04    9.37e-03
  35  6.927784e+00    1.36e-02    9.90e+01   7.82e+00   8.14e-01  1.52e+05        1    2.61e-04    9.64e-03
  36  6.921013e+00    6.77e-03    6.09e+01   6.12e+00   8.36e-01  2.18e+05        1    2.62e-04    9.91e-03
  37  6.918282e+00    2.73e-03    3.71e+01   4.51e+00   8.49e-01  3.31e+05        1    2.73e-04    1.02e-02
  38  6.917407e+00    8.75e-04    2.42e+01   3.20e+00   8.29e-01  4.62e+05        1    2.67e-04    1.05e-02
  39  6.917095e+00    3.12e-04    1.68e+01   2.47e+00   7.44e-01  5.23e+05        1    2.63e-04    1.07e-02
  40  6.916883e+00    2.12e-04    1.48e+01   2.17e+00   6.93e-01  5.54e+05        1    2.61e-04    1.10e-02
  41  6.916689e+00    1.94e-04    1.81e+01   2.14e+00   6.49e-01  5.70e+05        1    2.63e-04    1.13e-02
  42  6.916489e+00    2.00e-04    1.95e+01   2.17e+00   6.35e-01  5.81e+05        1    2.69e-04    1.16e-02
  43  6.916284e+00    2.05e-04    2.04e+01   2.21e+00   6.19e-01  5.89e+05        1    2.62e-04    1.18e-02
  44  6.916073e+00    2.11e-04    2.10e+01   2.24e+00   6.09e-01  5.95e+05        1    2.72e-04    1.21e-02
  45  6.915856e+00    2.17e-04    2.15e+01   2.27e+00   6.00e-01  6.00e+05        1    2.67e-04    1.24e-02
  46  6.915635e+00    2.21e-04    2.19e+01   2.30e+00   5.93e-01  6.04e+05        1    2.64e-04    1.27e-02
  47  6.915409e+00    2.26e-04    2.22e+01   2.32e+00   5.87e-01  6.07e+05        1    2.62e-04    1.29e-02
  48  6.915180e+00    2.29e-04    2.25e+01   2.34e+00   5.81e-01  6.10e+05        1    2.72e-04    1.32e-02
  49  6.914947e+00    2.33e-04    2.28e+01   2.36e+00   5.76e-01  6.12e+05        1    2.68e-04    1.35e-02
  50  6.914711e+00    2.36e-04    2.30e+01   2.37e+00   5.71e-01  6.13e+05        1    2.62e-04    1.38e-02
  51  6.914472e+00    2.39e-04    2.32e+01   2.39e+00   5.66e-01  6.15e+05        1    2.73e-04    1.41e-02
  52  6.914229e+00    2.42e-04    2.34e+01   2.40e+00   5.62e-01  6.16e+05        1    2.62e-04    1.43e-02
  53  6.913984e+00    2.45e-04    2.35e+01   2.41e+00   5.58e-01  6.17e+05        1    2.66e-04    1.46e-02
  54  6.913736e+00    2.48e-04    2.37e+01   2.42e+00   5.55e-01  6.18e+05        1    2.62e-04    1.49e-02
  55  6.913485e+00    2.51e-04    2.38e+01   2.43e+00   5.51e-01  6.18e+05        1    2.74e-04    1.52e-02
  56  6.913231e+00    2.54e-04    2.39e+01   2.44e+00   5.48e-01  6.19e+05        1    2.67e-04    1.54e-02
  57  6.912975e+00    2.56e-04    2.40e+01   2.45e+00   5.45e-01  6.19e+05        1    2.62e-04    1.57e-02
  58  6.912715e+00    2.59e-04    2.41e+01   2.46e+00   5.41e-01  6.20e+05        1    2.62e-04    1.60e-02
  59  6.912453e+00    2.62e-04    2.42e+01   2.47e+00   5.38e-01  6.20e+05        1    2.73e-04    1.63e-02
  60  6.912189e+00    2.65e-04    2.43e+01   2.48e+00   5.35e-01  6.20e+05        1    2.67e-04    1.65e-02
  61  6.911922e+00    2.67e-04    2.44e+01   2.49e+00   5.32e-01  6.20e+05        1    2.62e-04    1.68e-02
  62  6.911652e+00    2.70e-04    2.45e+01   2.50e+00   5.29e-01  6.21e+05        1    2.72e-04    1.71e-02
  63  6.911379e+00    2.73e-04    2.46e+01   2.51e+00   5.26e-01  6.21e+05        1    2.62e-04    1.74e-02
  64  6.911104e+00    2.75e-04    2.46e+01   2.52e+00   5.23e-01  6.21e+05        1    2.61e-04    1.76e-02
  65  6.910826e+00    2.78e-04    2.47e+01   2.53e+00   5.20e-01  6.21e+05        1    2.63e-04    1.79e-02
  66  6.910545e+00    2.81e-04    2.48e+01   2.53e+00   5.17e-01  6.21e+05        1    2.70e-04    1.82e-02
  67  6.910262e+00    2.83e-04    2.49e+01   2.54e+00   5.15e-01  6.21e+05        1    2.66e-04    1.85e-02
  68  6.909976e+00    2.86e-04    2.49e+01   2.55e+00   5.12e-01  6.21e+05        1    2.61e-04    1.87e-02
  69  6.909687e+00    2.89e-04    2.50e+01   2.56e+00   5.09e-01  6.21e+05        1    2.61e-04    1.90e-02
  70  6.909395e+00    2.92e-04    2.50e+01   2.57e+00   5.06e-01  6.21e+05        1    2.69e-04    1.93e-02
  71  6.909100e+00    2.95e-04    2.51e+01   2.58e+00   5.03e-01  6.21e+05        1    2.66e-04    1.96e-02
  72  6.908803e+00    2.98e-04    2.52e+01   2.58e+00   5.00e-01  6.21e+05        1    2.62e-04    1.98e-02
  73  6.908502e+00    3.01e-04    2.52e+01   2.59e+00   4.97e-01  6.21e+05        1    2.73e-04    2.01e-02
  74  6.908199e+00    3.03e-04    2.53e+01   2.60e+00   4.94e-01  6.21e+05        1    2.66e-04    2.04e-02
  75  6.907892e+00    3.06e-04    2.54e+01   2.61e+00   4.91e-01  6.21e+05        1    2.62e-04    2.07e-02
  76  6.907583e+00    3.10e-04    2.54e+01   2.62e+00   4.88e-01  6.21e+05        1    2.62e-04    2.09e-02
  77  6.907270e+00    3.13e-04    2.55e+01   2.63e+00   4.85e-01  6.21e+05        1    2.69e-04    2.12e-02
  78  6.906954e+00    3.16e-04    2.56e+01   2.63e+00   4.82e-01  6.21e+05        1    2.66e-04    2.15e-02
  79  6.906635e+00    3.19e-04    2.56e+01   2.64e+00   4.79e-01  6.21e+05        1    2.64e-04    2.17e-02
  80  6.906313e+00    3.22e-04    2.57e+01   2.65e+00   4.76e-01  6.21e+05        1    2.69e-04    2.20e-02
  81  6.905988e+00    3.25e-04    2.57e+01   2.66e+00   4.74e-01  6.21e+05        1    2.62e-04    2.23e-02
  82  6.905659e+00    3.29e-04    2.58e+01   2.67e+00   4.71e-01  6.20e+05        1    2.74e-04    2.26e-02
  83  6.905327e+00    3.32e-04    2.58e+01   2.68e+00   4.68e-01  6.20e+05        1    2.62e-04    2.29e-02
  84  6.904991e+00    3.36e-04    2.59e+01   2.68e+00   4.65e-01  6.20e+05        1    2.74e-04    2.31e-02
  85  6.904652e+00    3.39e-04    2.59e+01   2.69e+00   4.63e-01  6.20e+05        1    2.67e-04    2.34e-02
  86  6.904310e+00    3.42e-04    2.59e+01   2.70e+00   4.60e-01  6.19e+05        1    2.62e-04    2.37e-02
  87  6.903964e+00    3.46e-04    2.63e+01   2.71e+00   4.57e-01  6.19e+05        1    2.61e-04    2.40e-02
  88  6.903614e+00    3.49e-04    2.67e+01   2.71e+00   4.55e-01  6.19e+05        1    2.72e-04    2.42e-02
  89  6.903261e+00    3.53e-04    2.70e+01   2.72e+00   4.53e-01  6.18e+05        1    2.67e-04    2.45e-02
  90  6.902905e+00    3.57e-04    2.74e+01   2.73e+00   4.50e-01  6.18e+05        1    2.62e-04    2.48e-02
  91  6.902544e+00    3.60e-04    2.78e+01   2.73e+00   4.48e-01  6.17e+05        1    2.79e-04    2.51e-02
  92  6.902181e+00    3.64e-04    2.81e+01   2.74e+00   4.46e-01  6.16e+05        1    2.63e-04    2.53e-02
  93  6.901813e+00    3.68e-04    2.85e+01   2.74e+00   4.44e-01  6.15e+05        1    2.65e-04    2.56e-02
  94  6.901442e+00    3.71e-04    2.88e+01   2.75e+00   4.43e-01  6.14e+05        1    2.62e-04    2.59e-02
  95  6.901067e+00    3.75e-04    2.92e+01   2.75e+00   4.41e-01  6.13e+05        1    2.70e-04    2.62e-02
  96  6.900689e+00    3.78e-04    2.96e+01   2.76e+00   4.39e-01  6.12e+05        1    2.65e-04    2.64e-02
  97  6.900306e+00    3.82e-04    2.99e+01   2.76e+00   4.38e-01  6.11e+05        1    2.61e-04    2.67e-02
  98  6.899921e+00    3.86e-04    3.02e+01   2.77e+00   4.37e-01  6.10e+05        1    2.62e-04    2.70e-02
  99  6.899531e+00    3.89e-04    3.06e+01   2.77e+00   4.35e-01  6.08e+05        1    2.72e-04    2.73e-02
 100  6.899138e+00    3.93e-04    3.09e+01   2.77e+00   4.34e-01  6.07e+05        1    2.66e-04    2.75e-02


Bundle adjustment report
------------------------
    Residuals : 192
   Parameters : 155
   Iterations : 101
         Time : 0.0275669 [s]
 Initial cost : 0.485274 [px]
   Final cost : 0.18956 [px]
  Termination : No convergence

  => Filtered observations: 0
  => Filtered images: 0

==============================================================================
Registering image #8 (3)
==============================================================================

  => Image sees 37 / 520 points
  => Could not register, trying another image.

==============================================================================
Retriangulation
==============================================================================

  => Completed observations: 0
  => Merged observations: 0
  => Retriangulated observations: 0

==============================================================================
Global bundle adjustment
==============================================================================

iter      cost      cost_change  |gradient|   |step|    tr_ratio  tr_radius  ls_iter  iter_time  total_time
   0  6.899138e+00    0.00e+00    3.09e+01   0.00e+00   0.00e+00  1.00e+04        0    1.89e-04    3.81e-04
   1  6.898618e+00    5.20e-04    3.69e-02   4.04e-02   1.00e+00  3.00e+04        1    3.37e-04    7.34e-04


Bundle adjustment report
------------------------
    Residuals : 192
   Parameters : 155
   Iterations : 2
         Time : 0.000759125 [s]
 Initial cost : 0.18956 [px]
   Final cost : 0.189553 [px]
  Termination : Convergence

  => Completed observations: 0
  => Merged observations: 0
  => Filtered observations: 0
  => Changed observations: 0.000000
  => Filtered images: 0

==============================================================================
Registering image #8 (3)
==============================================================================

  => Image sees 37 / 520 points
  => Could not register, trying another image.

==============================================================================
Finding good initial image pair
==============================================================================


==============================================================================
Initializing with image pair #7 and #1
==============================================================================


==============================================================================
Global bundle adjustment
==============================================================================

iter      cost      cost_change  |gradient|   |step|    tr_ratio  tr_radius  ls_iter  iter_time  total_time
   0  9.556259e+01    0.00e+00    2.78e+03   0.00e+00   0.00e+00  1.00e+04        0    5.22e-04    9.65e-04
   1  1.588694e+02   -6.33e+01    2.78e+03   3.17e+01  -3.05e+00  5.00e+03        1    3.51e-04    1.33e-03
   2  1.284568e+02   -3.29e+01    2.78e+03   1.84e+01  -1.71e+00  1.25e+03        1    2.88e-04    1.63e-03
   3  9.790916e+01   -2.35e+00    2.78e+03   9.18e+00  -1.40e-01  1.56e+02        1    2.54e-04    1.90e-03
   4  8.449326e+01    1.11e+01    1.95e+02   3.79e+00   9.80e-01  4.69e+02        1    7.56e-04    2.66e-03
   5  8.124830e+01    3.24e+00    3.22e+02   4.11e+00   7.49e-01  5.35e+02        1    7.84e-04    3.46e-03
   6  7.913365e+01    2.11e+00    4.29e+01   3.11e+00   9.78e-01  1.61e+03        1    7.65e-04    4.23e-03
   7  7.779657e+01    1.34e+00    2.07e+02   9.96e+00   9.86e-01  4.82e+03        1    7.75e-04    5.02e-03
   8  7.646402e+01    1.33e+00    1.78e+03   2.57e+01   4.69e-01  4.82e+03        1    7.62e-04    5.80e-03
   9  7.346831e+01    3.00e+00    1.29e+03   2.39e+01   7.66e-01  5.67e+03        1    7.82e-04    6.59e-03
  10  7.142894e+01    2.04e+00    1.38e+03   2.62e+01   6.29e-01  5.77e+03        1    7.62e-04    7.36e-03
  11  6.919401e+01    2.23e+00    1.08e+03   2.50e+01   7.02e-01  6.18e+03        1    7.80e-04    8.15e-03
  12  6.735570e+01    1.84e+00    9.17e+02   2.48e+01   6.80e-01  6.48e+03        1    7.61e-04    8.93e-03
  13  6.567906e+01    1.68e+00    7.21e+02   2.39e+01   7.09e-01  6.99e+03        1    7.89e-04    9.72e-03
  14  6.425193e+01    1.43e+00    5.75e+02   2.33e+01   7.20e-01  7.64e+03        1    7.69e-04    1.05e-02
  15  6.301922e+01    1.23e+00    4.49e+02   2.28e+01   7.37e-01  8.55e+03        1    7.78e-04    1.13e-02
  16  6.197136e+01    1.05e+00    3.50e+02   2.27e+01   7.41e-01  9.63e+03        1    7.74e-04    1.21e-02
  17  6.106919e+01    9.02e-01    2.61e+02   2.26e+01   7.41e-01  1.08e+04        1    7.76e-04    1.29e-02
  18  6.029117e+01    7.78e-01    1.84e+02   2.26e+01   7.33e-01  1.21e+04        1    7.70e-04    1.36e-02
  19  5.961014e+01    6.81e-01    2.96e+02   2.24e+01   7.27e-01  1.33e+04        1    7.81e-04    1.44e-02
  20  5.901005e+01    6.00e-01    3.81e+02   2.22e+01   7.22e-01  1.46e+04        1    7.68e-04    1.52e-02
  21  5.847483e+01    5.35e-01    4.27e+02   2.19e+01   7.20e-01  1.60e+04        1    7.76e-04    1.60e-02
  22  5.799446e+01    4.80e-01    4.46e+02   2.18e+01   7.21e-01  1.75e+04        1    7.65e-04    1.68e-02
  23  5.755980e+01    4.35e-01    4.48e+02   2.17e+01   7.24e-01  1.92e+04        1    7.83e-04    1.76e-02
  24  5.716468e+01    3.95e-01    4.37e+02   2.16e+01   7.28e-01  2.12e+04        1    7.63e-04    1.83e-02
  25  5.680384e+01    3.61e-01    5.28e+02   2.16e+01   7.34e-01  2.36e+04        1    7.84e-04    1.91e-02
  26  5.647362e+01    3.30e-01    6.38e+02   2.16e+01   7.38e-01  2.65e+04        1    7.65e-04    1.99e-02
  27  5.617142e+01    3.02e-01    7.47e+02   2.16e+01   7.39e-01  2.97e+04        1    7.83e-04    2.07e-02
  28  5.589618e+01    2.75e-01    8.46e+02   2.14e+01   7.35e-01  3.32e+04        1    7.69e-04    2.15e-02
  29  5.564787e+01    2.48e-01    9.20e+02   2.09e+01   7.29e-01  3.67e+04        1    7.78e-04    2.23e-02
  30  5.542706e+01    2.21e-01    9.58e+02   1.99e+01   7.23e-01  4.03e+04        1    7.66e-04    2.30e-02
  31  5.523444e+01    1.93e-01    9.58e+02   1.87e+01   7.20e-01  4.41e+04        1    7.73e-04    2.38e-02
  32  5.507011e+01    1.64e-01    9.30e+02   1.71e+01   7.19e-01  4.81e+04        1    7.67e-04    2.46e-02
  33  5.493287e+01    1.37e-01    8.82e+02   1.54e+01   7.20e-01  5.26e+04        1    7.85e-04    2.54e-02
  34  5.482017e+01    1.13e-01    8.23e+02   1.37e+01   7.22e-01  5.77e+04        1    7.65e-04    2.62e-02
  35  5.472880e+01    9.14e-02    7.60e+02   1.19e+01   7.23e-01  6.33e+04        1    7.85e-04    2.70e-02
  36  5.465542e+01    7.34e-02    6.97e+02   1.02e+01   7.24e-01  6.95e+04        1    7.66e-04    2.77e-02
  37  5.459690e+01    5.85e-02    6.36e+02   8.60e+00   7.22e-01  7.62e+04        1    7.82e-04    2.85e-02
  38  5.455031e+01    4.66e-02    5.79e+02   7.07e+00   7.19e-01  8.32e+04        1    7.81e-04    2.93e-02
  39  5.451287e+01    3.74e-02    5.29e+02   5.73e+00   7.12e-01  9.01e+04        1    7.87e-04    3.01e-02
  40  5.448201e+01    3.09e-02    4.92e+02   4.62e+00   7.02e-01  9.64e+04        1    7.59e-04    3.09e-02
  41  5.445545e+01    2.66e-02    4.71e+02   3.82e+00   6.82e-01  1.01e+05        1    7.81e-04    3.17e-02
  42  5.443123e+01    2.42e-02    4.69e+02   3.40e+00   6.46e-01  1.04e+05        1    7.78e-04    3.25e-02
  43  5.440780e+01    2.34e-02    4.91e+02   3.43e+00   5.78e-01  1.04e+05        1    7.82e-04    3.33e-02
  44  5.438487e+01    2.29e-02    5.45e+02   3.96e+00   4.47e-01  1.04e+05        1    7.66e-04    3.40e-02
  45  5.436218e+01    2.27e-02    6.40e+02   4.94e+00   2.85e-01  9.65e+04        1    7.75e-04    3.48e-02
  46  5.427707e+01    8.51e-02    6.19e+02   5.32e+00   5.97e-01  9.72e+04        1    7.71e-04    3.56e-02
  47  5.542037e+01   -1.14e+00    6.19e+02   2.70e+00  -6.53e+00  4.86e+04        1    2.89e-04    3.59e-02
  48  5.421422e+01    6.28e-02    1.75e+02   2.71e+00   4.02e-01  4.83e+04        1    7.49e-04    3.67e-02
  49  5.434419e+01   -1.30e-01    1.75e+02   1.18e+00  -8.35e-01  2.41e+04        1    2.69e-04    3.69e-02
  50  5.408358e+01    1.31e-01    9.96e+01   1.02e+00   9.26e-01  6.31e+04        1    7.54e-04    3.77e-02
  51  5.487226e+01   -7.89e-01    9.96e+01   1.63e+00  -1.56e+01  3.15e+04        1    2.89e-04    3.80e-02
  52  5.410764e+01   -2.41e-02    9.96e+01   7.26e-01  -6.44e-01  7.88e+03        1    2.79e-04    3.83e-02
  53  5.406144e+01    2.21e-02    1.34e+01   3.42e-01   1.00e+00  2.37e+04        1    7.79e-04    3.91e-02
  54  5.406435e+01   -2.92e-03    1.34e+01   5.27e-01  -1.73e-01  1.18e+04        1    2.94e-04    3.94e-02
  55  5.405260e+01    8.84e-03    6.16e+01   3.22e-01   8.91e-01  2.27e+04        1    7.46e-04    4.01e-02
  56  5.405310e+01   -5.03e-04    6.16e+01   5.55e-01  -3.41e-02  1.14e+04        1    2.73e-04    4.04e-02
  57  5.404458e+01    8.01e-03    5.67e+01   2.49e-01   9.01e-01  2.34e+04        1    7.52e-04    4.12e-02
  58  5.404706e+01   -2.48e-03    5.67e+01   6.91e-01  -1.94e-01  1.17e+04        1    2.94e-04    4.15e-02
  59  5.403802e+01    6.56e-03    5.99e+01   2.86e-01   8.73e-01  2.00e+04        1    7.47e-04    4.22e-02
  60  5.403528e+01    2.74e-03    1.66e+02   6.62e-01   2.73e-01  1.83e+04        1    7.59e-04    4.30e-02
  61  5.402484e+01    1.04e-02    1.26e+02   6.94e-01   7.23e-01  2.01e+04        1    7.74e-04    4.38e-02
  62  5.401887e+01    5.98e-03    1.40e+02   8.31e-01   5.55e-01  2.01e+04        1    7.68e-04    4.46e-02
  63  5.401197e+01    6.90e-03    1.29e+02   8.67e-01   6.39e-01  2.05e+04        1    7.76e-04    4.54e-02
  64  5.400609e+01    5.89e-03    1.24e+02   9.02e-01   6.27e-01  2.09e+04        1    7.66e-04    4.61e-02
  65  5.400063e+01    5.45e-03    1.19e+02   9.19e-01   6.37e-01  2.13e+04        1    7.75e-04    4.69e-02
  66  5.399565e+01    4.99e-03    1.15e+02   9.32e-01   6.37e-01  2.18e+04        1    7.68e-04    4.77e-02
  67  5.399101e+01    4.64e-03    1.12e+02   9.40e-01   6.39e-01  2.22e+04        1    7.88e-04    4.85e-02
  68  5.398667e+01    4.34e-03    1.10e+02   9.46e-01   6.39e-01  2.27e+04        1    7.64e-04    4.93e-02
  69  5.398258e+01    4.09e-03    1.09e+02   9.51e-01   6.39e-01  2.32e+04        1    7.85e-04    5.01e-02
  70  5.397870e+01    3.87e-03    1.07e+02   9.56e-01   6.38e-01  2.37e+04        1    7.62e-04    5.08e-02
  71  5.397502e+01    3.69e-03    1.06e+02   9.61e-01   6.37e-01  2.42e+04        1    7.84e-04    5.16e-02
  72  5.397150e+01    3.52e-03    1.06e+02   9.66e-01   6.36e-01  2.47e+04        1    7.74e-04    5.24e-02
  73  5.396812e+01    3.37e-03    1.05e+02   9.70e-01   6.35e-01  2.52e+04        1    7.82e-04    5.32e-02
  74  5.396488e+01    3.24e-03    1.05e+02   9.75e-01   6.33e-01  2.57e+04        1    7.59e-04    5.40e-02
  75  5.396175e+01    3.13e-03    1.05e+02   9.80e-01   6.31e-01  2.62e+04        1    7.84e-04    5.48e-02
  76  5.395873e+01    3.02e-03    1.05e+02   9.84e-01   6.29e-01  2.66e+04        1    7.71e-04    5.56e-02
  77  5.395580e+01    2.93e-03    1.05e+02   9.89e-01   6.27e-01  2.71e+04        1    7.77e-04    5.64e-02
  78  5.395296e+01    2.84e-03    1.05e+02   9.93e-01   6.25e-01  2.75e+04        1    7.69e-04    5.71e-02
  79  5.395020e+01    2.76e-03    1.06e+02   9.97e-01   6.22e-01  2.79e+04        1    7.74e-04    5.79e-02
  80  5.394751e+01    2.69e-03    1.06e+02   1.00e+00   6.19e-01  2.83e+04        1    7.72e-04    5.87e-02
  81  5.394488e+01    2.63e-03    1.07e+02   1.00e+00   6.17e-01  2.87e+04        1    7.87e-04    5.95e-02
  82  5.394232e+01    2.56e-03    1.07e+02   1.01e+00   6.14e-01  2.90e+04        1    7.65e-04    6.03e-02
  83  5.393981e+01    2.51e-03    1.08e+02   1.01e+00   6.11e-01  2.93e+04        1    7.81e-04    6.11e-02
  84  5.393735e+01    2.46e-03    1.09e+02   1.01e+00   6.07e-01  2.96e+04        1    7.60e-04    6.18e-02
  85  5.393494e+01    2.41e-03    1.10e+02   1.01e+00   6.04e-01  2.99e+04        1    7.84e-04    6.26e-02
  86  5.393258e+01    2.36e-03    1.11e+02   1.01e+00   6.00e-01  3.01e+04        1    7.68e-04    6.34e-02
  87  5.393026e+01    2.32e-03    1.12e+02   1.01e+00   5.96e-01  3.04e+04        1    7.81e-04    6.42e-02
  88  5.392798e+01    2.28e-03    1.13e+02   1.01e+00   5.93e-01  3.05e+04        1    7.56e-04    6.50e-02
  89  5.392574e+01    2.24e-03    1.15e+02   1.01e+00   5.88e-01  3.07e+04        1    7.87e-04    6.57e-02
  90  5.392353e+01    2.21e-03    1.16e+02   1.01e+00   5.84e-01  3.09e+04        1    7.70e-04    6.65e-02
  91  5.392136e+01    2.17e-03    1.18e+02   1.01e+00   5.80e-01  3.10e+04        1    7.80e-04    6.73e-02
  92  5.391923e+01    2.14e-03    1.19e+02   1.00e+00   5.75e-01  3.11e+04        1    7.72e-04    6.81e-02
  93  5.391712e+01    2.10e-03    1.21e+02   1.00e+00   5.71e-01  3.12e+04        1    7.77e-04    6.89e-02
  94  5.391505e+01    2.07e-03    1.22e+02   9.96e-01   5.66e-01  3.13e+04        1    7.68e-04    6.97e-02
  95  5.391301e+01    2.04e-03    1.24e+02   9.92e-01   5.61e-01  3.13e+04        1    7.82e-04    7.05e-02
  96  5.391100e+01    2.01e-03    1.26e+02   9.87e-01   5.56e-01  3.14e+04        1    7.61e-04    7.12e-02
  97  5.390902e+01    1.98e-03    1.27e+02   9.81e-01   5.51e-01  3.14e+04        1    7.75e-04    7.20e-02
  98  5.390707e+01    1.95e-03    1.29e+02   9.76e-01   5.45e-01  3.14e+04        1    7.60e-04    7.28e-02
  99  5.390514e+01    1.92e-03    1.31e+02   9.70e-01   5.40e-01  3.14e+04        1    7.87e-04    7.36e-02
 100  5.390325e+01    1.89e-03    1.33e+02   9.63e-01   5.35e-01  3.14e+04        1    7.65e-04    7.44e-02


Bundle adjustment report
------------------------
    Residuals : 572
   Parameters : 440
   Iterations : 101
         Time : 0.0744028 [s]
 Initial cost : 0.408739 [px]
   Final cost : 0.30698 [px]
  Termination : No convergence

  => Filtered observations: 0
  => Filtered images: 0

==============================================================================
Registering image #3 (3)
==============================================================================

  => Image sees 45 / 305 points

Pose refinement report
----------------------
    Residuals : 80
   Parameters : 6
   Iterations : 11
         Time : 0.00107813 [s]
 Initial cost : 0.640941 [px]
   Final cost : 0.625799 [px]
  Termination : Convergence

  => Continued observations: 40
  => Added observations: 101

Bundle adjustment report
------------------------
    Residuals : 854
   Parameters : 590
   Iterations : 26
         Time : 0.0329511 [s]
 Initial cost : 0.572871 [px]
   Final cost : 0.344199 [px]
  Termination : No convergence

  => Merged observations: 0
  => Completed observations: 0
  => Filtered observations: 10
  => Changed observations: 0.023419

Bundle adjustment report
------------------------
    Residuals : 834
   Parameters : 581
   Iterations : 26
         Time : 0.0319569 [s]
 Initial cost : 0.330384 [px]
   Final cost : 0.317142 [px]
  Termination : No convergence

  => Merged observations: 0
  => Completed observations: 6
  => Filtered observations: 0
  => Changed observations: 0.014388

==============================================================================
Retriangulation
==============================================================================

  => Completed observations: 0
  => Merged observations: 0
  => Retriangulated observations: 0

==============================================================================
Global bundle adjustment
==============================================================================

iter      cost      cost_change  |gradient|   |step|    tr_ratio  tr_radius  ls_iter  iter_time  total_time
   0  9.429755e+01    0.00e+00    1.30e+03   0.00e+00   0.00e+00  1.00e+04        0    7.86e-04    1.43e-03
   1  9.388284e+01    4.15e-01    1.82e+01   6.86e+00   9.94e-01  3.00e+04        1    1.26e-03    2.70e-03
   2  9.379345e+01    8.94e-02    9.50e+01   1.32e+01   8.41e-01  4.39e+04        1    1.19e-03    3.91e-03
   3  9.369620e+01    9.73e-02    1.28e+02   1.38e+01   7.98e-01  5.57e+04        1    1.18e-03    5.10e-03
   4  9.359849e+01    9.77e-02    2.40e+02   1.43e+01   7.24e-01  6.11e+04        1    1.19e-03    6.30e-03
   5  9.350034e+01    9.81e-02    3.95e+02   1.43e+01   6.83e-01  6.43e+04        1    1.19e-03    7.50e-03
   6  9.340726e+01    9.31e-02    5.04e+02   1.44e+01   6.42e-01  6.58e+04        1    1.21e-03    8.71e-03
   7  9.331803e+01    8.92e-02    5.60e+02   1.43e+01   6.26e-01  6.69e+04        1    1.20e-03    9.92e-03
   8  9.323448e+01    8.35e-02    5.80e+02   1.40e+01   6.16e-01  6.77e+04        1    1.18e-03    1.11e-02
   9  9.315657e+01    7.79e-02    6.03e+02   1.37e+01   6.15e-01  6.86e+04        1    1.18e-03    1.23e-02
  10  9.308455e+01    7.20e-02    5.93e+02   1.34e+01   6.20e-01  6.95e+04        1    1.18e-03    1.35e-02
  11  9.301840e+01    6.61e-02    5.53e+02   1.31e+01   6.28e-01  7.07e+04        1    1.18e-03    1.47e-02
  12  9.295800e+01    6.04e-02    4.93e+02   1.27e+01   6.38e-01  7.22e+04        1    1.19e-03    1.59e-02
  13  9.290302e+01    5.50e-02    4.21e+02   1.24e+01   6.48e-01  7.41e+04        1    1.19e-03    1.71e-02
  14  9.285305e+01    5.00e-02    3.53e+02   1.21e+01   6.57e-01  7.65e+04        1    1.18e-03    1.83e-02
  15  9.280761e+01    4.54e-02    3.03e+02   1.19e+01   6.65e-01  7.93e+04        1    1.18e-03    1.95e-02
  16  9.276623e+01    4.14e-02    2.55e+02   1.16e+01   6.72e-01  8.27e+04        1    1.18e-03    2.07e-02
  17  9.272850e+01    3.77e-02    2.11e+02   1.14e+01   6.78e-01  8.66e+04        1    1.18e-03    2.19e-02
  18  9.269404e+01    3.45e-02    1.69e+02   1.12e+01   6.82e-01  9.10e+04        1    1.18e-03    2.31e-02
  19  9.266258e+01    3.15e-02    1.30e+02   1.10e+01   6.86e-01  9.59e+04        1    1.18e-03    2.43e-02
  20  9.263387e+01    2.87e-02    1.25e+02   1.08e+01   6.89e-01  1.01e+05        1    1.31e-03    2.56e-02
  21  9.260773e+01    2.61e-02    1.88e+02   1.06e+01   6.91e-01  1.07e+05        1    1.26e-03    2.69e-02
  22  9.258400e+01    2.37e-02    2.45e+02   1.03e+01   6.94e-01  1.14e+05        1    1.19e-03    2.81e-02
  23  9.256254e+01    2.15e-02    2.94e+02   9.99e+00   6.96e-01  1.21e+05        1    1.18e-03    2.93e-02
  24  9.254320e+01    1.93e-02    3.36e+02   9.66e+00   6.98e-01  1.29e+05        1    1.19e-03    3.05e-02
  25  9.252587e+01    1.73e-02    3.69e+02   9.30e+00   7.00e-01  1.38e+05        1    1.19e-03    3.17e-02
  26  9.251042e+01    1.54e-02    3.94e+02   8.92e+00   7.02e-01  1.48e+05        1    1.19e-03    3.29e-02
  27  9.249674e+01    1.37e-02    4.10e+02   8.51e+00   7.04e-01  1.59e+05        1    1.18e-03    3.41e-02
  28  9.248469e+01    1.21e-02    4.19e+02   8.08e+00   7.07e-01  1.71e+05        1    1.18e-03    3.53e-02
  29  9.247415e+01    1.05e-02    4.21e+02   7.64e+00   7.10e-01  1.84e+05        1    1.18e-03    3.65e-02
  30  9.246502e+01    9.14e-03    4.16e+02   7.18e+00   7.13e-01  2.00e+05        1    1.19e-03    3.77e-02
  31  9.245716e+01    7.86e-03    4.04e+02   6.72e+00   7.16e-01  2.17e+05        1    1.18e-03    3.89e-02
  32  9.245046e+01    6.69e-03    3.88e+02   6.26e+00   7.20e-01  2.37e+05        1    1.19e-03    4.01e-02
  33  9.244483e+01    5.64e-03    3.66e+02   5.79e+00   7.24e-01  2.61e+05        1    1.18e-03    4.12e-02
  34  9.244014e+01    4.69e-03    3.41e+02   5.33e+00   7.29e-01  2.89e+05        1    1.18e-03    4.24e-02
  35  9.243629e+01    3.85e-03    3.12e+02   4.88e+00   7.35e-01  3.23e+05        1    1.19e-03    4.36e-02
  36  9.243319e+01    3.10e-03    2.81e+02   4.45e+00   7.42e-01  3.64e+05        1    1.18e-03    4.48e-02
  37  9.243075e+01    2.44e-03    2.49e+02   4.02e+00   7.50e-01  4.16e+05        1    1.19e-03    4.60e-02
  38  9.242888e+01    1.87e-03    2.16e+02   3.61e+00   7.59e-01  4.83e+05        1    1.18e-03    4.72e-02
  39  9.242749e+01    1.39e-03    1.82e+02   3.22e+00   7.70e-01  5.74e+05        1    1.18e-03    4.84e-02
  40  9.242650e+01    9.90e-04    1.49e+02   2.83e+00   7.84e-01  7.03e+05        1    1.20e-03    4.96e-02
  41  9.242583e+01    6.64e-04    1.17e+02   2.45e+00   8.01e-01  8.98e+05        1    1.19e-03    5.08e-02
  42  9.242542e+01    4.11e-04    8.61e+01   2.07e+00   8.22e-01  1.22e+06        1    1.19e-03    5.20e-02
  43  9.242520e+01    2.26e-04    5.78e+01   1.68e+00   8.49e-01  1.86e+06        1    1.18e-03    5.32e-02
  44  9.242509e+01    1.02e-04    3.31e+01   1.27e+00   8.87e-01  3.46e+06        1    1.18e-03    5.44e-02
  45  9.242506e+01    3.28e-05    1.39e+01   8.32e-01   9.36e-01  1.03e+07        1    1.19e-03    5.56e-02


Bundle adjustment report
------------------------
    Residuals : 846
   Parameters : 590
   Iterations : 46
         Time : 0.0560839 [s]
 Initial cost : 0.33386 [px]
   Final cost : 0.330529 [px]
  Termination : Convergence

  => Completed observations: 0
  => Merged observations: 0
  => Filtered observations: 0
  => Changed observations: 0.000000
  => Filtered images: 0

==============================================================================
Registering image #13 (4)
==============================================================================

  => Image sees 81 / 267 points

Pose refinement report
----------------------
    Residuals : 162
   Parameters : 6
   Iterations : 7
         Time : 0.00132108 [s]
 Initial cost : 0.531322 [px]
   Final cost : 0.517352 [px]
  Termination : Convergence

  => Continued observations: 81
  => Added observations: 58

Bundle adjustment report
------------------------
    Residuals : 1124
   Parameters : 674
   Iterations : 26
         Time : 0.0432489 [s]
 Initial cost : 0.43685 [px]
   Final cost : 0.397344 [px]
  Termination : No convergence

  => Merged observations: 0
  => Completed observations: 3
  => Filtered observations: 10
  => Changed observations: 0.023132

Bundle adjustment report
------------------------
    Residuals : 1110
   Parameters : 668
   Iterations : 26
         Time : 0.0480421 [s]
 Initial cost : 0.380603 [px]
   Final cost : 0.354503 [px]
  Termination : No convergence

  => Merged observations: 0
  => Completed observations: 1
  => Filtered observations: 0
  => Changed observations: 0.001802

==============================================================================
Retriangulation
==============================================================================

  => Completed observations: 0
  => Merged observations: 0
  => Retriangulated observations: 0

==============================================================================
Global bundle adjustment
==============================================================================

iter      cost      cost_change  |gradient|   |step|    tr_ratio  tr_radius  ls_iter  iter_time  total_time
   0  1.460390e+02    0.00e+00    2.29e+02   0.00e+00   0.00e+00  1.00e+04        0    1.05e-03    1.89e-03
   1  1.435253e+02    2.51e+00    2.12e+02   3.21e+00   9.98e-01  3.00e+04        1    1.71e-03    3.62e-03
   2  1.435098e+02    1.55e-02    4.14e+02   1.94e+00   8.80e-01  5.36e+04        1    1.65e-03    5.28e-03
   3  1.434971e+02    1.27e-02    3.63e+02   1.97e+00   8.85e-01  9.86e+04        1    1.64e-03    6.94e-03
   4  1.434873e+02    9.76e-03    2.53e+02   2.35e+00   9.19e-01  2.39e+05        1    1.64e-03    8.59e-03
   5  1.434806e+02    6.72e-03    1.71e+02   3.32e+00   9.22e-01  6.00e+05        1    1.64e-03    1.02e-02
   6  1.434776e+02    3.02e-03    7.00e+01   3.11e+00   9.50e-01  1.80e+06        1    1.63e-03    1.19e-02
   7  1.434769e+02    6.70e-04    3.82e+01   9.66e-01   9.67e-01  5.40e+06        1    1.64e-03    1.35e-02
   8  1.434769e+02    6.06e-05    1.89e+01   4.50e-01   9.42e-01  1.62e+07        1    1.70e-03    1.53e-02


Bundle adjustment report
------------------------
    Residuals : 1112
   Parameters : 668
   Iterations : 9
         Time : 0.0159578 [s]
 Initial cost : 0.362395 [px]
   Final cost : 0.359202 [px]
  Termination : Convergence

  => Completed observations: 0
  => Merged observations: 0
  => Filtered observations: 0
  => Changed observations: 0.000000
  => Filtered images: 0

==============================================================================
Registering image #12 (5)
==============================================================================

  => Image sees 45 / 84 points

Pose refinement report
----------------------
    Residuals : 88
   Parameters : 6
   Iterations : 14
         Time : 0.00148296 [s]
 Initial cost : 0.657728 [px]
   Final cost : 0.643861 [px]
  Termination : Convergence

  => Continued observations: 44
  => Added observations: 20

Bundle adjustment report
------------------------
    Residuals : 1240
   Parameters : 701
   Iterations : 12
         Time : 0.025434 [s]
 Initial cost : 0.399304 [px]
   Final cost : 0.343836 [px]
  Termination : Convergence

  => Merged observations: 0
  => Completed observations: 3
  => Filtered observations: 2
  => Changed observations: 0.008065

Bundle adjustment report
------------------------
    Residuals : 1242
   Parameters : 701
   Iterations : 8
         Time : 0.0165842 [s]
 Initial cost : 0.410757 [px]
   Final cost : 0.39827 [px]
  Termination : Convergence

  => Merged observations: 0
  => Completed observations: 0
  => Filtered observations: 0
  => Changed observations: 0.000000

==============================================================================
Retriangulation
==============================================================================

  => Completed observations: 0
  => Merged observations: 0
  => Retriangulated observations: 0

==============================================================================
Global bundle adjustment
==============================================================================

iter      cost      cost_change  |gradient|   |step|    tr_ratio  tr_radius  ls_iter  iter_time  total_time
   0  1.970051e+02    0.00e+00    1.85e+00   0.00e+00   0.00e+00  1.00e+04        0    1.18e-03    2.11e-03


Bundle adjustment report
------------------------
    Residuals : 1242
   Parameters : 701
   Iterations : 1
         Time : 0.00299788 [s]
 Initial cost : 0.39827 [px]
   Final cost : 0.39827 [px]
  Termination : Convergence

  => Completed observations: 0
  => Merged observations: 0
  => Filtered observations: 0
  => Changed observations: 0.000000
  => Filtered images: 0

==============================================================================
Registering image #2 (6)
==============================================================================

  => Image sees 43 / 135 points

Pose refinement report
----------------------
    Residuals : 88
   Parameters : 6
   Iterations : 19
         Time : 0.00198102 [s]
 Initial cost : 0.759769 [px]
   Final cost : 0.649082 [px]
  Termination : Convergence

  => Continued observations: 43
  => Added observations: 32

Bundle adjustment report
------------------------
    Residuals : 1392
   Parameters : 749
   Iterations : 15
         Time : 0.0358751 [s]
 Initial cost : 0.443574 [px]
   Final cost : 0.396439 [px]
  Termination : Convergence

  => Merged observations: 0
  => Completed observations: 1
  => Filtered observations: 10
  => Changed observations: 0.015805

Bundle adjustment report
------------------------
    Residuals : 1374
   Parameters : 743
   Iterations : 10
         Time : 0.0251212 [s]
 Initial cost : 0.435487 [px]
   Final cost : 0.415339 [px]
  Termination : Convergence

  => Merged observations: 0
  => Completed observations: 0
  => Filtered observations: 0
  => Changed observations: 0.000000

==============================================================================
Retriangulation
==============================================================================

  => Completed observations: 1
  => Merged observations: 0
  => Retriangulated observations: 0

==============================================================================
Global bundle adjustment
==============================================================================

iter      cost      cost_change  |gradient|   |step|    tr_ratio  tr_radius  ls_iter  iter_time  total_time
   0  2.448307e+02    0.00e+00    4.54e+02   0.00e+00   0.00e+00  1.00e+04        0    1.30e-03    2.36e-03
   1  2.415643e+02    3.27e+00    3.46e+01   6.99e-01   1.00e+00  3.00e+04        1    2.22e-03    4.60e-03
   2  2.415524e+02    1.18e-02    4.64e+01   7.34e-01   9.99e-01  9.00e+04        1    2.12e-03    6.73e-03
   3  2.415458e+02    6.67e-03    2.77e+02   1.51e+00   8.60e-01  1.44e+05        1    2.12e-03    8.87e-03
   4  2.415412e+02    4.62e-03    2.41e+02   1.46e+00   8.50e-01  2.19e+05        1    2.11e-03    1.10e-02
   5  2.415387e+02    2.46e-03    1.44e+02   1.16e+00   8.94e-01  4.28e+05        1    2.11e-03    1.31e-02
   6  2.415379e+02    8.36e-04    6.86e+01   8.12e-01   9.24e-01  1.09e+06        1    2.11e-03    1.52e-02
   7  2.415377e+02    1.46e-04    1.39e+01   3.72e-01   9.77e-01  3.28e+06        1    2.11e-03    1.74e-02


Bundle adjustment report
------------------------
    Residuals : 1376
   Parameters : 743
   Iterations : 8
         Time : 0.0182979 [s]
 Initial cost : 0.421817 [px]
   Final cost : 0.41897 [px]
  Termination : Convergence

  => Completed observations: 0
  => Merged observations: 0
  => Filtered observations: 0
  => Changed observations: 0.000000
  => Filtered images: 0

==============================================================================
Finding good initial image pair
==============================================================================


==============================================================================
Initializing with image pair #7 and #3
==============================================================================


==============================================================================
Global bundle adjustment
==============================================================================

iter      cost      cost_change  |gradient|   |step|    tr_ratio  tr_radius  ls_iter  iter_time  total_time
   0  4.402330e+01    0.00e+00    5.62e+01   0.00e+00   0.00e+00  1.00e+04        0    4.79e-04    8.60e-04
   1  6.785520e+01   -2.38e+01    5.62e+01   2.17e+01  -8.16e+00  5.00e+03        1    2.99e-04    1.18e-03
   2  4.938472e+01   -5.36e+00    5.62e+01   1.49e+01  -2.23e+00  1.25e+03        1    2.24e-04    1.41e-03
   3  4.304309e+01    9.80e-01    5.62e+02   5.50e+00   8.13e-01  1.66e+03        1    6.65e-04    2.09e-03
   4  4.217213e+01    8.71e-01    4.55e+02   5.76e+00   8.42e-01  2.43e+03        1    6.82e-04    2.78e-03
   5  4.154983e+01    6.22e-01    4.34e+02   6.36e+00   7.76e-01  2.92e+03        1    6.51e-04    3.44e-03
   6  4.104617e+01    5.04e-01    2.75e+02   5.72e+00   8.43e-01  4.32e+03        1    6.70e-04    4.13e-03
   7  4.072195e+01    3.24e-01    2.63e+02   6.14e+00   7.80e-01  5.24e+03        1    6.67e-04    4.81e-03
   8  4.047242e+01    2.50e-01    1.76e+02   5.51e+00   8.69e-01  8.74e+03        1    6.72e-04    5.49e-03
   9  4.033042e+01    1.42e-01    1.80e+02   6.25e+00   7.95e-01  1.10e+04        1    6.69e-04    6.17e-03
  10  4.023675e+01    9.37e-02    1.00e+02   5.35e+00   8.98e-01  2.22e+04        1    6.64e-04    6.85e-03
  11  4.019743e+01    3.93e-02    1.09e+02   6.77e+00   7.62e-01  2.60e+04        1    6.74e-04    7.53e-03
  12  4.017042e+01    2.70e-02    4.55e+01   6.18e+00   9.11e-01  5.82e+04        1    6.72e-04    8.21e-03
  13  4.015735e+01    1.31e-02    1.73e+02   1.12e+01   5.63e-01  5.83e+04        1    6.64e-04    8.89e-03
  14  4.013733e+01    2.00e-02    1.33e+02   9.57e+00   8.41e-01  8.56e+04        1    6.83e-04    9.58e-03
  15  4.012668e+01    1.07e-02    1.85e+02   1.13e+01   6.30e-01  8.71e+04        1    6.53e-04    1.02e-02
  16  4.011475e+01    1.19e-02    1.20e+02   9.10e+00   8.22e-01  1.19e+05        1    6.71e-04    1.09e-02
  17  4.010835e+01    6.40e-03    1.22e+02   9.20e+00   7.11e-01  1.28e+05        1    6.80e-04    1.16e-02
  18  4.010313e+01    5.22e-03    7.45e+01   7.17e+00   8.43e-01  1.90e+05        1    6.52e-04    1.23e-02
  19  4.010060e+01    2.54e-03    6.65e+01   6.77e+00   7.69e-01  2.25e+05        1    6.72e-04    1.30e-02
  20  4.009903e+01    1.56e-03    3.32e+01   4.74e+00   8.90e-01  4.29e+05        1    6.71e-04    1.36e-02
  21  4.009849e+01    5.47e-04    2.32e+01   3.90e+00   8.54e-01  6.67e+05        1    6.73e-04    1.43e-02
  22  4.009832e+01    1.70e-04    6.06e+00   1.80e+00   9.63e-01  2.00e+06        1    6.63e-04    1.50e-02
  23  4.009830e+01    1.97e-05    2.86e+00   1.98e-01   9.33e-01  5.74e+06        1    6.69e-04    1.57e-02
  24  4.009833e+01   -3.10e-05    2.86e+00   1.95e+00  -1.81e+00  2.87e+06        1    2.48e-04    1.59e-02
  25  4.009829e+01    6.49e-06    4.37e+00   9.32e-01   6.95e-01  3.05e+06        1    6.79e-04    1.66e-02
  26  4.009828e+01    7.11e-06    4.97e+00   1.07e+00   6.36e-01  3.12e+06        1    6.52e-04    1.73e-02
  27  4.009827e+01    8.08e-06    5.18e+00   1.11e+00   6.42e-01  3.19e+06        1    7.81e-04    1.81e-02
  28  4.009827e+01    8.25e-06    5.42e+00   1.13e+00   6.25e-01  3.24e+06        1    6.92e-04    1.88e-02
  29  4.009826e+01    8.51e-06    5.59e+00   1.15e+00   6.17e-01  3.28e+06        1    6.57e-04    1.95e-02
  30  4.009825e+01    8.67e-06    5.73e+00   1.17e+00   6.09e-01  3.32e+06        1    6.60e-04    2.01e-02
  31  4.009824e+01    8.81e-06    5.84e+00   1.18e+00   6.02e-01  3.34e+06        1    6.62e-04    2.08e-02
  32  4.009823e+01    8.93e-06    5.94e+00   1.19e+00   5.97e-01  3.37e+06        1    6.80e-04    2.15e-02
  33  4.009822e+01    9.02e-06    6.02e+00   1.20e+00   5.92e-01  3.39e+06        1    6.72e-04    2.22e-02
  34  4.009821e+01    9.11e-06    6.09e+00   1.20e+00   5.88e-01  3.41e+06        1    6.65e-04    2.29e-02
  35  4.009820e+01    9.18e-06    6.15e+00   1.21e+00   5.84e-01  3.43e+06        1    6.70e-04    2.35e-02
  36  4.009819e+01    9.24e-06    6.21e+00   1.22e+00   5.81e-01  3.44e+06        1    6.59e-04    2.42e-02
  37  4.009819e+01    9.30e-06    6.26e+00   1.22e+00   5.78e-01  3.45e+06        1    6.69e-04    2.49e-02
  38  4.009818e+01    9.34e-06    6.30e+00   1.23e+00   5.75e-01  3.46e+06        1    6.71e-04    2.56e-02
  39  4.009817e+01    9.39e-06    6.33e+00   1.23e+00   5.73e-01  3.48e+06        1    6.59e-04    2.62e-02
  40  4.009816e+01    9.43e-06    6.37e+00   1.23e+00   5.70e-01  3.49e+06        1    6.68e-04    2.69e-02
  41  4.009815e+01    9.47e-06    6.40e+00   1.24e+00   5.68e-01  3.49e+06        1    6.84e-04    2.76e-02
  42  4.009814e+01    9.50e-06    6.42e+00   1.24e+00   5.66e-01  3.50e+06        1    6.55e-04    2.83e-02
  43  4.009813e+01    9.53e-06    6.45e+00   1.24e+00   5.64e-01  3.51e+06        1    6.73e-04    2.90e-02
  44  4.009812e+01    9.56e-06    6.47e+00   1.24e+00   5.63e-01  3.52e+06        1    6.73e-04    2.96e-02
  45  4.009811e+01    9.59e-06    6.49e+00   1.25e+00   5.61e-01  3.52e+06        1    6.54e-04    3.03e-02
  46  4.009810e+01    9.61e-06    6.51e+00   1.25e+00   5.60e-01  3.53e+06        1    6.69e-04    3.10e-02
  47  4.009809e+01    9.64e-06    6.52e+00   1.25e+00   5.58e-01  3.53e+06        1    6.85e-04    3.17e-02
  48  4.009808e+01    9.66e-06    6.54e+00   1.25e+00   5.57e-01  3.54e+06        1    6.52e-04    3.23e-02
  49  4.009807e+01    9.68e-06    6.55e+00   1.25e+00   5.56e-01  3.54e+06        1    6.68e-04    3.30e-02
  50  4.009806e+01    9.70e-06    6.56e+00   1.25e+00   5.54e-01  3.55e+06        1    6.70e-04    3.37e-02
  51  4.009805e+01    9.72e-06    6.57e+00   1.26e+00   5.53e-01  3.55e+06        1    6.60e-04    3.44e-02
  52  4.009804e+01    9.73e-06    6.58e+00   1.26e+00   5.52e-01  3.56e+06        1    6.64e-04    3.50e-02
  53  4.009803e+01    9.75e-06    6.59e+00   1.26e+00   5.51e-01  3.56e+06        1    6.71e-04    3.57e-02
  54  4.009802e+01    9.76e-06    6.60e+00   1.26e+00   5.50e-01  3.56e+06        1    6.60e-04    3.64e-02
  55  4.009801e+01    9.78e-06    6.60e+00   1.26e+00   5.49e-01  3.57e+06        1    6.69e-04    3.71e-02
  56  4.009800e+01    9.79e-06    6.61e+00   1.26e+00   5.48e-01  3.57e+06        1    6.70e-04    3.78e-02
  57  4.009799e+01    9.81e-06    6.61e+00   1.26e+00   5.47e-01  3.57e+06        1    6.72e-04    3.84e-02
  58  4.009798e+01    9.82e-06    6.62e+00   1.26e+00   5.47e-01  3.58e+06        1    7.05e-04    3.92e-02
  59  4.009797e+01    9.83e-06    6.62e+00   1.26e+00   5.46e-01  3.58e+06        1    8.29e-04    4.00e-02
  60  4.009796e+01    9.84e-06    6.62e+00   1.26e+00   5.45e-01  3.58e+06        1    6.69e-04    4.07e-02
  61  4.009795e+01    9.85e-06    6.63e+00   1.26e+00   5.44e-01  3.58e+06        1    6.73e-04    4.14e-02
  62  4.009794e+01    9.86e-06    6.63e+00   1.27e+00   5.44e-01  3.59e+06        1    6.72e-04    4.21e-02
  63  4.009793e+01    9.87e-06    6.63e+00   1.27e+00   5.43e-01  3.59e+06        1    6.84e-04    4.28e-02
  64  4.009792e+01    9.88e-06    6.63e+00   1.27e+00   5.42e-01  3.59e+06        1    6.52e-04    4.34e-02
  65  4.009791e+01    9.89e-06    6.63e+00   1.27e+00   5.42e-01  3.59e+06        1    6.82e-04    4.41e-02
  66  4.009790e+01    9.90e-06    6.63e+00   1.27e+00   5.41e-01  3.60e+06        1    6.62e-04    4.48e-02
  67  4.009789e+01    9.91e-06    6.63e+00   1.27e+00   5.40e-01  3.60e+06        1    6.80e-04    4.55e-02
  68  4.009788e+01    9.92e-06    6.63e+00   1.27e+00   5.40e-01  3.60e+06        1    6.52e-04    4.61e-02
  69  4.009787e+01    9.93e-06    6.63e+00   1.27e+00   5.39e-01  3.60e+06        1    6.78e-04    4.68e-02
  70  4.009786e+01    9.94e-06    6.63e+00   1.27e+00   5.39e-01  3.60e+06        1    6.80e-04    4.75e-02
  71  4.009785e+01    9.94e-06    6.63e+00   1.27e+00   5.38e-01  3.60e+06        1    6.55e-04    4.82e-02
  72  4.009784e+01    9.95e-06    6.63e+00   1.27e+00   5.37e-01  3.61e+06        1    6.71e-04    4.89e-02
  73  4.009783e+01    9.96e-06    6.62e+00   1.27e+00   5.37e-01  3.61e+06        1    6.83e-04    4.95e-02
  74  4.009782e+01    9.96e-06    6.62e+00   1.27e+00   5.36e-01  3.61e+06        1    6.52e-04    5.02e-02
  75  4.009781e+01    9.97e-06    6.62e+00   1.27e+00   5.36e-01  3.61e+06        1    6.85e-04    5.09e-02
  76  4.009780e+01    9.98e-06    6.62e+00   1.27e+00   5.36e-01  3.61e+06        1    6.62e-04    5.16e-02
  77  4.009779e+01    9.98e-06    6.61e+00   1.27e+00   5.35e-01  3.61e+06        1    6.60e-04    5.22e-02
  78  4.009778e+01    9.99e-06    6.61e+00   1.27e+00   5.35e-01  3.61e+06        1    6.63e-04    5.29e-02
  79  4.009777e+01    1.00e-05    6.61e+00   1.27e+00   5.34e-01  3.62e+06        1    6.80e-04    5.36e-02
  80  4.009776e+01    1.00e-05    6.60e+00   1.27e+00   5.34e-01  3.62e+06        1    6.51e-04    5.43e-02
  81  4.009775e+01    1.00e-05    6.60e+00   1.27e+00   5.33e-01  3.62e+06        1    6.75e-04    5.50e-02
  82  4.009774e+01    1.00e-05    6.59e+00   1.27e+00   5.33e-01  3.62e+06        1    6.74e-04    5.56e-02
  83  4.009773e+01    1.00e-05    6.59e+00   1.27e+00   5.32e-01  3.62e+06        1    6.70e-04    5.63e-02
  84  4.009772e+01    1.00e-05    6.58e+00   1.27e+00   5.32e-01  3.62e+06        1    6.60e-04    5.70e-02
  85  4.009771e+01    1.00e-05    6.58e+00   1.27e+00   5.32e-01  3.62e+06        1    6.80e-04    5.77e-02
  86  4.009770e+01    1.00e-05    6.57e+00   1.27e+00   5.31e-01  3.62e+06        1    6.55e-04    5.83e-02
  87  4.009769e+01    1.00e-05    6.57e+00   1.27e+00   5.31e-01  3.62e+06        1    6.87e-04    5.90e-02
  88  4.009768e+01    1.00e-05    6.56e+00   1.27e+00   5.31e-01  3.62e+06        1    6.62e-04    5.97e-02
  89  4.009767e+01    1.00e-05    6.56e+00   1.27e+00   5.30e-01  3.62e+06        1    6.70e-04    6.04e-02
  90  4.009766e+01    1.00e-05    6.55e+00   1.27e+00   5.30e-01  3.63e+06        1    6.69e-04    6.11e-02
  91  4.009765e+01    1.00e-05    6.55e+00   1.27e+00   5.30e-01  3.63e+06        1    6.86e-04    6.18e-02
  92  4.009764e+01    1.01e-05    6.54e+00   1.27e+00   5.29e-01  3.63e+06        1    6.51e-04    6.24e-02
  93  4.009763e+01    1.01e-05    6.54e+00   1.27e+00   5.29e-01  3.63e+06        1    6.84e-04    6.31e-02
  94  4.009762e+01    1.01e-05    6.53e+00   1.27e+00   5.29e-01  3.63e+06        1    6.62e-04    6.38e-02
  95  4.009761e+01    1.01e-05    6.52e+00   1.27e+00   5.28e-01  3.63e+06        1    6.81e-04    6.45e-02
  96  4.009760e+01    1.01e-05    6.52e+00   1.27e+00   5.28e-01  3.63e+06        1    6.54e-04    6.51e-02
  97  4.009759e+01    1.01e-05    6.51e+00   1.27e+00   5.28e-01  3.63e+06        1    6.79e-04    6.58e-02
  98  4.009758e+01    1.01e-05    6.50e+00   1.27e+00   5.27e-01  3.63e+06        1    6.64e-04    6.65e-02
  99  4.009757e+01    1.01e-05    6.50e+00   1.27e+00   5.27e-01  3.63e+06        1    6.71e-04    6.72e-02
 100  4.009756e+01    1.01e-05    6.49e+00   1.27e+00   5.27e-01  3.63e+06        1    6.62e-04    6.79e-02


Bundle adjustment report
------------------------
    Residuals : 492
   Parameters : 380
   Iterations : 101
         Time : 0.0678861 [s]
 Initial cost : 0.299129 [px]
   Final cost : 0.28548 [px]
  Termination : No convergence

  => Filtered observations: 0
  => Filtered images: 0

==============================================================================
Registering image #13 (3)
==============================================================================

  => Image sees 60 / 267 points
  => Could not register, trying another image.

==============================================================================
Registering image #1 (3)
==============================================================================

  => Image sees 45 / 257 points
  => Could not register, trying another image.

==============================================================================
Retriangulation
==============================================================================

  => Completed observations: 0
  => Merged observations: 0
  => Retriangulated observations: 0

==============================================================================
Global bundle adjustment
==============================================================================

iter      cost      cost_change  |gradient|   |step|    tr_ratio  tr_radius  ls_iter  iter_time  total_time
   0  4.009756e+01    0.00e+00    3.38e+00   0.00e+00   0.00e+00  1.00e+04        0    4.68e-04    8.53e-04
   1  4.009755e+01    9.07e-06    1.00e-02   2.86e-03   1.00e+00  3.00e+04        1    7.12e-04    1.58e-03


Bundle adjustment report
------------------------
    Residuals : 492
   Parameters : 380
   Iterations : 2
         Time : 0.0016098 [s]
 Initial cost : 0.28548 [px]
   Final cost : 0.28548 [px]
  Termination : Convergence

  => Completed observations: 0
  => Merged observations: 0
  => Filtered observations: 0
  => Changed observations: 0.000000
  => Filtered images: 0

==============================================================================
Registering image #13 (3)
==============================================================================

  => Image sees 60 / 267 points
  => Could not register, trying another image.

==============================================================================
Registering image #1 (3)
==============================================================================

  => Image sees 45 / 257 points
  => Could not register, trying another image.

==============================================================================
Finding good initial image pair
==============================================================================


==============================================================================
Initializing with image pair #4 and #10
==============================================================================


==============================================================================
Global bundle adjustment
==============================================================================

iter      cost      cost_change  |gradient|   |step|    tr_ratio  tr_radius  ls_iter  iter_time  total_time
   0  3.812881e+01    0.00e+00    1.43e+02   0.00e+00   0.00e+00  1.00e+04        0    1.13e-03    1.98e-03
   1  6.259602e+01   -2.45e+01    1.43e+02   1.29e+01  -7.45e+00  5.00e+03        1    6.67e-04    2.66e-03
   2  5.127143e+01   -1.31e+01    1.43e+02   1.12e+01  -4.28e+00  1.25e+03        1    5.86e-04    3.26e-03
   3  3.783900e+01    2.90e-01    9.53e+02   7.11e+00   1.17e-01  8.62e+02        1    1.68e-03    4.95e-03
   4  3.528504e+01    2.55e+00    1.15e+02   2.00e+00   9.88e-01  2.59e+03        1    1.65e-03    6.61e-03
   5  3.490674e+01    3.78e-01    1.41e+02   3.11e+00   9.28e-01  6.90e+03        1    1.66e-03    8.28e-03
   6  3.428796e+01    6.19e-01    1.50e+02   6.55e+00   9.39e-01  2.07e+04        1    1.65e-03    9.95e-03
   7  3.399164e+01    2.96e-01    4.86e+02   1.25e+01   3.25e-01  1.99e+04        1    1.65e-03    1.16e-02
   8  3.308501e+01    9.07e-01    2.02e+02   8.18e+00   8.64e-01  3.22e+04        1    1.66e-03    1.33e-02
   9  3.276453e+01    3.20e-01    6.80e+01   8.64e+00   9.67e-01  9.67e+04        1    1.67e-03    1.50e-02
  10  3.269035e+01    7.42e-02    3.62e+01   1.99e+01   9.03e-01  2.03e+05        1    1.65e-03    1.66e-02
  11  3.290007e+01   -2.10e-01    3.62e+01   4.02e+01  -2.85e+00  1.01e+05        1    6.04e-04    1.72e-02
  12  3.266228e+01    2.81e-02    1.02e+02   2.03e+01   6.38e-01  1.04e+05        1    1.61e-03    1.89e-02
  13  3.263714e+01    2.51e-02    1.13e+02   2.07e+01   5.41e-01  1.04e+05        1    1.65e-03    2.05e-02
  14  3.260853e+01    2.86e-02    1.12e+02   2.06e+01   5.69e-01  1.04e+05        1    1.65e-03    2.22e-02
  15  3.258006e+01    2.85e-02    1.09e+02   2.06e+01   5.73e-01  1.04e+05        1    1.65e-03    2.38e-02
  16  3.255218e+01    2.79e-02    1.05e+02   2.06e+01   5.75e-01  1.05e+05        1    1.65e-03    2.55e-02
  17  3.252505e+01    2.71e-02    1.02e+02   2.06e+01   5.77e-01  1.05e+05        1    1.66e-03    2.72e-02
  18  3.249867e+01    2.64e-02    9.90e+01   2.05e+01   5.78e-01  1.05e+05        1    1.65e-03    2.88e-02
  19  3.247300e+01    2.57e-02    9.60e+01   2.05e+01   5.79e-01  1.06e+05        1    1.70e-03    3.05e-02
  20  3.244803e+01    2.50e-02    9.32e+01   2.05e+01   5.80e-01  1.06e+05        1    1.65e-03    3.22e-02
  21  3.242372e+01    2.43e-02    9.06e+01   2.05e+01   5.80e-01  1.07e+05        1    1.64e-03    3.39e-02
  22  3.240004e+01    2.37e-02    8.81e+01   2.05e+01   5.81e-01  1.07e+05        1    1.65e-03    3.55e-02
  23  3.237696e+01    2.31e-02    8.57e+01   2.05e+01   5.82e-01  1.08e+05        1    1.65e-03    3.72e-02
  24  3.235447e+01    2.25e-02    8.35e+01   2.05e+01   5.82e-01  1.08e+05        1    1.64e-03    3.88e-02
  25  3.233253e+01    2.19e-02    8.13e+01   2.05e+01   5.83e-01  1.09e+05        1    1.66e-03    4.05e-02
  26  3.231113e+01    2.14e-02    7.93e+01   2.05e+01   5.83e-01  1.09e+05        1    1.65e-03    4.22e-02
  27  3.229023e+01    2.09e-02    7.73e+01   2.05e+01   5.84e-01  1.10e+05        1    1.64e-03    4.38e-02
  28  3.226984e+01    2.04e-02    7.54e+01   2.06e+01   5.84e-01  1.10e+05        1    2.43e-03    4.63e-02
  29  3.224992e+01    1.99e-02    7.37e+01   2.06e+01   5.85e-01  1.11e+05        1    2.76e-03    4.90e-02
  30  3.223045e+01    1.95e-02    7.19e+01   2.06e+01   5.85e-01  1.11e+05        1    1.92e-03    5.10e-02
  31  3.221143e+01    1.90e-02    7.03e+01   2.06e+01   5.85e-01  1.12e+05        1    1.69e-03    5.27e-02
  32  3.219284e+01    1.86e-02    6.88e+01   2.06e+01   5.86e-01  1.12e+05        1    1.70e-03    5.44e-02
  33  3.217466e+01    1.82e-02    6.73e+01   2.06e+01   5.86e-01  1.13e+05        1    1.72e-03    5.61e-02
  34  3.215688e+01    1.78e-02    6.58e+01   2.07e+01   5.86e-01  1.14e+05        1    1.64e-03    5.78e-02
  35  3.213948e+01    1.74e-02    6.45e+01   2.07e+01   5.86e-01  1.14e+05        1    1.65e-03    5.95e-02
  36  3.212246e+01    1.70e-02    6.32e+01   2.07e+01   5.87e-01  1.15e+05        1    1.65e-03    6.11e-02
  37  3.210580e+01    1.67e-02    6.19e+01   2.07e+01   5.87e-01  1.15e+05        1    1.64e-03    6.28e-02
  38  3.208949e+01    1.63e-02    6.07e+01   2.07e+01   5.87e-01  1.16e+05        1    1.65e-03    6.44e-02
  39  3.207352e+01    1.60e-02    5.95e+01   2.08e+01   5.87e-01  1.17e+05        1    1.66e-03    6.61e-02
  40  3.205788e+01    1.56e-02    5.84e+01   2.08e+01   5.88e-01  1.17e+05        1    1.64e-03    6.77e-02
  41  3.204255e+01    1.53e-02    5.74e+01   2.08e+01   5.88e-01  1.18e+05        1    1.65e-03    6.94e-02
  42  3.202754e+01    1.50e-02    5.63e+01   2.08e+01   5.88e-01  1.18e+05        1    1.65e-03    7.11e-02
  43  3.201283e+01    1.47e-02    5.54e+01   2.09e+01   5.88e-01  1.19e+05        1    1.64e-03    7.27e-02
  44  3.199840e+01    1.44e-02    5.44e+01   2.09e+01   5.89e-01  1.20e+05        1    1.65e-03    7.44e-02
  45  3.198427e+01    1.41e-02    5.35e+01   2.09e+01   5.89e-01  1.20e+05        1    1.65e-03    7.60e-02
  46  3.197041e+01    1.39e-02    5.26e+01   2.09e+01   5.89e-01  1.21e+05        1    1.64e-03    7.77e-02
  47  3.195682e+01    1.36e-02    5.18e+01   2.10e+01   5.89e-01  1.22e+05        1    1.64e-03    7.93e-02
  48  3.194348e+01    1.33e-02    5.10e+01   2.10e+01   5.89e-01  1.23e+05        1    1.65e-03    8.10e-02
  49  3.193041e+01    1.31e-02    5.02e+01   2.10e+01   5.90e-01  1.23e+05        1    1.64e-03    8.26e-02
  50  3.191758e+01    1.28e-02    4.95e+01   2.11e+01   5.90e-01  1.24e+05        1    1.65e-03    8.43e-02
  51  3.190499e+01    1.26e-02    4.87e+01   2.11e+01   5.90e-01  1.25e+05        1    1.66e-03    8.60e-02
  52  3.189264e+01    1.24e-02    4.80e+01   2.11e+01   5.90e-01  1.25e+05        1    1.63e-03    8.76e-02
  53  3.188051e+01    1.21e-02    4.74e+01   2.12e+01   5.90e-01  1.26e+05        1    1.65e-03    8.93e-02
  54  3.186861e+01    1.19e-02    4.67e+01   2.12e+01   5.91e-01  1.27e+05        1    1.64e-03    9.09e-02
  55  3.185693e+01    1.17e-02    4.61e+01   2.12e+01   5.91e-01  1.28e+05        1    1.64e-03    9.26e-02
  56  3.184546e+01    1.15e-02    4.55e+01   2.12e+01   5.91e-01  1.28e+05        1    1.65e-03    9.42e-02
  57  3.183419e+01    1.13e-02    4.50e+01   2.13e+01   5.91e-01  1.29e+05        1    1.66e-03    9.59e-02
  58  3.182313e+01    1.11e-02    4.44e+01   2.13e+01   5.91e-01  1.30e+05        1    1.67e-03    9.76e-02
  59  3.181227e+01    1.09e-02    4.39e+01   2.14e+01   5.92e-01  1.31e+05        1    1.65e-03    9.92e-02
  60  3.180159e+01    1.07e-02    4.34e+01   2.14e+01   5.92e-01  1.32e+05        1    1.64e-03    1.01e-01
  61  3.179111e+01    1.05e-02    4.29e+01   2.14e+01   5.92e-01  1.32e+05        1    1.66e-03    1.03e-01
  62  3.178081e+01    1.03e-02    4.24e+01   2.15e+01   5.92e-01  1.33e+05        1    1.70e-03    1.04e-01
  63  3.177068e+01    1.01e-02    4.20e+01   2.15e+01   5.92e-01  1.34e+05        1    1.66e-03    1.06e-01
  64  3.176074e+01    9.95e-03    4.15e+01   2.15e+01   5.93e-01  1.35e+05        1    1.64e-03    1.08e-01
  65  3.175096e+01    9.78e-03    4.11e+01   2.16e+01   5.93e-01  1.36e+05        1    1.65e-03    1.09e-01
  66  3.174135e+01    9.61e-03    4.07e+01   2.16e+01   5.93e-01  1.37e+05        1    1.65e-03    1.11e-01
  67  3.173191e+01    9.44e-03    4.04e+01   2.16e+01   5.93e-01  1.38e+05        1    1.64e-03    1.13e-01
  68  3.172263e+01    9.28e-03    4.00e+01   2.17e+01   5.93e-01  1.39e+05        1    1.65e-03    1.14e-01
  69  3.171350e+01    9.13e-03    3.96e+01   2.17e+01   5.93e-01  1.39e+05        1    1.63e-03    1.16e-01
  70  3.170452e+01    8.97e-03    3.93e+01   2.18e+01   5.94e-01  1.40e+05        1    1.67e-03    1.18e-01
  71  3.169570e+01    8.82e-03    3.90e+01   2.18e+01   5.94e-01  1.41e+05        1    1.66e-03    1.19e-01
  72  3.168702e+01    8.68e-03    3.87e+01   2.18e+01   5.94e-01  1.42e+05        1    1.64e-03    1.21e-01
  73  3.167849e+01    8.53e-03    3.84e+01   2.19e+01   5.94e-01  1.43e+05        1    1.64e-03    1.23e-01
  74  3.167010e+01    8.39e-03    3.81e+01   2.19e+01   5.94e-01  1.44e+05        1    1.65e-03    1.24e-01
  75  3.166184e+01    8.25e-03    3.78e+01   2.19e+01   5.95e-01  1.45e+05        1    1.64e-03    1.26e-01
  76  3.165372e+01    8.12e-03    3.76e+01   2.20e+01   5.95e-01  1.46e+05        1    1.70e-03    1.28e-01
  77  3.164573e+01    7.99e-03    3.73e+01   2.20e+01   5.95e-01  1.47e+05        1    1.69e-03    1.29e-01
  78  3.163788e+01    7.86e-03    3.71e+01   2.21e+01   5.95e-01  1.48e+05        1    1.65e-03    1.31e-01
  79  3.163015e+01    7.73e-03    3.69e+01   2.21e+01   5.95e-01  1.49e+05        1    1.64e-03    1.33e-01
  80  3.162254e+01    7.61e-03    3.67e+01   2.22e+01   5.95e-01  1.50e+05        1    1.65e-03    1.34e-01
  81  3.161506e+01    7.48e-03    3.65e+01   2.22e+01   5.96e-01  1.51e+05        1    1.64e-03    1.36e-01
  82  3.160769e+01    7.36e-03    3.63e+01   2.22e+01   5.96e-01  1.52e+05        1    1.64e-03    1.38e-01
  83  3.160045e+01    7.25e-03    3.61e+01   2.23e+01   5.96e-01  1.53e+05        1    1.65e-03    1.39e-01
  84  3.159331e+01    7.13e-03    3.59e+01   2.23e+01   5.96e-01  1.55e+05        1    1.64e-03    1.41e-01
  85  3.158629e+01    7.02e-03    3.58e+01   2.24e+01   5.96e-01  1.56e+05        1    1.65e-03    1.43e-01
  86  3.157939e+01    6.91e-03    3.56e+01   2.24e+01   5.97e-01  1.57e+05        1    1.65e-03    1.44e-01
  87  3.157259e+01    6.80e-03    3.55e+01   2.24e+01   5.97e-01  1.58e+05        1    1.79e-03    1.46e-01
  88  3.156589e+01    6.69e-03    3.54e+01   2.25e+01   5.97e-01  1.59e+05        1    1.65e-03    1.48e-01
  89  3.155930e+01    6.59e-03    3.52e+01   2.25e+01   5.97e-01  1.60e+05        1    1.65e-03    1.49e-01
  90  3.155282e+01    6.49e-03    3.51e+01   2.26e+01   5.97e-01  1.61e+05        1    1.65e-03    1.51e-01
  91  3.154643e+01    6.39e-03    3.50e+01   2.26e+01   5.97e-01  1.63e+05        1    1.64e-03    1.53e-01
  92  3.154015e+01    6.29e-03    3.49e+01   2.27e+01   5.98e-01  1.64e+05        1    1.66e-03    1.54e-01
  93  3.153396e+01    6.19e-03    3.48e+01   2.27e+01   5.98e-01  1.65e+05        1    1.65e-03    1.56e-01
  94  3.152786e+01    6.09e-03    3.48e+01   2.27e+01   5.98e-01  1.66e+05        1    1.64e-03    1.58e-01
  95  3.152186e+01    6.00e-03    3.47e+01   2.28e+01   5.98e-01  1.68e+05        1    1.65e-03    1.59e-01
  96  3.151596e+01    5.91e-03    3.46e+01   2.28e+01   5.98e-01  1.69e+05        1    1.68e-03    1.61e-01
  97  3.151014e+01    5.82e-03    3.46e+01   2.29e+01   5.99e-01  1.70e+05        1    1.65e-03    1.63e-01
  98  3.150441e+01    5.73e-03    3.46e+01   2.29e+01   5.99e-01  1.72e+05        1    1.65e-03    1.64e-01
  99  3.149877e+01    5.64e-03    3.45e+01   2.30e+01   5.99e-01  1.73e+05        1    1.66e-03    1.66e-01
 100  3.149321e+01    5.56e-03    3.45e+01   2.30e+01   5.99e-01  1.74e+05        1    1.64e-03    1.68e-01


Bundle adjustment report
------------------------
    Residuals : 1252
   Parameters : 950
   Iterations : 101
         Time : 0.16766 [s]
 Initial cost : 0.174512 [px]
   Final cost : 0.158601 [px]
  Termination : No convergence

  => Filtered observations: 0
  => Filtered images: 0

==============================================================================
Registering image #9 (3)
==============================================================================

  => Image sees 32 / 233 points
  => Could not register, trying another image.

==============================================================================
Retriangulation
==============================================================================

  => Completed observations: 0
  => Merged observations: 0
  => Retriangulated observations: 0

==============================================================================
Global bundle adjustment
==============================================================================

iter      cost      cost_change  |gradient|   |step|    tr_ratio  tr_radius  ls_iter  iter_time  total_time
   0  3.149321e+01    0.00e+00    3.84e+00   0.00e+00   0.00e+00  1.00e+04        0    1.11e-03    2.03e-03
   1  3.148920e+01    4.02e-03    5.66e-01   1.39e+00   1.00e+00  3.00e+04        1    1.73e-03    3.78e-03
   2  3.148825e+01    9.43e-04    1.05e+00   4.04e+00   9.96e-01  9.00e+04        1    1.67e-03    5.46e-03
   3  3.148571e+01    2.55e-03    1.13e+00   1.21e+01   9.04e-01  1.90e+05        1    1.66e-03    7.14e-03
   4  3.148463e+01    1.07e-03    4.61e+00   2.56e+01   1.75e-01  1.49e+05        1    1.66e-03    8.81e-03
   5  3.147696e+01    7.67e-03    2.73e+00   2.00e+01   8.06e-01  1.94e+05        1    1.67e-03    1.05e-02
   6  3.147439e+01    2.57e-03    4.51e+00   2.57e+01   3.41e-01  1.88e+05        1    1.69e-03    1.22e-02
   7  3.146822e+01    6.17e-03    4.11e+00   2.48e+01   5.97e-01  1.89e+05        1    1.66e-03    1.39e-02
   8  3.146286e+01    5.36e-03    4.11e+00   2.48e+01   5.68e-01  1.90e+05        1    1.66e-03    1.55e-02
   9  3.145753e+01    5.33e-03    4.06e+00   2.47e+01   5.76e-01  1.90e+05        1    1.71e-03    1.73e-02
  10  3.145233e+01    5.20e-03    4.02e+00   2.46e+01   5.79e-01  1.91e+05        1    1.66e-03    1.89e-02
  11  3.144724e+01    5.09e-03    3.99e+00   2.46e+01   5.82e-01  1.92e+05        1    1.64e-03    2.06e-02
  12  3.144225e+01    4.98e-03    3.96e+00   2.45e+01   5.85e-01  1.93e+05        1    1.67e-03    2.23e-02
  13  3.143737e+01    4.88e-03    3.94e+00   2.45e+01   5.87e-01  1.94e+05        1    1.66e-03    2.39e-02
  14  3.143258e+01    4.79e-03    3.92e+00   2.44e+01   5.89e-01  1.95e+05        1    1.70e-03    2.57e-02
  15  3.142788e+01    4.70e-03    3.91e+00   2.44e+01   5.91e-01  1.96e+05        1    1.66e-03    2.73e-02
  16  3.142327e+01    4.61e-03    3.90e+00   2.44e+01   5.93e-01  1.98e+05        1    1.66e-03    2.90e-02
  17  3.141874e+01    4.53e-03    3.89e+00   2.44e+01   5.94e-01  1.99e+05        1    1.64e-03    3.06e-02
  18  3.141429e+01    4.45e-03    3.88e+00   2.44e+01   5.96e-01  2.00e+05        1    1.65e-03    3.23e-02
  19  3.140992e+01    4.37e-03    3.88e+00   2.44e+01   5.97e-01  2.02e+05        1    1.65e-03    3.40e-02
  20  3.140562e+01    4.30e-03    3.88e+00   2.44e+01   5.98e-01  2.03e+05        1    1.64e-03    3.56e-02
  21  3.140139e+01    4.23e-03    3.88e+00   2.44e+01   5.99e-01  2.05e+05        1    1.65e-03    3.73e-02
  22  3.139722e+01    4.16e-03    3.89e+00   2.45e+01   5.99e-01  2.07e+05        1    1.66e-03    3.90e-02
  23  3.139313e+01    4.10e-03    3.90e+00   2.45e+01   6.00e-01  2.08e+05        1    1.64e-03    4.06e-02
  24  3.138910e+01    4.03e-03    3.91e+00   2.45e+01   6.01e-01  2.10e+05        1    1.66e-03    4.23e-02
  25  3.138513e+01    3.97e-03    3.92e+00   2.45e+01   6.01e-01  2.12e+05        1    1.65e-03    4.40e-02
  26  3.138122e+01    3.91e-03    3.93e+00   2.46e+01   6.02e-01  2.13e+05        1    1.64e-03    4.56e-02
  27  3.137737e+01    3.85e-03    3.94e+00   2.46e+01   6.02e-01  2.15e+05        1    1.66e-03    4.73e-02
  28  3.137357e+01    3.79e-03    3.96e+00   2.46e+01   6.03e-01  2.17e+05        1    1.67e-03    4.90e-02
  29  3.136984e+01    3.74e-03    3.97e+00   2.47e+01   6.03e-01  2.19e+05        1    1.64e-03    5.06e-02
  30  3.136616e+01    3.68e-03    3.99e+00   2.47e+01   6.04e-01  2.21e+05        1    1.65e-03    5.23e-02
  31  3.136253e+01    3.63e-03    4.01e+00   2.48e+01   6.04e-01  2.23e+05        1    1.66e-03    5.39e-02
  32  3.135895e+01    3.57e-03    4.03e+00   2.48e+01   6.04e-01  2.25e+05        1    1.65e-03    5.56e-02
  33  3.135543e+01    3.52e-03    4.05e+00   2.49e+01   6.05e-01  2.27e+05        1    1.66e-03    5.73e-02
  34  3.135196e+01    3.47e-03    4.07e+00   2.49e+01   6.05e-01  2.29e+05        1    1.66e-03    5.89e-02
  35  3.134854e+01    3.42e-03    4.10e+00   2.49e+01   6.05e-01  2.32e+05        1    1.85e-03    6.08e-02
  36  3.134516e+01    3.37e-03    4.12e+00   2.50e+01   6.06e-01  2.34e+05        1    2.55e-03    6.34e-02
  37  3.134184e+01    3.33e-03    4.15e+00   2.50e+01   6.06e-01  2.36e+05        1    2.48e-03    6.59e-02
  38  3.133856e+01    3.28e-03    4.17e+00   2.51e+01   6.06e-01  2.38e+05        1    1.69e-03    6.76e-02
  39  3.133533e+01    3.23e-03    4.20e+00   2.51e+01   6.06e-01  2.41e+05        1    1.69e-03    6.93e-02
  40  3.133214e+01    3.19e-03    4.23e+00   2.52e+01   6.07e-01  2.43e+05        1    1.69e-03    7.10e-02
  41  3.132900e+01    3.14e-03    4.26e+00   2.52e+01   6.07e-01  2.45e+05        1    1.65e-03    7.27e-02
  42  3.132590e+01    3.10e-03    4.29e+00   2.53e+01   6.07e-01  2.48e+05        1    1.66e-03    7.43e-02
  43  3.132284e+01    3.06e-03    4.32e+00   2.53e+01   6.07e-01  2.50e+05        1    1.65e-03    7.60e-02
  44  3.131983e+01    3.01e-03    4.36e+00   2.54e+01   6.08e-01  2.53e+05        1    1.64e-03    7.77e-02
  45  3.131686e+01    2.97e-03    4.39e+00   2.54e+01   6.08e-01  2.55e+05        1    1.66e-03    7.93e-02
  46  3.131393e+01    2.93e-03    4.43e+00   2.55e+01   6.08e-01  2.58e+05        1    1.66e-03    8.10e-02
  47  3.131104e+01    2.89e-03    4.47e+00   2.56e+01   6.09e-01  2.61e+05        1    1.65e-03    8.27e-02
  48  3.130819e+01    2.85e-03    4.51e+00   2.56e+01   6.09e-01  2.63e+05        1    1.65e-03    8.43e-02
  49  3.130538e+01    2.81e-03    4.55e+00   2.57e+01   6.09e-01  2.66e+05        1    1.66e-03    8.60e-02
  50  3.130261e+01    2.77e-03    4.59e+00   2.57e+01   6.09e-01  2.69e+05        1    1.64e-03    8.76e-02
  51  3.129987e+01    2.73e-03    4.63e+00   2.58e+01   6.10e-01  2.72e+05        1    1.66e-03    8.93e-02
  52  3.129717e+01    2.70e-03    4.68e+00   2.58e+01   6.10e-01  2.75e+05        1    1.65e-03    9.10e-02
  53  3.129451e+01    2.66e-03    4.72e+00   2.59e+01   6.10e-01  2.78e+05        1    1.64e-03    9.26e-02
  54  3.129189e+01    2.63e-03    4.77e+00   2.59e+01   6.10e-01  2.81e+05        1    1.65e-03    9.43e-02
  55  3.128930e+01    2.59e-03    4.82e+00   2.60e+01   6.11e-01  2.84e+05        1    1.65e-03    9.60e-02
  56  3.128674e+01    2.56e-03    4.87e+00   2.61e+01   6.11e-01  2.87e+05        1    1.65e-03    9.76e-02
  57  3.128422e+01    2.52e-03    4.92e+00   2.61e+01   6.11e-01  2.90e+05        1    1.66e-03    9.93e-02
  58  3.128173e+01    2.49e-03    4.97e+00   2.62e+01   6.12e-01  2.93e+05        1    1.66e-03    1.01e-01
  59  3.127928e+01    2.45e-03    5.03e+00   2.62e+01   6.12e-01  2.97e+05        1    1.65e-03    1.03e-01
  60  3.127686e+01    2.42e-03    5.09e+00   2.63e+01   6.12e-01  3.00e+05        1    1.65e-03    1.04e-01
  61  3.127447e+01    2.39e-03    5.14e+00   2.63e+01   6.12e-01  3.04e+05        1    1.65e-03    1.06e-01
  62  3.127211e+01    2.36e-03    5.20e+00   2.64e+01   6.13e-01  3.07e+05        1    1.66e-03    1.08e-01
  63  3.126978e+01    2.33e-03    5.27e+00   2.65e+01   6.13e-01  3.11e+05        1    1.67e-03    1.09e-01
  64  3.126748e+01    2.30e-03    5.33e+00   2.65e+01   6.13e-01  3.14e+05        1    1.66e-03    1.11e-01
  65  3.126522e+01    2.27e-03    5.40e+00   2.66e+01   6.13e-01  3.18e+05        1    1.64e-03    1.13e-01
  66  3.126298e+01    2.24e-03    5.47e+00   2.67e+01   6.14e-01  3.22e+05        1    1.65e-03    1.14e-01
  67  3.126077e+01    2.21e-03    5.54e+00   2.67e+01   6.14e-01  3.26e+05        1    1.65e-03    1.16e-01
  68  3.125859e+01    2.18e-03    5.61e+00   2.68e+01   6.14e-01  3.30e+05        1    1.64e-03    1.18e-01
  69  3.125643e+01    2.15e-03    5.68e+00   2.68e+01   6.15e-01  3.34e+05        1    1.65e-03    1.19e-01
  70  3.125431e+01    2.13e-03    5.76e+00   2.69e+01   6.15e-01  3.38e+05        1    1.66e-03    1.21e-01
  71  3.125221e+01    2.10e-03    5.84e+00   2.70e+01   6.15e-01  3.42e+05        1    1.64e-03    1.23e-01
  72  3.125014e+01    2.07e-03    5.92e+00   2.70e+01   6.15e-01  3.46e+05        1    1.65e-03    1.24e-01
  73  3.124809e+01    2.05e-03    6.00e+00   2.71e+01   6.16e-01  3.50e+05        1    1.65e-03    1.26e-01
  74  3.124607e+01    2.02e-03    6.09e+00   2.72e+01   6.16e-01  3.55e+05        1    1.64e-03    1.28e-01
  75  3.124407e+01    2.00e-03    6.18e+00   2.72e+01   6.16e-01  3.59e+05        1    1.66e-03    1.29e-01
  76  3.124210e+01    1.97e-03    6.27e+00   2.73e+01   6.16e-01  3.64e+05        1    1.65e-03    1.31e-01
  77  3.124015e+01    1.95e-03    6.36e+00   2.74e+01   6.17e-01  3.69e+05        1    1.64e-03    1.33e-01
  78  3.123823e+01    1.92e-03    6.46e+00   2.74e+01   6.17e-01  3.73e+05        1    1.65e-03    1.34e-01
  79  3.123633e+01    1.90e-03    6.56e+00   2.75e+01   6.17e-01  3.78e+05        1    1.66e-03    1.36e-01
  80  3.123445e+01    1.88e-03    6.66e+00   2.76e+01   6.17e-01  3.83e+05        1    1.65e-03    1.38e-01
  81  3.123260e+01    1.85e-03    6.77e+00   2.76e+01   6.17e-01  3.88e+05        1    1.66e-03    1.39e-01
  82  3.123076e+01    1.83e-03    6.87e+00   2.77e+01   6.18e-01  3.93e+05        1    1.66e-03    1.41e-01
  83  3.122895e+01    1.81e-03    6.98e+00   2.77e+01   6.18e-01  3.98e+05        1    1.64e-03    1.43e-01
  84  3.122717e+01    1.79e-03    7.10e+00   2.78e+01   6.18e-01  4.04e+05        1    1.65e-03    1.44e-01
  85  3.122540e+01    1.77e-03    7.21e+00   2.79e+01   6.18e-01  4.09e+05        1    1.65e-03    1.46e-01
  86  3.122365e+01    1.75e-03    7.33e+00   2.79e+01   6.18e-01  4.15e+05        1    1.64e-03    1.48e-01
  87  3.122192e+01    1.73e-03    7.45e+00   2.80e+01   6.18e-01  4.20e+05        1    1.66e-03    1.49e-01
  88  3.122022e+01    1.71e-03    7.57e+00   2.80e+01   6.18e-01  4.26e+05        1    1.64e-03    1.51e-01
  89  3.121853e+01    1.69e-03    7.70e+00   2.81e+01   6.18e-01  4.32e+05        1    1.65e-03    1.52e-01
  90  3.121686e+01    1.67e-03    7.83e+00   2.82e+01   6.18e-01  4.37e+05        1    1.65e-03    1.54e-01
  91  3.121522e+01    1.65e-03    7.96e+00   2.82e+01   6.18e-01  4.43e+05        1    1.64e-03    1.56e-01
  92  3.121359e+01    1.63e-03    8.09e+00   2.83e+01   6.18e-01  4.49e+05        1    1.66e-03    1.57e-01
  93  3.121198e+01    1.61e-03    8.23e+00   2.83e+01   6.18e-01  4.55e+05        1    1.66e-03    1.59e-01
  94  3.121038e+01    1.59e-03    8.37e+00   2.83e+01   6.18e-01  4.61e+05        1    1.81e-03    1.61e-01
  95  3.120881e+01    1.57e-03    8.50e+00   2.84e+01   6.18e-01  4.67e+05        1    1.72e-03    1.63e-01
  96  3.120725e+01    1.56e-03    8.65e+00   2.84e+01   6.18e-01  4.74e+05        1    1.65e-03    1.64e-01
  97  3.120571e+01    1.54e-03    8.79e+00   2.84e+01   6.18e-01  4.80e+05        1    1.70e-03    1.66e-01
  98  3.120419e+01    1.52e-03    8.93e+00   2.85e+01   6.17e-01  4.86e+05        1    1.71e-03    1.68e-01
  99  3.120269e+01    1.50e-03    9.08e+00   2.85e+01   6.17e-01  4.92e+05        1    1.66e-03    1.69e-01
 100  3.120120e+01    1.49e-03    9.23e+00   2.85e+01   6.17e-01  4.99e+05        1    1.66e-03    1.71e-01


Bundle adjustment report
------------------------
    Residuals : 1252
   Parameters : 950
   Iterations : 101
         Time : 0.171184 [s]
 Initial cost : 0.158601 [px]
   Final cost : 0.157864 [px]
  Termination : No convergence

  => Completed observations: 0
  => Merged observations: 0
  => Filtered observations: 0
  => Changed observations: 0.000000
  => Filtered images: 0

==============================================================================
Registering image #9 (3)
==============================================================================

  => Image sees 32 / 233 points
  => Could not register, trying another image.

==============================================================================
Finding good initial image pair
==============================================================================


==============================================================================
Initializing with image pair #4 and #9
==============================================================================


==============================================================================
Global bundle adjustment
==============================================================================

iter      cost      cost_change  |gradient|   |step|    tr_ratio  tr_radius  ls_iter  iter_time  total_time
   0  9.401295e+01    0.00e+00    1.02e+03   0.00e+00   0.00e+00  1.00e+04        0    1.91e-04    4.20e-04
   1  7.034475e+01    2.37e+01    1.23e+04   3.96e+01   5.33e-01  1.00e+04        1    3.30e-04    7.69e-04
   2  4.939603e+01    2.09e+01    7.72e+02   2.70e+01   9.89e-01  3.00e+04        1    2.75e-04    1.06e-03
   3  5.741668e+01   -8.02e+00    7.72e+02   6.95e+01  -1.09e+01  1.50e+04        1    1.05e-04    1.17e-03
   4  4.954217e+01   -1.46e-01    7.72e+02   3.67e+01  -3.13e-01  3.75e+03        1    9.80e-05    1.28e-03
   5  4.915387e+01    2.42e-01    2.16e+01   9.73e+00   9.90e-01  1.13e+04        1    2.82e-04    1.57e-03
   6  4.910821e+01    4.57e-02    3.20e+02   2.74e+01   2.03e-01  9.30e+03        1    2.74e-04    1.86e-03
   7  4.881789e+01    2.90e-01    2.35e+02   2.24e+01   8.30e-01  1.30e+04        1    2.73e-04    2.14e-03
   8  4.873922e+01    7.87e-02    3.41e+02   3.01e+01   2.80e-01  1.20e+04        1    2.73e-04    2.42e-03
   9  4.845439e+01    2.85e-01    2.90e+02   2.69e+01   7.30e-01  1.33e+04        1    2.87e-04    2.72e-03
  10  4.828651e+01    1.68e-01    2.71e+02   2.88e+01   5.60e-01  1.33e+04        1    2.73e-04    3.00e-03
  11  4.807422e+01    2.12e-01    2.51e+02   2.79e+01   6.77e-01  1.39e+04        1    2.76e-04    3.29e-03
  12  4.789136e+01    1.83e-01    2.21e+02   2.82e+01   6.52e-01  1.43e+04        1    2.85e-04    3.58e-03
  13  4.770481e+01    1.87e-01    2.01e+02   2.81e+01   6.85e-01  1.51e+04        1    2.78e-04    3.87e-03
  14  4.752745e+01    1.77e-01    1.81e+02   2.86e+01   6.78e-01  1.58e+04        1    2.81e-04    4.16e-03
  15  4.734641e+01    1.81e-01    1.62e+02   2.90e+01   6.93e-01  1.68e+04        1    2.73e-04    4.44e-03
  16  4.716529e+01    1.81e-01    1.42e+02   2.98e+01   6.92e-01  1.78e+04        1    2.97e-04    4.75e-03
  17  4.697735e+01    1.88e-01    1.20e+02   3.06e+01   7.00e-01  1.90e+04        1    2.73e-04    5.03e-03
  18  4.678297e+01    1.94e-01    1.13e+02   3.17e+01   7.00e-01  2.03e+04        1    2.73e-04    5.31e-03
  19  4.657741e+01    2.06e-01    1.16e+02   3.29e+01   7.05e-01  2.18e+04        1    2.85e-04    5.61e-03
  20  4.635930e+01    2.18e-01    1.20e+02   3.44e+01   7.05e-01  2.34e+04        1    2.73e-04    5.89e-03
  21  4.612424e+01    2.35e-01    1.24e+02   3.60e+01   7.08e-01  2.52e+04        1    2.73e-04    6.17e-03
  22  4.586952e+01    2.55e-01    1.29e+02   3.79e+01   7.08e-01  2.72e+04        1    2.73e-04    6.45e-03
  23  4.559034e+01    2.79e-01    1.73e+02   4.01e+01   7.08e-01  2.93e+04        1    2.91e-04    6.76e-03
  24  4.528278e+01    3.08e-01    2.75e+02   4.25e+01   7.06e-01  3.15e+04        1    2.73e-04    7.04e-03
  25  4.494142e+01    3.41e-01    4.03e+02   4.53e+01   7.04e-01  3.38e+04        1    2.73e-04    7.32e-03
  26  4.456144e+01    3.80e-01    5.62e+02   4.83e+01   7.00e-01  3.61e+04        1    2.84e-04    7.61e-03
  27  4.413718e+01    4.24e-01    7.52e+02   5.15e+01   6.94e-01  3.83e+04        1    2.73e-04    7.90e-03
  28  4.366363e+01    4.74e-01    9.74e+02   5.50e+01   6.86e-01  4.04e+04        1    2.73e-04    8.18e-03
  29  4.313565e+01    5.28e-01    1.23e+03   5.86e+01   6.76e-01  4.23e+04        1    2.72e-04    8.46e-03
  30  4.254896e+01    5.87e-01    1.50e+03   6.24e+01   6.65e-01  4.39e+04        1    2.84e-04    8.76e-03
  31  4.189975e+01    6.49e-01    1.78e+03   6.64e+01   6.53e-01  4.52e+04        1    2.73e-04    9.04e-03
  32  4.118523e+01    7.15e-01    2.07e+03   7.04e+01   6.41e-01  4.62e+04        1    2.72e-04    9.32e-03
  33  4.040359e+01    7.82e-01    2.34e+03   7.45e+01   6.28e-01  4.70e+04        1    2.84e-04    9.62e-03
  34  3.955450e+01    8.49e-01    2.59e+03   7.88e+01   6.17e-01  4.76e+04        1    2.73e-04    9.90e-03
  35  3.863948e+01    9.15e-01    2.80e+03   8.33e+01   6.08e-01  4.81e+04        1    2.72e-04    1.02e-02
  36  3.766267e+01    9.77e-01    2.97e+03   8.78e+01   6.01e-01  4.85e+04        1    2.72e-04    1.05e-02
  37  3.663175e+01    1.03e+00    3.07e+03   9.24e+01   5.98e-01  4.89e+04        1    2.83e-04    1.08e-02
  38  3.555895e+01    1.07e+00    3.10e+03   9.68e+01   5.98e-01  4.92e+04        1    2.72e-04    1.10e-02
  39  3.446170e+01    1.10e+00    3.06e+03   1.01e+02   6.03e-01  4.97e+04        1    2.73e-04    1.13e-02
  40  3.336216e+01    1.10e+00    2.96e+03   1.05e+02   6.10e-01  5.02e+04        1    2.83e-04    1.16e-02
  41  3.228503e+01    1.08e+00    2.80e+03   1.08e+02   6.20e-01  5.09e+04        1    2.73e-04    1.19e-02
  42  3.125396e+01    1.03e+00    2.60e+03   1.11e+02   6.30e-01  5.18e+04        1    2.72e-04    1.22e-02
  43  3.028777e+01    9.66e-01    2.39e+03   1.13e+02   6.41e-01  5.30e+04        1    2.73e-04    1.25e-02
  44  2.939821e+01    8.90e-01    2.18e+03   1.15e+02   6.50e-01  5.45e+04        1    2.84e-04    1.28e-02
  45  2.858990e+01    8.08e-01    1.97e+03   1.17e+02   6.58e-01  5.63e+04        1    2.72e-04    1.30e-02
  46  2.786177e+01    7.28e-01    1.79e+03   1.18e+02   6.65e-01  5.84e+04        1    2.75e-04    1.33e-02
  47  2.720907e+01    6.53e-01    1.62e+03   1.19e+02   6.71e-01  6.08e+04        1    2.83e-04    1.36e-02
  48  2.662508e+01    5.84e-01    1.47e+03   1.19e+02   6.76e-01  6.35e+04        1    2.73e-04    1.39e-02
  49  2.610242e+01    5.23e-01    1.34e+03   1.20e+02   6.80e-01  6.66e+04        1    2.76e-04    1.42e-02
  50  2.563387e+01    4.69e-01    1.23e+03   1.21e+02   6.83e-01  7.01e+04        1    2.72e-04    1.45e-02
  51  2.521276e+01    4.21e-01    1.13e+03   1.21e+02   6.86e-01  7.39e+04        1    2.83e-04    1.48e-02
  52  2.483317e+01    3.80e-01    1.04e+03   1.21e+02   6.88e-01  7.80e+04        1    2.72e-04    1.50e-02
  53  2.448992e+01    3.43e-01    9.61e+02   1.22e+02   6.90e-01  8.25e+04        1    2.72e-04    1.53e-02
  54  2.417852e+01    3.11e-01    8.91e+02   1.22e+02   6.91e-01  8.74e+04        1    2.83e-04    1.56e-02
  55  2.389510e+01    2.83e-01    8.29e+02   1.22e+02   6.93e-01  9.27e+04        1    2.73e-04    1.59e-02
  56  2.363633e+01    2.59e-01    7.74e+02   1.22e+02   6.95e-01  9.85e+04        1    2.72e-04    1.62e-02
  57  2.339929e+01    2.37e-01    7.24e+02   1.22e+02   6.96e-01  1.05e+05        1    2.73e-04    1.65e-02
  58  2.318146e+01    2.18e-01    6.79e+02   1.22e+02   6.98e-01  1.12e+05        1    2.84e-04    1.68e-02
  59  2.298062e+01    2.01e-01    6.38e+02   1.21e+02   7.00e-01  1.19e+05        1    2.72e-04    1.70e-02
  60  2.279482e+01    1.86e-01    6.01e+02   1.21e+02   7.02e-01  1.28e+05        1    2.73e-04    1.73e-02
  61  2.262233e+01    1.72e-01    5.68e+02   1.20e+02   7.05e-01  1.37e+05        1    2.84e-04    1.76e-02
  62  2.246163e+01    1.61e-01    5.36e+02   1.19e+02   7.07e-01  1.48e+05        1    2.72e-04    1.79e-02
  63  2.231134e+01    1.50e-01    5.05e+02   1.18e+02   7.10e-01  1.60e+05        1    2.72e-04    1.82e-02
  64  2.217024e+01    1.41e-01    4.75e+02   1.17e+02   7.13e-01  1.73e+05        1    2.72e-04    1.85e-02
  65  2.203723e+01    1.33e-01    4.43e+02   1.15e+02   7.16e-01  1.88e+05        1    2.84e-04    1.88e-02
  66  2.191137e+01    1.26e-01    4.08e+02   1.13e+02   7.19e-01  2.06e+05        1    2.73e-04    1.90e-02
  67  2.179182e+01    1.20e-01    3.66e+02   1.10e+02   7.22e-01  2.25e+05        1    2.73e-04    1.93e-02
  68  2.167797e+01    1.14e-01    3.14e+02   1.06e+02   7.23e-01  2.47e+05        1    2.83e-04    1.96e-02
  69  2.156945e+01    1.09e-01    2.44e+02   1.00e+02   7.21e-01  2.70e+05        1    2.73e-04    1.99e-02
  70  2.146623e+01    1.03e-01    1.50e+02   9.27e+01   7.15e-01  2.94e+05        1    2.73e-04    2.02e-02
  71  2.136872e+01    9.75e-02    1.21e+02   8.23e+01   7.01e-01  3.14e+05        1    2.73e-04    2.05e-02
  72  2.127759e+01    9.11e-02    1.27e+02   6.91e+01   6.79e-01  3.29e+05        1    2.85e-04    2.08e-02
  73  2.119352e+01    8.41e-02    2.99e+02   5.36e+01   6.47e-01  3.38e+05        1    2.73e-04    2.10e-02
  74  2.111692e+01    7.66e-02    4.75e+02   3.82e+01   6.04e-01  3.41e+05        1    2.73e-04    2.13e-02
  75  2.104809e+01    6.88e-02    6.43e+02   2.72e+01   5.48e-01  3.41e+05        1    2.84e-04    2.16e-02
  76  2.098766e+01    6.04e-02    8.06e+02   2.72e+01   4.74e-01  3.41e+05        1    2.73e-04    2.19e-02
  77  2.093685e+01    5.08e-02    9.73e+02   3.73e+01   3.78e-01  3.36e+05        1    2.73e-04    2.22e-02
  78  2.089213e+01    4.47e-02    1.12e+03   5.05e+01   3.02e-01  3.17e+05        1    2.72e-04    2.25e-02
  79  2.083931e+01    5.28e-02    1.17e+03   6.17e+01   3.23e-01  3.03e+05        1    2.84e-04    2.27e-02
  80  2.079878e+01    4.05e-02    1.25e+03   7.25e+01   2.40e-01  2.66e+05        1    2.73e-04    2.30e-02
  81  2.072559e+01    7.32e-02    1.12e+03   7.59e+01   4.06e-01  2.64e+05        1    2.76e-04    2.33e-02
  82  2.070700e+01    1.86e-02    1.25e+03   8.62e+01   1.16e-01  1.82e+05        1    2.84e-04    2.36e-02
  83  2.057256e+01    1.34e-01    7.07e+02   6.85e+01   7.44e-01  2.06e+05        1    2.72e-04    2.39e-02
  84  2.057626e+01   -3.70e-03    7.07e+02   8.43e+01  -4.03e-02  1.03e+05        1    1.04e-04    2.40e-02
  85  2.050905e+01    6.35e-02    2.62e+02   4.34e+01   9.10e-01  2.29e+05        1    2.69e-04    2.43e-02
  86  2.062110e+01   -1.12e-01    2.62e+02   9.91e+01  -1.94e+00  1.14e+05        1    1.04e-04    2.44e-02
  87  2.048769e+01    2.14e-02    3.32e+02   5.12e+01   6.53e-01  1.18e+05        1    2.76e-04    2.47e-02
  88  2.046334e+01    2.43e-02    3.77e+02   5.53e+01   6.18e-01  1.19e+05        1    2.73e-04    2.50e-02
  89  2.043767e+01    2.57e-02    4.17e+02   5.88e+01   5.75e-01  1.20e+05        1    2.72e-04    2.52e-02
  90  2.041087e+01    2.68e-02    4.54e+02   6.21e+01   5.36e-01  1.20e+05        1    2.84e-04    2.55e-02
  91  2.038334e+01    2.75e-02    4.94e+02   6.53e+01   4.93e-01  1.20e+05        1    2.72e-04    2.58e-02
  92  2.035536e+01    2.80e-02    5.39e+02   6.88e+01   4.46e-01  1.20e+05        1    2.73e-04    2.61e-02
  93  2.032697e+01    2.84e-02    5.89e+02   7.25e+01   3.98e-01  1.19e+05        1    2.73e-04    2.64e-02
  94  2.029739e+01    2.96e-02    6.38e+02   7.59e+01   3.62e-01  1.16e+05        1    3.31e-04    2.67e-02
  95  2.026536e+01    3.20e-02    6.79e+02   7.87e+01   3.45e-01  1.13e+05        1    4.27e-04    2.72e-02
  96  2.023096e+01    3.44e-02    7.13e+02   8.10e+01   3.31e-01  1.09e+05        1    4.53e-04    2.76e-02
  97  2.019380e+01    3.72e-02    7.40e+02   8.27e+01   3.24e-01  1.04e+05        1    3.19e-04    2.80e-02
  98  2.015437e+01    3.94e-02    7.63e+02   8.42e+01   3.16e-01  9.92e+04        1    4.05e-04    2.84e-02
  99  2.011181e+01    4.26e-02    7.81e+02   8.53e+01   3.15e-01  9.45e+04        1    4.74e-04    2.89e-02
 100  2.006753e+01    4.43e-02    8.01e+02   8.63e+01   3.05e-01  8.92e+04        1    4.49e-04    2.94e-02


Bundle adjustment report
------------------------
    Residuals : 200
   Parameters : 161
   Iterations : 101
         Time : 0.029407 [s]
 Initial cost : 0.685613 [px]
   Final cost : 0.316761 [px]
  Termination : No convergence

  => Filtered observations: 0
  => Filtered images: 0

==============================================================================
Finding good initial image pair
==============================================================================


==============================================================================
Initializing with image pair #3 and #1
==============================================================================


==============================================================================
Global bundle adjustment
==============================================================================

iter      cost      cost_change  |gradient|   |step|    tr_ratio  tr_radius  ls_iter  iter_time  total_time
   0  8.659758e+00    0.00e+00    8.55e+01   0.00e+00   0.00e+00  1.00e+04        0    1.20e-04    3.11e-04
   1  2.787272e+01   -1.92e+01    8.55e+01   2.40e+01  -1.02e+01  5.00e+03        1    8.11e-05    4.08e-04
   2  1.574796e+01   -7.09e+00    8.55e+01   1.94e+01  -4.18e+00  1.25e+03        1    5.48e-05    4.74e-04
   3  8.150027e+00    5.10e-01    7.52e+02   9.19e+00   4.80e-01  1.25e+03        1    1.63e-04    6.47e-04
   4  7.245093e+00    9.05e-01    3.00e+02   6.18e+00   9.27e-01  3.31e+03        1    1.60e-04    8.18e-04
   5  6.996462e+00    2.49e-01    4.16e+02   7.70e+00   7.06e-01  3.56e+03        1    1.60e-04    9.87e-04
   6  6.832937e+00    1.64e-01    1.06e+02   4.09e+00   9.71e-01  1.07e+04        1    1.74e-04    1.17e-03
   7  6.771872e+00    6.11e-02    2.03e+02   5.96e+00   8.88e-01  2.00e+04        1    1.61e-04    1.34e-03
   8  6.721609e+00    5.03e-02    2.12e+02   5.52e+00   8.98e-01  4.03e+04        1    1.60e-04    1.51e-03
   9  6.690585e+00    3.10e-02    2.35e+02   3.69e+00   8.40e-01  5.89e+04        1    1.60e-04    1.68e-03
  10  6.671690e+00    1.89e-02    1.46e+02   3.45e+00   9.19e-01  1.43e+05        1    1.60e-04    1.85e-03
  11  6.670545e+00    1.14e-03    2.21e+02   1.15e+01   1.10e-01  9.68e+04        1    1.60e-04    2.02e-03
  12  6.658057e+00    1.25e-02    5.71e+01   7.41e+00   9.70e-01  2.90e+05        1    1.72e-04    2.20e-03
  13  6.663245e+00   -5.19e-03    5.71e+01   1.52e+01  -1.46e+00  1.45e+05        1    6.22e-05    2.27e-03
  14  6.656573e+00    1.48e-03    7.09e+01   9.37e+00   5.36e-01  1.45e+05        1    1.57e-04    2.43e-03
  15  6.654339e+00    2.23e-03    3.67e+01   7.25e+00   8.70e-01  2.45e+05        1    1.60e-04    2.60e-03
  16  6.653590e+00    7.49e-04    3.92e+01   8.07e+00   5.90e-01  2.46e+05        1    1.59e-04    2.77e-03
  17  6.652685e+00    9.06e-04    1.32e+01   5.04e+00   9.58e-01  7.38e+05        1    1.60e-04    2.94e-03
  18  6.652405e+00    2.80e-04    4.61e+00   5.37e+00   8.38e-01  1.07e+06        1    1.59e-04    3.10e-03
  19  6.652244e+00    1.60e-04    1.42e+01   9.76e-01   1.01e+00  3.20e+06        1    1.72e-04    3.28e-03
  20  6.652459e+00   -2.15e-04    1.42e+01   3.79e+00  -1.93e+00  1.60e+06        1    6.20e-05    3.35e-03
  21  6.652194e+00    4.98e-05    1.64e+01   1.35e+00   6.95e-01  1.70e+06        1    1.56e-04    3.52e-03
  22  6.652143e+00    5.09e-05    1.04e+01   2.30e+00   6.73e-01  1.77e+06        1    1.59e-04    3.69e-03
  23  6.652102e+00    4.17e-05    7.84e+00   2.70e+00   5.66e-01  1.78e+06        1    1.60e-04    3.86e-03
  24  6.652057e+00    4.47e-05    5.97e+00   2.87e+00   5.62e-01  1.78e+06        1    1.60e-04    4.02e-03
  25  6.652012e+00    4.53e-05    5.05e+00   2.95e+00   5.50e-01  1.78e+06        1    1.71e-04    4.20e-03
  26  6.651966e+00    4.61e-05    4.54e+00   3.01e+00   5.44e-01  1.78e+06        1    1.60e-04    4.37e-03
  27  6.651919e+00    4.69e-05    4.27e+00   3.04e+00   5.40e-01  1.79e+06        1    1.59e-04    4.54e-03
  28  6.651871e+00    4.74e-05    4.11e+00   3.06e+00   5.36e-01  1.79e+06        1    1.60e-04    4.71e-03
  29  6.651823e+00    4.80e-05    4.02e+00   3.08e+00   5.32e-01  1.79e+06        1    1.59e-04    4.87e-03
  30  6.651775e+00    4.85e-05    3.96e+00   3.10e+00   5.29e-01  1.79e+06        1    1.61e-04    5.04e-03
  31  6.651726e+00    4.89e-05    3.91e+00   3.11e+00   5.25e-01  1.79e+06        1    1.72e-04    5.22e-03
  32  6.651677e+00    4.94e-05    3.87e+00   3.13e+00   5.22e-01  1.79e+06        1    1.61e-04    5.39e-03
  33  6.651627e+00    4.98e-05    3.84e+00   3.14e+00   5.19e-01  1.79e+06        1    1.60e-04    5.56e-03
  34  6.651576e+00    5.03e-05    3.80e+00   3.16e+00   5.16e-01  1.79e+06        1    1.60e-04    5.73e-03
  35  6.651526e+00    5.07e-05    3.77e+00   3.17e+00   5.12e-01  1.79e+06        1    1.60e-04    5.90e-03
  36  6.651475e+00    5.12e-05    3.73e+00   3.18e+00   5.09e-01  1.79e+06        1    1.60e-04    6.07e-03
  37  6.651423e+00    5.16e-05    3.70e+00   3.20e+00   5.06e-01  1.79e+06        1    1.74e-04    6.25e-03
  38  6.651371e+00    5.21e-05    3.66e+00   3.21e+00   5.02e-01  1.79e+06        1    1.60e-04    6.42e-03
  39  6.651318e+00    5.25e-05    3.62e+00   3.22e+00   4.99e-01  1.79e+06        1    1.60e-04    6.59e-03
  40  6.651265e+00    5.30e-05    3.59e+00   3.24e+00   4.96e-01  1.79e+06        1    1.64e-04    6.76e-03
  41  6.651212e+00    5.35e-05    3.55e+00   3.25e+00   4.92e-01  1.79e+06        1    1.60e-04    6.93e-03
  42  6.651158e+00    5.39e-05    3.51e+00   3.27e+00   4.89e-01  1.79e+06        1    1.60e-04    7.10e-03
  43  6.651104e+00    5.44e-05    3.46e+00   3.28e+00   4.85e-01  1.79e+06        1    1.71e-04    7.27e-03
  44  6.651049e+00    5.49e-05    3.42e+00   3.30e+00   4.82e-01  1.79e+06        1    1.61e-04    7.44e-03
  45  6.650993e+00    5.54e-05    3.38e+00   3.31e+00   4.79e-01  1.79e+06        1    1.60e-04    7.61e-03
  46  6.650937e+00    5.59e-05    3.33e+00   3.33e+00   4.75e-01  1.79e+06        1    1.60e-04    7.78e-03
  47  6.650881e+00    5.64e-05    3.28e+00   3.34e+00   4.72e-01  1.79e+06        1    1.60e-04    7.95e-03
  48  6.650824e+00    5.70e-05    3.23e+00   3.35e+00   4.68e-01  1.79e+06        1    1.60e-04    8.12e-03
  49  6.650766e+00    5.75e-05    3.18e+00   3.37e+00   4.65e-01  1.79e+06        1    1.71e-04    8.29e-03
  50  6.650708e+00    5.80e-05    3.13e+00   3.38e+00   4.62e-01  1.78e+06        1    1.60e-04    8.46e-03
  51  6.650650e+00    5.86e-05    3.08e+00   3.40e+00   4.59e-01  1.78e+06        1    1.60e-04    8.63e-03
  52  6.650591e+00    5.91e-05    3.02e+00   3.41e+00   4.56e-01  1.78e+06        1    1.60e-04    8.80e-03
  53  6.650531e+00    5.97e-05    3.08e+00   3.42e+00   4.53e-01  1.78e+06        1    1.60e-04    8.97e-03
  54  6.650471e+00    6.02e-05    3.13e+00   3.44e+00   4.50e-01  1.78e+06        1    1.60e-04    9.13e-03
  55  6.650410e+00    6.08e-05    3.18e+00   3.45e+00   4.47e-01  1.78e+06        1    1.98e-04    9.34e-03
  56  6.650349e+00    6.14e-05    3.24e+00   3.46e+00   4.45e-01  1.77e+06        1    1.61e-04    9.51e-03
  57  6.650287e+00    6.19e-05    3.29e+00   3.47e+00   4.42e-01  1.77e+06        1    1.60e-04    9.68e-03
  58  6.650224e+00    6.25e-05    3.35e+00   3.48e+00   4.40e-01  1.77e+06        1    1.60e-04    9.85e-03
  59  6.650161e+00    6.31e-05    3.40e+00   3.49e+00   4.38e-01  1.77e+06        1    1.60e-04    1.00e-02
  60  6.650097e+00    6.36e-05    3.45e+00   3.50e+00   4.36e-01  1.76e+06        1    1.76e-04    1.02e-02
  61  6.650033e+00    6.42e-05    3.50e+00   3.51e+00   4.34e-01  1.76e+06        1    1.61e-04    1.04e-02
  62  6.649968e+00    6.47e-05    3.56e+00   3.52e+00   4.32e-01  1.75e+06        1    1.60e-04    1.05e-02
  63  6.649903e+00    6.53e-05    3.61e+00   3.53e+00   4.31e-01  1.75e+06        1    1.60e-04    1.07e-02
  64  6.649837e+00    6.58e-05    3.66e+00   3.54e+00   4.29e-01  1.74e+06        1    1.60e-04    1.09e-02
  65  6.649771e+00    6.64e-05    3.71e+00   3.54e+00   4.28e-01  1.74e+06        1    1.60e-04    1.10e-02
  66  6.649704e+00    6.69e-05    3.76e+00   3.55e+00   4.27e-01  1.73e+06        1    1.72e-04    1.12e-02
  67  6.649637e+00    6.74e-05    3.81e+00   3.55e+00   4.25e-01  1.73e+06        1    1.60e-04    1.14e-02
  68  6.649569e+00    6.79e-05    3.86e+00   3.56e+00   4.24e-01  1.72e+06        1    1.60e-04    1.16e-02
  69  6.649500e+00    6.85e-05    3.91e+00   3.56e+00   4.23e-01  1.72e+06        1    1.60e-04    1.17e-02
  70  6.649431e+00    6.90e-05    3.96e+00   3.57e+00   4.23e-01  1.71e+06        1    1.60e-04    1.19e-02
  71  6.649362e+00    6.95e-05    4.01e+00   3.57e+00   4.22e-01  1.70e+06        1    1.60e-04    1.21e-02
  72  6.649292e+00    7.00e-05    4.06e+00   3.57e+00   4.21e-01  1.70e+06        1    1.71e-04    1.22e-02
  73  6.649221e+00    7.04e-05    4.10e+00   3.58e+00   4.20e-01  1.69e+06        1    1.60e-04    1.24e-02
  74  6.649151e+00    7.09e-05    4.15e+00   3.58e+00   4.20e-01  1.68e+06        1    1.60e-04    1.26e-02
  75  6.649079e+00    7.14e-05    4.20e+00   3.58e+00   4.19e-01  1.68e+06        1    1.60e-04    1.28e-02
  76  6.649007e+00    7.19e-05    4.25e+00   3.58e+00   4.19e-01  1.67e+06        1    1.59e-04    1.29e-02
  77  6.648935e+00    7.23e-05    4.29e+00   3.58e+00   4.18e-01  1.66e+06        1    1.60e-04    1.31e-02
  78  6.648862e+00    7.28e-05    4.34e+00   3.59e+00   4.18e-01  1.65e+06        1    1.71e-04    1.33e-02
  79  6.648789e+00    7.33e-05    4.39e+00   3.59e+00   4.17e-01  1.65e+06        1    1.60e-04    1.34e-02
  80  6.648715e+00    7.37e-05    4.43e+00   3.59e+00   4.17e-01  1.64e+06        1    1.60e-04    1.36e-02
  81  6.648641e+00    7.42e-05    4.48e+00   3.59e+00   4.17e-01  1.63e+06        1    1.60e-04    1.38e-02
  82  6.648566e+00    7.46e-05    4.53e+00   3.59e+00   4.16e-01  1.62e+06        1    1.60e-04    1.39e-02
  83  6.648491e+00    7.51e-05    4.57e+00   3.59e+00   4.16e-01  1.62e+06        1    1.60e-04    1.41e-02
  84  6.648416e+00    7.55e-05    4.62e+00   3.59e+00   4.16e-01  1.61e+06        1    1.70e-04    1.43e-02
  85  6.648340e+00    7.60e-05    4.67e+00   3.59e+00   4.16e-01  1.60e+06        1    1.61e-04    1.45e-02
  86  6.648263e+00    7.64e-05    4.72e+00   3.59e+00   4.16e-01  1.59e+06        1    1.60e-04    1.46e-02
  87  6.648186e+00    7.69e-05    4.76e+00   3.59e+00   4.15e-01  1.58e+06        1    1.60e-04    1.48e-02
  88  6.648109e+00    7.73e-05    4.81e+00   3.59e+00   4.15e-01  1.58e+06        1    1.60e-04    1.50e-02
  89  6.648031e+00    7.77e-05    4.86e+00   3.58e+00   4.15e-01  1.57e+06        1    1.60e-04    1.51e-02
  90  6.647953e+00    7.82e-05    4.90e+00   3.58e+00   4.15e-01  1.56e+06        1    1.71e-04    1.53e-02
  91  6.647875e+00    7.86e-05    4.95e+00   3.58e+00   4.15e-01  1.55e+06        1    1.61e-04    1.55e-02
  92  6.647796e+00    7.91e-05    5.00e+00   3.58e+00   4.15e-01  1.55e+06        1    1.60e-04    1.56e-02
  93  6.647716e+00    7.95e-05    5.05e+00   3.58e+00   4.15e-01  1.54e+06        1    1.63e-04    1.58e-02
  94  6.647636e+00    8.00e-05    5.09e+00   3.58e+00   4.14e-01  1.53e+06        1    1.60e-04    1.60e-02
  95  6.647556e+00    8.04e-05    5.14e+00   3.58e+00   4.14e-01  1.52e+06        1    1.67e-04    1.62e-02
  96  6.647475e+00    8.08e-05    5.19e+00   3.58e+00   4.14e-01  1.52e+06        1    1.61e-04    1.63e-02
  97  6.647394e+00    8.13e-05    5.24e+00   3.57e+00   4.14e-01  1.51e+06        1    1.60e-04    1.65e-02
  98  6.647312e+00    8.17e-05    5.29e+00   3.57e+00   4.14e-01  1.50e+06        1    1.60e-04    1.67e-02
  99  6.647230e+00    8.22e-05    5.34e+00   3.57e+00   4.14e-01  1.49e+06        1    1.62e-04    1.68e-02
 100  6.647147e+00    8.26e-05    5.39e+00   3.57e+00   4.14e-01  1.49e+06        1    1.61e-04    1.70e-02


Bundle adjustment report
------------------------
    Residuals : 116
   Parameters : 98
   Iterations : 101
         Time : 0.017025 [s]
 Initial cost : 0.273227 [px]
   Final cost : 0.23938 [px]
  Termination : No convergence

  => Filtered observations: 0
  => Filtered images: 0

==============================================================================
Finding good initial image pair
==============================================================================


==============================================================================
Initializing with image pair #10 and #9
==============================================================================


==============================================================================
Global bundle adjustment
==============================================================================

iter      cost      cost_change  |gradient|   |step|    tr_ratio  tr_radius  ls_iter  iter_time  total_time
   0  9.781402e+01    0.00e+00    5.43e+02   0.00e+00   0.00e+00  1.00e+04        0    2.53e-04    4.74e-04
   1  3.220963e+03   -3.12e+03    5.43e+02   1.13e+02  -7.59e+01  5.00e+03        1    1.55e-04    6.47e-04
   2  1.898947e+03   -1.80e+03    5.43e+02   1.04e+02  -4.51e+01  1.25e+03        1    1.17e-04    7.76e-04
   3  3.147312e+02   -2.17e+02    5.43e+02   6.40e+01  -6.57e+00  1.56e+02        1    1.17e-04    9.04e-04
   4  8.272481e+01    1.51e+01    3.40e+02   1.44e+01   9.64e-01  4.69e+02        1    3.40e-04    1.25e-03
   5  8.299723e+01   -2.72e-01    3.40e+02   3.79e+01  -1.87e-02  2.34e+02        1    1.16e-04    1.38e-03
   6  7.464872e+01    8.08e+00    3.98e+02   2.17e+01   8.36e-01  3.37e+02        1    3.18e-04    1.71e-03
   7  6.714511e+01    7.50e+00    3.94e+02   3.06e+01   7.51e-01  3.86e+02        1    3.26e-04    2.04e-03
   8  5.995158e+01    7.19e+00    2.65e+02   3.31e+01   8.55e-01  6.00e+02        1    3.38e-04    2.39e-03
   9  5.529973e+01    4.65e+00    2.67e+02   4.17e+01   7.78e-01  7.23e+02        1    3.25e-04    2.73e-03
  10  5.142186e+01    3.88e+00    1.58e+02   3.95e+01   9.03e-01  1.52e+03        1    3.26e-04    3.06e-03
  11  4.914472e+01    2.28e+00    1.83e+02   5.04e+01   7.94e-01  1.90e+03        1    3.37e-04    3.41e-03
  12  4.754784e+01    1.60e+00    1.04e+02   3.60e+01   9.50e-01  5.70e+03        1    3.25e-04    3.74e-03
  13  4.701785e+01    5.30e-01    7.89e+01   3.66e+01   8.21e-01  7.76e+03        1    3.26e-04    4.08e-03
  14  4.677784e+01    2.40e-01    3.21e+01   2.47e+01   9.31e-01  2.15e+04        1    3.39e-04    4.43e-03
  15  4.679939e+01   -2.16e-02    3.21e+01   5.98e+01  -8.31e-02  1.07e+04        1    1.24e-04    4.56e-03
  16  4.665870e+01    1.19e-01    8.42e+01   3.02e+01   8.40e-01  1.56e+04        1    3.18e-04    4.89e-03
  17  4.654844e+01    1.10e-01    1.65e+02   4.38e+01   5.99e-01  1.58e+04        1    3.33e-04    5.23e-03
  18  4.639684e+01    1.52e-01    1.42e+02   4.48e+01   6.90e-01  1.67e+04        1    3.27e-04    5.57e-03
  19  4.625893e+01    1.38e-01    1.44e+02   4.76e+01   6.55e-01  1.72e+04        1    3.29e-04    5.91e-03
  20  4.612277e+01    1.36e-01    1.37e+02   4.94e+01   6.56e-01  1.77e+04        1    3.36e-04    6.26e-03
  21  4.599342e+01    1.29e-01    1.31e+02   5.14e+01   6.49e-01  1.82e+04        1    3.25e-04    6.59e-03
  22  4.587005e+01    1.23e-01    1.24e+02   5.34e+01   6.45e-01  1.87e+04        1    3.29e-04    6.93e-03
  23  4.575291e+01    1.17e-01    1.17e+02   5.54e+01   6.42e-01  1.91e+04        1    3.36e-04    7.28e-03
  24  4.564179e+01    1.11e-01    1.10e+02   5.75e+01   6.39e-01  1.95e+04        1    3.26e-04    7.61e-03
  25  4.553643e+01    1.05e-01    1.04e+02   5.98e+01   6.36e-01  1.99e+04        1    3.28e-04    7.95e-03
  26  4.543656e+01    9.99e-02    9.72e+01   6.21e+01   6.33e-01  2.03e+04        1    3.39e-04    8.30e-03
  27  4.534187e+01    9.47e-02    9.09e+01   6.45e+01   6.31e-01  2.07e+04        1    3.26e-04    8.64e-03
  28  4.525205e+01    8.98e-02    8.47e+01   6.71e+01   6.29e-01  2.10e+04        1    3.24e-04    8.97e-03
  29  4.516681e+01    8.52e-02    7.88e+01   6.97e+01   6.27e-01  2.14e+04        1    3.38e-04    9.32e-03
  30  4.508586e+01    8.09e-02    7.31e+01   7.26e+01   6.25e-01  2.17e+04        1    3.25e-04    9.65e-03
  31  4.500893e+01    7.69e-02    6.77e+01   7.55e+01   6.23e-01  2.20e+04        1    3.25e-04    9.99e-03
  32  4.493578e+01    7.32e-02    6.25e+01   7.86e+01   6.21e-01  2.24e+04        1    3.43e-04    1.03e-02
  33  4.486615e+01    6.96e-02    5.75e+01   8.19e+01   6.19e-01  2.27e+04        1    3.27e-04    1.07e-02
  34  4.479983e+01    6.63e-02    5.28e+01   8.53e+01   6.18e-01  2.30e+04        1    3.26e-04    1.10e-02
  35  4.473662e+01    6.32e-02    4.83e+01   8.89e+01   6.16e-01  2.33e+04        1    3.47e-04    1.14e-02
  36  4.467631e+01    6.03e-02    4.39e+01   9.26e+01   6.14e-01  2.35e+04        1    5.21e-04    1.19e-02
  37  4.461873e+01    5.76e-02    4.25e+01   9.65e+01   6.13e-01  2.38e+04        1    3.51e-04    1.23e-02
  38  4.456371e+01    5.50e-02    4.15e+01   1.01e+02   6.11e-01  2.41e+04        1    3.28e-04    1.26e-02
  39  4.451109e+01    5.26e-02    4.06e+01   1.05e+02   6.10e-01  2.43e+04        1    3.27e-04    1.30e-02
  40  4.446074e+01    5.04e-02    3.97e+01   1.09e+02   6.08e-01  2.46e+04        1    3.37e-04    1.33e-02
  41  4.441252e+01    4.82e-02    3.88e+01   1.14e+02   6.07e-01  2.48e+04        1    3.27e-04    1.36e-02
  42  4.436629e+01    4.62e-02    3.79e+01   1.18e+02   6.05e-01  2.51e+04        1    3.27e-04    1.40e-02
  43  4.432196e+01    4.43e-02    3.71e+01   1.23e+02   6.04e-01  2.53e+04        1    3.39e-04    1.43e-02
  44  4.427939e+01    4.26e-02    3.63e+01   1.28e+02   6.03e-01  2.55e+04        1    3.26e-04    1.47e-02
  45  4.423851e+01    4.09e-02    3.55e+01   1.34e+02   6.01e-01  2.57e+04        1    3.25e-04    1.50e-02
  46  4.419920e+01    3.93e-02    3.48e+01   1.39e+02   6.00e-01  2.59e+04        1    3.38e-04    1.53e-02
  47  4.416139e+01    3.78e-02    3.41e+01   1.45e+02   5.99e-01  2.61e+04        1    3.26e-04    1.57e-02
  48  4.412499e+01    3.64e-02    3.34e+01   1.51e+02   5.98e-01  2.63e+04        1    3.25e-04    1.60e-02
  49  4.408993e+01    3.51e-02    3.27e+01   1.57e+02   5.96e-01  2.65e+04        1    3.51e-04    1.64e-02
  50  4.405612e+01    3.38e-02    3.21e+01   1.63e+02   5.95e-01  2.67e+04        1    3.26e-04    1.67e-02
  51  4.402352e+01    3.26e-02    3.15e+01   1.69e+02   5.94e-01  2.69e+04        1    3.29e-04    1.71e-02
  52  4.399204e+01    3.15e-02    3.09e+01   1.76e+02   5.93e-01  2.70e+04        1    3.41e-04    1.74e-02
  53  4.396164e+01    3.04e-02    3.03e+01   1.83e+02   5.92e-01  2.72e+04        1    3.26e-04    1.77e-02
  54  4.393226e+01    2.94e-02    2.97e+01   1.90e+02   5.91e-01  2.74e+04        1    3.29e-04    1.81e-02
  55  4.390385e+01    2.84e-02    2.92e+01   1.97e+02   5.90e-01  2.76e+04        1    3.38e-04    1.84e-02
  56  4.387636e+01    2.75e-02    2.87e+01   2.05e+02   5.90e-01  2.77e+04        1    3.26e-04    1.88e-02
  57  4.384974e+01    2.66e-02    2.82e+01   2.12e+02   5.89e-01  2.79e+04        1    3.26e-04    1.91e-02
  58  4.382395e+01    2.58e-02    2.77e+01   2.20e+02   5.88e-01  2.80e+04        1    3.37e-04    1.94e-02
  59  4.379895e+01    2.50e-02    2.72e+01   2.28e+02   5.87e-01  2.82e+04        1    3.26e-04    1.98e-02
  60  4.377470e+01    2.42e-02    2.68e+01   2.37e+02   5.86e-01  2.83e+04        1    3.26e-04    2.01e-02
  61  4.375118e+01    2.35e-02    2.63e+01   2.46e+02   5.86e-01  2.85e+04        1    3.37e-04    2.05e-02
  62  4.372834e+01    2.28e-02    2.59e+01   2.54e+02   5.85e-01  2.86e+04        1    3.26e-04    2.08e-02
  63  4.370615e+01    2.22e-02    2.55e+01   2.64e+02   5.84e-01  2.87e+04        1    3.26e-04    2.11e-02
  64  4.368458e+01    2.16e-02    2.51e+01   2.73e+02   5.84e-01  2.89e+04        1    3.39e-04    2.15e-02
  65  4.366361e+01    2.10e-02    2.47e+01   2.83e+02   5.83e-01  2.90e+04        1    3.26e-04    2.18e-02
  66  4.364321e+01    2.04e-02    2.44e+01   2.93e+02   5.83e-01  2.91e+04        1    3.26e-04    2.22e-02
  67  4.362336e+01    1.99e-02    2.40e+01   3.03e+02   5.82e-01  2.93e+04        1    3.38e-04    2.25e-02
  68  4.360402e+01    1.93e-02    2.37e+01   3.13e+02   5.82e-01  2.94e+04        1    3.25e-04    2.28e-02
  69  4.358519e+01    1.88e-02    2.40e+01   3.24e+02   5.81e-01  2.95e+04        1    3.26e-04    2.32e-02
  70  4.356683e+01    1.84e-02    2.47e+01   3.35e+02   5.81e-01  2.96e+04        1    3.37e-04    2.35e-02
  71  4.354893e+01    1.79e-02    2.55e+01   3.47e+02   5.80e-01  2.98e+04        1    3.25e-04    2.39e-02
  72  4.353148e+01    1.75e-02    2.62e+01   3.59e+02   5.80e-01  2.99e+04        1    3.26e-04    2.42e-02
  73  4.351444e+01    1.70e-02    2.69e+01   3.71e+02   5.80e-01  3.00e+04        1    3.37e-04    2.45e-02
  74  4.349781e+01    1.66e-02    2.75e+01   3.83e+02   5.79e-01  3.01e+04        1    3.27e-04    2.49e-02
  75  4.348157e+01    1.62e-02    2.81e+01   3.96e+02   5.79e-01  3.03e+04        1    3.27e-04    2.52e-02
  76  4.346570e+01    1.59e-02    2.87e+01   4.09e+02   5.79e-01  3.04e+04        1    3.37e-04    2.56e-02
  77  4.345019e+01    1.55e-02    2.92e+01   4.22e+02   5.79e-01  3.05e+04        1    3.26e-04    2.59e-02
  78  4.343503e+01    1.52e-02    2.98e+01   4.36e+02   5.79e-01  3.06e+04        1    3.32e-04    2.62e-02
  79  4.342021e+01    1.48e-02    3.03e+01   4.50e+02   5.78e-01  3.07e+04        1    3.27e-04    2.66e-02
  80  4.340570e+01    1.45e-02    3.07e+01   4.64e+02   5.78e-01  3.08e+04        1    3.28e-04    2.69e-02
  81  4.339151e+01    1.42e-02    3.12e+01   4.79e+02   5.78e-01  3.10e+04        1    3.38e-04    2.73e-02
  82  4.337761e+01    1.39e-02    3.16e+01   4.94e+02   5.78e-01  3.11e+04        1    3.26e-04    2.76e-02
  83  4.336400e+01    1.36e-02    3.20e+01   5.10e+02   5.78e-01  3.12e+04        1    3.30e-04    2.79e-02
  84  4.335067e+01    1.33e-02    3.24e+01   5.26e+02   5.78e-01  3.13e+04        1    3.40e-04    2.83e-02
  85  4.333761e+01    1.31e-02    3.28e+01   5.42e+02   5.78e-01  3.14e+04        1    3.27e-04    2.86e-02
  86  4.332481e+01    1.28e-02    3.31e+01   5.59e+02   5.78e-01  3.16e+04        1    3.27e-04    2.90e-02
  87  4.331226e+01    1.26e-02    3.35e+01   5.76e+02   5.78e-01  3.17e+04        1    3.42e-04    2.93e-02
  88  4.329995e+01    1.23e-02    3.38e+01   5.93e+02   5.78e-01  3.18e+04        1    3.26e-04    2.96e-02
  89  4.328788e+01    1.21e-02    3.41e+01   6.12e+02   5.78e-01  3.19e+04        1    3.27e-04    3.00e-02
  90  4.327603e+01    1.18e-02    3.44e+01   6.30e+02   5.78e-01  3.20e+04        1    3.47e-04    3.03e-02
  91  4.326441e+01    1.16e-02    3.47e+01   6.49e+02   5.78e-01  3.22e+04        1    3.27e-04    3.07e-02
  92  4.325300e+01    1.14e-02    3.49e+01   6.68e+02   5.78e-01  3.23e+04        1    3.26e-04    3.10e-02
  93  4.324180e+01    1.12e-02    3.52e+01   6.88e+02   5.78e-01  3.24e+04        1    3.40e-04    3.14e-02
  94  4.323079e+01    1.10e-02    3.54e+01   7.09e+02   5.78e-01  3.25e+04        1    3.27e-04    3.17e-02
  95  4.321999e+01    1.08e-02    3.56e+01   7.30e+02   5.78e-01  3.26e+04        1    3.26e-04    3.20e-02
  96  4.320937e+01    1.06e-02    3.59e+01   7.51e+02   5.78e-01  3.28e+04        1    3.37e-04    3.24e-02
  97  4.319893e+01    1.04e-02    3.61e+01   7.73e+02   5.78e-01  3.29e+04        1    3.26e-04    3.27e-02
  98  4.318868e+01    1.03e-02    3.63e+01   7.95e+02   5.78e-01  3.30e+04        1    3.27e-04    3.30e-02
  99  4.317860e+01    1.01e-02    3.64e+01   8.18e+02   5.78e-01  3.31e+04        1    3.41e-04    3.34e-02
 100  4.316868e+01    9.91e-03    3.66e+01   8.42e+02   5.78e-01  3.33e+04        1    3.27e-04    3.37e-02


Bundle adjustment report
------------------------
    Residuals : 240
   Parameters : 191
   Iterations : 101
         Time : 0.0337598 [s]
 Initial cost : 0.638403 [px]
   Final cost : 0.42411 [px]
  Termination : No convergence

  => Filtered observations: 0
  => Filtered images: 0

==============================================================================
Finding good initial image pair
==============================================================================


==============================================================================
Initializing with image pair #13 and #7
==============================================================================


==============================================================================
Global bundle adjustment
==============================================================================

iter      cost      cost_change  |gradient|   |step|    tr_ratio  tr_radius  ls_iter  iter_time  total_time
   0  3.876117e+01    0.00e+00    8.43e+01   0.00e+00   0.00e+00  1.00e+04        0    3.37e-04    6.22e-04
   1  5.038323e+01   -1.16e+01    8.43e+01   7.84e+00  -4.55e+00  5.00e+03        1    2.12e-04    8.52e-04
   2  4.018889e+01   -1.43e+00    8.43e+01   3.27e+00  -7.14e-01  1.25e+03        1    1.65e-04    1.03e-03
   3  3.779434e+01    9.67e-01    1.26e+02   4.92e-01   9.04e-01  2.65e+03        1    4.51e-04    1.49e-03
   4  3.719647e+01    5.98e-01    6.20e+02   2.15e+00   6.58e-01  2.74e+03        1    4.68e-04    1.97e-03
   5  3.646588e+01    7.31e-01    3.42e+02   2.70e+00   8.96e-01  5.45e+03        1    4.64e-04    2.44e-03
   6  3.600784e+01    4.58e-01    4.84e+02   5.29e+00   7.08e-01  5.87e+03        1    4.72e-04    2.92e-03
   7  3.550219e+01    5.06e-01    1.85e+02   5.38e+00   9.25e-01  1.52e+04        1    4.60e-04    3.39e-03
   8  3.517732e+01    3.25e-01    2.17e+02   1.10e+01   6.85e-01  1.61e+04        1    4.69e-04    3.87e-03
   9  3.485037e+01    3.27e-01    1.43e+02   7.52e+00   9.22e-01  4.02e+04        1    4.59e-04    4.34e-03
  10  3.472618e+01    1.24e-01    2.25e+02   8.14e+00   7.02e-01  4.30e+04        1    4.80e-04    4.83e-03
  11  3.462639e+01    9.98e-02    1.01e+02   1.78e+00   9.66e-01  1.29e+05        1    4.60e-04    5.30e-03
  12  3.461671e+01    9.68e-03    1.50e+02   7.74e+00   3.33e-01  1.24e+05        1    4.70e-04    5.78e-03
  13  3.459619e+01    2.05e-02    1.07e+02   1.23e+01   5.38e-01  1.24e+05        1    4.60e-04    6.25e-03
  14  3.459130e+01    4.89e-03    1.21e+02   1.49e+01   1.35e-01  8.96e+04        1    4.70e-04    6.73e-03
  15  3.455759e+01    3.37e-02    9.12e+01   1.25e+01   6.87e-01  9.45e+04        1    4.59e-04    7.20e-03
  16  3.455141e+01    6.18e-03    1.20e+02   1.44e+01   1.74e-01  7.40e+04        1    4.71e-04    7.68e-03
  17  3.451886e+01    3.26e-02    1.00e+02   1.23e+01   6.61e-01  7.65e+04        1    4.59e-04    8.15e-03
  18  3.450650e+01    1.24e-02    1.25e+02   1.35e+01   3.17e-01  7.30e+04        1    4.69e-04    8.63e-03
  19  3.448414e+01    2.24e-02    1.33e+02   1.34e+01   4.45e-01  7.29e+04        1    4.59e-04    9.10e-03
  20  3.446435e+01    1.98e-02    1.50e+02   1.37e+01   3.73e-01  7.17e+04        1    4.58e-04    9.56e-03
  21  3.443971e+01    2.46e-02    1.58e+02   1.36e+01   4.15e-01  7.13e+04        1    4.65e-04    1.00e-02
  22  3.441377e+01    2.59e-02    1.63e+02   1.33e+01   4.27e-01  7.11e+04        1    4.59e-04    1.05e-02
  23  3.438578e+01    2.80e-02    1.60e+02   1.28e+01   4.69e-01  7.11e+04        1    4.74e-04    1.10e-02
  24  3.435748e+01    2.83e-02    1.49e+02   1.21e+01   5.17e-01  7.11e+04        1    4.61e-04    1.15e-02
  25  3.433066e+01    2.68e-02    1.32e+02   1.12e+01   5.75e-01  7.13e+04        1    4.71e-04    1.19e-02
  26  3.430737e+01    2.33e-02    1.11e+02   1.02e+01   6.32e-01  7.27e+04        1    4.62e-04    1.24e-02
  27  3.428877e+01    1.86e-02    9.16e+01   9.16e+00   6.78e-01  7.61e+04        1    4.70e-04    1.29e-02
  28  3.427457e+01    1.42e-02    7.48e+01   8.25e+00   7.13e-01  8.25e+04        1    4.60e-04    1.34e-02
  29  3.426396e+01    1.06e-02    6.11e+01   7.45e+00   7.43e-01  9.32e+04        1    4.70e-04    1.38e-02
  30  3.425616e+01    7.80e-03    4.98e+01   6.72e+00   7.70e-01  1.11e+05        1    4.60e-04    1.43e-02
  31  3.425058e+01    5.58e-03    4.01e+01   6.02e+00   7.98e-01  1.40e+05        1    4.81e-04    1.48e-02
  32  3.424678e+01    3.80e-03    3.14e+01   5.32e+00   8.28e-01  1.95e+05        1    4.60e-04    1.53e-02
  33  3.424438e+01    2.40e-03    2.35e+01   4.57e+00   8.68e-01  3.24e+05        1    4.71e-04    1.58e-02
  34  3.424304e+01    1.34e-03    1.66e+01   3.76e+00   9.17e-01  7.69e+05        1    4.58e-04    1.62e-02
  35  3.424243e+01    6.11e-04    1.16e+01   2.97e+00   9.48e-01  2.31e+06        1    4.70e-04    1.67e-02
  36  3.424230e+01    1.34e-04    1.15e+01   2.90e+00   4.84e-01  2.31e+06        1    4.61e-04    1.72e-02
  37  3.424213e+01    1.67e-04    7.17e+00   2.38e+00   6.71e-01  2.40e+06        1    4.70e-04    1.77e-02
  38  3.424205e+01    7.38e-05    4.96e+00   2.21e+00   5.28e-01  2.40e+06        1    4.60e-04    1.81e-02
  39  3.424201e+01    4.76e-05    4.32e+00   2.14e+00   4.35e-01  2.40e+06        1    4.71e-04    1.86e-02
  40  3.424196e+01    4.82e-05    3.50e+00   2.06e+00   4.77e-01  2.40e+06        1    4.58e-04    1.91e-02
  41  3.424192e+01    3.61e-05    3.92e+00   2.07e+00   3.95e-01  2.38e+06        1    4.58e-04    1.95e-02
  42  3.424188e+01    4.40e-05    3.55e+00   2.02e+00   4.73e-01  2.38e+06        1    4.71e-04    2.00e-02
  43  3.424184e+01    3.43e-05    3.95e+00   2.04e+00   3.94e-01  2.35e+06        1    4.58e-04    2.05e-02
  44  3.424180e+01    4.29e-05    3.59e+00   2.00e+00   4.73e-01  2.35e+06        1    4.72e-04    2.10e-02
  45  3.424177e+01    3.42e-05    3.97e+00   2.03e+00   3.96e-01  2.33e+06        1    4.62e-04    2.14e-02
  46  3.424172e+01    4.27e-05    3.62e+00   1.99e+00   4.72e-01  2.33e+06        1    4.70e-04    2.19e-02
  47  3.424169e+01    3.44e-05    4.00e+00   2.02e+00   3.99e-01  2.31e+06        1    4.62e-04    2.24e-02
  48  3.424165e+01    4.26e-05    3.66e+00   1.99e+00   4.72e-01  2.31e+06        1    4.70e-04    2.29e-02
  49  3.424161e+01    3.47e-05    4.02e+00   2.02e+00   4.01e-01  2.29e+06        1    4.59e-04    2.33e-02
  50  3.424157e+01    4.28e-05    3.69e+00   1.99e+00   4.71e-01  2.29e+06        1    4.69e-04    2.38e-02
  51  3.424154e+01    3.51e-05    4.06e+00   2.02e+00   4.03e-01  2.28e+06        1    4.58e-04    2.43e-02
  52  3.424149e+01    4.29e-05    3.74e+00   1.99e+00   4.70e-01  2.28e+06        1    4.74e-04    2.48e-02
  53  3.424146e+01    3.55e-05    4.09e+00   2.01e+00   4.04e-01  2.26e+06        1    4.60e-04    2.52e-02
  54  3.424141e+01    4.32e-05    3.78e+00   1.99e+00   4.69e-01  2.26e+06        1    4.70e-04    2.57e-02
  55  3.424138e+01    3.59e-05    4.13e+00   2.01e+00   4.05e-01  2.24e+06        1    4.60e-04    2.62e-02
  56  3.424133e+01    4.34e-05    3.83e+00   1.99e+00   4.68e-01  2.24e+06        1    4.70e-04    2.67e-02
  57  3.424130e+01    3.63e-05    4.17e+00   2.01e+00   4.06e-01  2.23e+06        1    4.59e-04    2.71e-02
  58  3.424125e+01    4.37e-05    3.88e+00   1.99e+00   4.67e-01  2.23e+06        1    4.69e-04    2.76e-02
  59  3.424122e+01    3.68e-05    4.21e+00   2.01e+00   4.07e-01  2.21e+06        1    4.58e-04    2.81e-02
  60  3.424117e+01    4.40e-05    3.93e+00   1.99e+00   4.66e-01  2.21e+06        1    4.59e-04    2.85e-02
  61  3.424114e+01    3.72e-05    4.26e+00   2.01e+00   4.08e-01  2.20e+06        1    4.71e-04    2.90e-02
  62  3.424109e+01    4.43e-05    3.98e+00   1.99e+00   4.65e-01  2.20e+06        1    4.58e-04    2.95e-02
  63  3.424105e+01    3.77e-05    4.30e+00   2.01e+00   4.08e-01  2.19e+06        1    4.71e-04    3.00e-02
  64  3.424101e+01    4.46e-05    4.04e+00   1.99e+00   4.64e-01  2.19e+06        1    4.58e-04    3.04e-02
  65  3.424097e+01    3.82e-05    4.35e+00   2.01e+00   4.09e-01  2.17e+06        1    4.70e-04    3.09e-02
  66  3.424093e+01    4.49e-05    4.09e+00   1.99e+00   4.63e-01  2.17e+06        1    4.62e-04    3.14e-02
  67  3.424089e+01    3.86e-05    4.40e+00   2.01e+00   4.09e-01  2.16e+06        1    4.69e-04    3.19e-02
  68  3.424084e+01    4.53e-05    4.15e+00   1.99e+00   4.61e-01  2.16e+06        1    4.62e-04    3.23e-02
  69  3.424080e+01    3.91e-05    4.45e+00   2.01e+00   4.10e-01  2.14e+06        1    4.73e-04    3.28e-02
  70  3.424076e+01    4.56e-05    4.21e+00   1.99e+00   4.60e-01  2.14e+06        1    4.59e-04    3.33e-02
  71  3.424072e+01    3.96e-05    4.50e+00   2.01e+00   4.10e-01  2.13e+06        1    4.71e-04    3.38e-02
  72  3.424067e+01    4.60e-05    4.27e+00   1.99e+00   4.59e-01  2.13e+06        1    4.60e-04    3.42e-02
  73  3.424063e+01    4.01e-05    4.55e+00   2.01e+00   4.10e-01  2.12e+06        1    4.75e-04    3.47e-02
  74  3.424059e+01    4.64e-05    4.33e+00   1.99e+00   4.58e-01  2.12e+06        1    4.59e-04    3.52e-02
  75  3.424055e+01    4.06e-05    4.61e+00   2.01e+00   4.10e-01  2.10e+06        1    4.70e-04    3.57e-02
  76  3.424050e+01    4.68e-05    4.39e+00   2.00e+00   4.57e-01  2.10e+06        1    4.59e-04    3.61e-02
  77  3.424046e+01    4.11e-05    4.66e+00   2.02e+00   4.11e-01  2.09e+06        1    4.72e-04    3.66e-02
  78  3.424041e+01    4.72e-05    4.45e+00   2.00e+00   4.55e-01  2.09e+06        1    4.59e-04    3.71e-02
  79  3.424037e+01    4.16e-05    4.72e+00   2.02e+00   4.11e-01  2.08e+06        1    4.58e-04    3.75e-02
  80  3.424032e+01    4.76e-05    4.51e+00   2.00e+00   4.54e-01  2.08e+06        1    4.70e-04    3.80e-02
  81  3.424028e+01    4.22e-05    4.77e+00   2.02e+00   4.11e-01  2.06e+06        1    4.60e-04    3.85e-02
  82  3.424023e+01    4.80e-05    4.57e+00   2.00e+00   4.53e-01  2.06e+06        1    4.73e-04    3.90e-02
  83  3.424019e+01    4.27e-05    4.83e+00   2.02e+00   4.11e-01  2.05e+06        1    4.59e-04    3.94e-02
  84  3.424014e+01    4.84e-05    4.63e+00   2.00e+00   4.52e-01  2.05e+06        1    4.70e-04    3.99e-02
  85  3.424010e+01    4.32e-05    4.89e+00   2.02e+00   4.12e-01  2.04e+06        1    4.58e-04    4.04e-02
  86  3.424005e+01    4.88e-05    4.70e+00   2.00e+00   4.51e-01  2.04e+06        1    4.68e-04    4.09e-02
  87  3.424000e+01    4.38e-05    4.94e+00   2.02e+00   4.12e-01  2.03e+06        1    4.62e-04    4.13e-02
  88  3.423995e+01    4.92e-05    4.76e+00   2.00e+00   4.50e-01  2.02e+06        1    6.84e-04    4.73e-02
  89  3.423991e+01    4.43e-05    5.00e+00   2.02e+00   4.12e-01  2.01e+06        1    5.16e-04    4.78e-02
  90  3.423986e+01    4.97e-05    4.83e+00   2.01e+00   4.48e-01  2.01e+06        1    8.01e-04    4.86e-02
  91  3.423982e+01    4.49e-05    5.06e+00   2.02e+00   4.12e-01  2.00e+06        1    6.33e-04    4.93e-02
  92  3.423977e+01    5.01e-05    4.89e+00   2.01e+00   4.47e-01  2.00e+06        1    4.90e-04    4.98e-02
  93  3.423972e+01    4.54e-05    5.12e+00   2.02e+00   4.12e-01  1.99e+06        1    4.64e-04    5.03e-02
  94  3.423967e+01    5.05e-05    4.96e+00   2.01e+00   4.46e-01  1.98e+06        1    4.80e-04    5.08e-02
  95  3.423962e+01    4.60e-05    5.18e+00   2.02e+00   4.13e-01  1.97e+06        1    4.70e-04    5.13e-02
  96  3.423957e+01    5.10e-05    5.03e+00   2.01e+00   4.45e-01  1.97e+06        1    4.93e-04    5.18e-02
  97  3.423953e+01    4.66e-05    5.24e+00   2.02e+00   4.13e-01  1.96e+06        1    4.64e-04    5.22e-02
  98  3.423947e+01    5.15e-05    5.09e+00   2.01e+00   4.44e-01  1.96e+06        1    4.72e-04    5.27e-02
  99  3.423943e+01    4.72e-05    5.31e+00   2.02e+00   4.13e-01  1.95e+06        1    4.73e-04    5.32e-02
 100  3.423938e+01    5.19e-05    5.16e+00   2.01e+00   4.43e-01  1.94e+06        1    8.01e-04    5.40e-02


Bundle adjustment report
------------------------
    Residuals : 340
   Parameters : 266
   Iterations : 101
         Time : 0.0540709 [s]
 Initial cost : 0.337644 [px]
   Final cost : 0.317339 [px]
  Termination : No convergence

  => Filtered observations: 0
  => Filtered images: 0

==============================================================================
Registering image #3 (3)
==============================================================================

  => Image sees 58 / 305 points
  => Could not register, trying another image.

==============================================================================
Registering image #1 (3)
==============================================================================

  => Image sees 41 / 257 points
  => Could not register, trying another image.

==============================================================================
Retriangulation
==============================================================================

  => Completed observations: 0
  => Merged observations: 0
  => Retriangulated observations: 0

==============================================================================
Global bundle adjustment
==============================================================================

iter      cost      cost_change  |gradient|   |step|    tr_ratio  tr_radius  ls_iter  iter_time  total_time
   0  3.423938e+01    0.00e+00    5.16e+00   0.00e+00   0.00e+00  1.00e+04        0    3.34e-04    6.14e-04
   1  3.423931e+01    6.55e-05    2.13e-02   9.48e-03   1.00e+00  3.00e+04        1    5.07e-04    1.14e-03


Bundle adjustment report
------------------------
    Residuals : 340
   Parameters : 266
   Iterations : 2
         Time : 0.00116396 [s]
 Initial cost : 0.317339 [px]
   Final cost : 0.317339 [px]
  Termination : Convergence

  => Completed observations: 0
  => Merged observations: 0
  => Filtered observations: 0
  => Changed observations: 0.000000
  => Filtered images: 0

==============================================================================
Registering image #3 (3)
==============================================================================

  => Image sees 58 / 305 points
  => Could not register, trying another image.

==============================================================================
Registering image #1 (3)
==============================================================================

  => Image sees 41 / 257 points
  => Could not register, trying another image.

==============================================================================
Finding good initial image pair
==============================================================================


==============================================================================
Initializing with image pair #2 and #1
==============================================================================


==============================================================================
Global bundle adjustment
==============================================================================

iter      cost      cost_change  |gradient|   |step|    tr_ratio  tr_radius  ls_iter  iter_time  total_time
   0  3.544682e+01    0.00e+00    5.00e+03   0.00e+00   0.00e+00  1.00e+04        0    3.14e-04    5.84e-04
   1  4.027352e+01   -4.83e+00    5.00e+03   3.80e+01  -3.06e-01  5.00e+03        1    2.04e-04    8.05e-04
   2  2.920392e+01    6.24e+00    3.07e+03   3.00e+01   4.09e-01  4.97e+03        1    4.21e-04    1.24e-03
   3  1.952517e+01    9.68e+00    4.11e+02   1.45e+01   9.82e-01  1.49e+04        1    4.42e-04    1.70e-03
   4  1.914891e+01    3.76e-01    5.96e+02   2.45e+01   4.45e-01  1.49e+04        1    4.30e-04    2.14e-03
   5  1.836850e+01    7.80e-01    1.53e+02   2.18e+01   9.29e-01  4.04e+04        1    4.37e-04    2.59e-03
   6  1.857448e+01   -2.06e-01    1.53e+02   4.26e+01  -4.90e-01  2.02e+04        1    1.67e-04    2.76e-03
   7  1.811826e+01    2.50e-01    2.79e+02   2.49e+01   7.95e-01  2.55e+04        1    4.18e-04    3.19e-03
   8  1.795511e+01    1.63e-01    2.94e+02   2.54e+01   6.99e-01  2.72e+04        1    4.34e-04    3.64e-03
   9  1.782467e+01    1.30e-01    1.89e+02   2.16e+01   7.90e-01  3.38e+04        1    4.31e-04    4.08e-03
  10  1.775817e+01    6.65e-02    1.22e+02   2.08e+01   7.03e-01  3.62e+04        1    4.37e-04    4.52e-03
  11  1.770888e+01    4.93e-02    5.56e+01   1.76e+01   7.98e-01  4.60e+04        1    4.32e-04    4.97e-03
  12  1.768408e+01    2.48e-02    8.79e+01   1.77e+01   6.78e-01  4.82e+04        1    4.26e-04    5.40e-03
  13  1.766309e+01    2.10e-02    1.00e+02   1.52e+01   7.61e-01  5.62e+04        1    4.49e-04    5.86e-03
  14  1.765038e+01    1.27e-02    1.52e+02   1.49e+01   6.46e-01  5.76e+04        1    4.31e-04    6.30e-03
  15  1.763824e+01    1.21e-02    1.49e+02   1.33e+01   7.13e-01  6.24e+04        1    4.42e-04    6.75e-03
  16  1.762923e+01    9.01e-03    1.52e+02   1.26e+01   6.74e-01  6.52e+04        1    4.35e-04    7.20e-03
  17  1.762131e+01    7.92e-03    1.37e+02   1.16e+01   7.05e-01  7.00e+04        1    4.36e-04    7.65e-03
  18  1.761501e+01    6.30e-03    1.27e+02   1.10e+01   6.95e-01  7.44e+04        1    4.31e-04    8.09e-03
  19  1.760973e+01    5.28e-03    1.13e+02   1.03e+01   7.09e-01  8.02e+04        1    4.36e-04    8.53e-03
  20  1.760548e+01    4.25e-03    1.01e+02   9.72e+00   7.07e-01  8.64e+04        1    4.29e-04    8.97e-03
  21  1.760201e+01    3.47e-03    8.83e+01   9.14e+00   7.15e-01  9.38e+04        1    4.25e-04    9.41e-03
  22  1.759926e+01    2.76e-03    7.74e+01   8.61e+00   7.16e-01  1.02e+05        1    4.41e-04    9.86e-03
  23  1.759707e+01    2.19e-03    6.67e+01   8.05e+00   7.21e-01  1.12e+05        1    4.26e-04    1.03e-02
  24  1.759536e+01    1.71e-03    5.73e+01   7.52e+00   7.23e-01  1.23e+05        1    4.40e-04    1.07e-02
  25  1.759404e+01    1.32e-03    4.86e+01   6.97e+00   7.27e-01  1.35e+05        1    4.26e-04    1.12e-02
  26  1.759303e+01    1.01e-03    4.12e+01   6.44e+00   7.28e-01  1.49e+05        1    4.39e-04    1.16e-02
  27  1.759225e+01    7.75e-04    3.49e+01   5.91e+00   7.32e-01  1.66e+05        1    4.33e-04    1.21e-02
  28  1.759165e+01    6.00e-04    3.01e+01   5.42e+00   7.35e-01  1.85e+05        1    4.35e-04    1.25e-02
  29  1.759117e+01    4.81e-04    2.68e+01   4.97e+00   7.40e-01  2.08e+05        1    4.29e-04    1.30e-02
  30  1.759077e+01    4.05e-04    2.53e+01   4.59e+00   7.44e-01  2.36e+05        1    4.27e-04    1.34e-02
  31  1.759040e+01    3.67e-04    2.57e+01   4.30e+00   7.46e-01  2.68e+05        1    4.41e-04    1.38e-02
  32  1.759004e+01    3.56e-04    2.80e+01   4.09e+00   7.40e-01  3.02e+05        1    4.25e-04    1.43e-02
  33  1.758968e+01    3.63e-04    3.18e+01   3.94e+00   7.27e-01  3.33e+05        1    4.39e-04    1.47e-02
  34  1.758930e+01    3.80e-04    3.62e+01   3.84e+00   7.07e-01  3.58e+05        1    4.28e-04    1.52e-02
  35  1.758890e+01    4.01e-04    4.05e+01   3.78e+00   6.87e-01  3.78e+05        1    4.39e-04    1.56e-02
  36  1.758848e+01    4.21e-04    4.43e+01   3.76e+00   6.69e-01  3.93e+05        1    4.31e-04    1.61e-02
  37  1.758804e+01    4.38e-04    4.74e+01   3.76e+00   6.54e-01  4.05e+05        1    4.32e-04    1.65e-02
  38  1.758759e+01    4.54e-04    5.00e+01   3.78e+00   6.42e-01  4.15e+05        1    4.30e-04    1.69e-02
  39  1.758712e+01    4.66e-04    5.22e+01   3.82e+00   6.32e-01  4.22e+05        1    4.26e-04    1.74e-02
  40  1.758665e+01    4.76e-04    5.41e+01   3.85e+00   6.23e-01  4.29e+05        1    4.40e-04    1.78e-02
  41  1.758616e+01    4.85e-04    5.57e+01   3.89e+00   6.16e-01  4.34e+05        1    4.25e-04    1.83e-02
  42  1.758567e+01    4.92e-04    5.70e+01   3.93e+00   6.10e-01  4.39e+05        1    4.42e-04    1.87e-02
  43  1.758517e+01    4.98e-04    5.82e+01   3.96e+00   6.05e-01  4.43e+05        1    4.26e-04    1.91e-02
  44  1.758467e+01    5.03e-04    5.93e+01   3.99e+00   6.01e-01  4.46e+05        1    4.36e-04    1.96e-02
  45  1.758416e+01    5.07e-04    6.02e+01   4.02e+00   5.97e-01  4.50e+05        1    4.31e-04    2.00e-02
  46  1.758365e+01    5.10e-04    6.11e+01   4.04e+00   5.94e-01  4.53e+05        1    4.35e-04    2.05e-02
  47  1.758314e+01    5.13e-04    6.19e+01   4.06e+00   5.91e-01  4.55e+05        1    4.30e-04    2.09e-02
  48  1.758262e+01    5.16e-04    6.26e+01   4.08e+00   5.89e-01  4.58e+05        1    4.25e-04    2.13e-02
  49  1.758210e+01    5.18e-04    6.33e+01   4.10e+00   5.87e-01  4.60e+05        1    4.41e-04    2.18e-02
  50  1.758158e+01    5.20e-04    6.39e+01   4.11e+00   5.85e-01  4.63e+05        1    4.50e-04    2.23e-02
  51  1.758106e+01    5.21e-04    6.45e+01   4.13e+00   5.83e-01  4.65e+05        1    4.46e-04    2.27e-02
  52  1.758054e+01    5.22e-04    6.50e+01   4.14e+00   5.82e-01  4.67e+05        1    4.28e-04    2.32e-02
  53  1.758002e+01    5.24e-04    6.55e+01   4.15e+00   5.80e-01  4.69e+05        1    4.41e-04    2.36e-02
  54  1.757949e+01    5.25e-04    6.60e+01   4.17e+00   5.79e-01  4.71e+05        1    4.31e-04    2.40e-02
  55  1.757897e+01    5.25e-04    6.65e+01   4.18e+00   5.78e-01  4.72e+05        1    4.40e-04    2.45e-02
  56  1.757844e+01    5.26e-04    6.69e+01   4.19e+00   5.77e-01  4.74e+05        1    4.30e-04    2.49e-02
  57  1.757792e+01    5.27e-04    6.73e+01   4.20e+00   5.76e-01  4.76e+05        1    4.26e-04    2.54e-02
  58  1.757739e+01    5.27e-04    6.77e+01   4.20e+00   5.76e-01  4.78e+05        1    4.62e-04    2.58e-02
  59  1.757686e+01    5.27e-04    6.81e+01   4.21e+00   5.75e-01  4.79e+05        1    4.27e-04    2.63e-02
  60  1.757633e+01    5.28e-04    6.85e+01   4.22e+00   5.74e-01  4.81e+05        1    4.44e-04    2.67e-02
  61  1.757581e+01    5.28e-04    6.89e+01   4.23e+00   5.74e-01  4.82e+05        1    4.28e-04    2.72e-02
  62  1.757528e+01    5.28e-04    6.92e+01   4.23e+00   5.74e-01  4.84e+05        1    4.38e-04    2.76e-02
  63  1.757475e+01    5.28e-04    6.96e+01   4.24e+00   5.73e-01  4.85e+05        1    4.31e-04    2.81e-02
  64  1.757422e+01    5.28e-04    6.99e+01   4.25e+00   5.73e-01  4.87e+05        1    4.32e-04    2.85e-02
  65  1.757369e+01    5.28e-04    7.03e+01   4.25e+00   5.72e-01  4.88e+05        1    4.33e-04    2.89e-02
  66  1.757317e+01    5.28e-04    7.06e+01   4.26e+00   5.72e-01  4.90e+05        1    4.24e-04    2.94e-02
  67  1.757264e+01    5.27e-04    7.09e+01   4.26e+00   5.72e-01  4.91e+05        1    4.42e-04    2.98e-02
  68  1.757211e+01    5.27e-04    7.12e+01   4.27e+00   5.72e-01  4.93e+05        1    4.26e-04    3.03e-02
  69  1.757158e+01    5.27e-04    7.15e+01   4.27e+00   5.72e-01  4.94e+05        1    4.43e-04    3.07e-02
  70  1.757106e+01    5.27e-04    7.18e+01   4.28e+00   5.71e-01  4.96e+05        1    4.27e-04    3.12e-02
  71  1.757053e+01    5.26e-04    7.21e+01   4.28e+00   5.71e-01  4.97e+05        1    4.37e-04    3.16e-02
  72  1.757001e+01    5.26e-04    7.24e+01   4.28e+00   5.71e-01  4.99e+05        1    4.35e-04    3.20e-02
  73  1.756948e+01    5.26e-04    7.26e+01   4.29e+00   5.71e-01  5.00e+05        1    4.34e-04    3.25e-02
  74  1.756896e+01    5.25e-04    7.29e+01   4.29e+00   5.71e-01  5.01e+05        1    4.31e-04    3.29e-02
  75  1.756843e+01    5.25e-04    7.32e+01   4.30e+00   5.71e-01  5.03e+05        1    4.27e-04    3.34e-02
  76  1.756791e+01    5.24e-04    7.35e+01   4.30e+00   5.71e-01  5.04e+05        1    4.37e-04    3.38e-02
  77  1.756738e+01    5.24e-04    7.37e+01   4.30e+00   5.71e-01  5.06e+05        1    4.25e-04    3.42e-02
  78  1.756686e+01    5.23e-04    7.40e+01   4.31e+00   5.71e-01  5.07e+05        1    4.34e-04    3.47e-02
  79  1.756634e+01    5.23e-04    7.42e+01   4.31e+00   5.71e-01  5.09e+05        1    4.26e-04    3.51e-02
  80  1.756581e+01    5.22e-04    7.45e+01   4.31e+00   5.71e-01  5.10e+05        1    4.32e-04    3.56e-02
  81  1.756529e+01    5.21e-04    7.48e+01   4.32e+00   5.71e-01  5.12e+05        1    4.31e-04    3.60e-02
  82  1.756477e+01    5.21e-04    7.50e+01   4.32e+00   5.71e-01  5.13e+05        1    4.33e-04    3.65e-02
  83  1.756425e+01    5.20e-04    7.53e+01   4.32e+00   5.71e-01  5.14e+05        1    4.30e-04    3.69e-02
  84  1.756373e+01    5.20e-04    7.55e+01   4.32e+00   5.71e-01  5.16e+05        1    4.26e-04    3.73e-02
  85  1.756321e+01    5.19e-04    7.57e+01   4.33e+00   5.71e-01  5.17e+05        1    4.38e-04    3.78e-02
  86  1.756270e+01    5.18e-04    7.60e+01   4.33e+00   5.71e-01  5.19e+05        1    4.25e-04    3.82e-02
  87  1.756218e+01    5.18e-04    7.62e+01   4.33e+00   5.71e-01  5.20e+05        1    4.34e-04    3.87e-02
  88  1.756166e+01    5.17e-04    7.65e+01   4.33e+00   5.71e-01  5.22e+05        1    4.32e-04    3.91e-02
  89  1.756114e+01    5.16e-04    7.67e+01   4.34e+00   5.71e-01  5.23e+05        1    4.33e-04    3.95e-02
  90  1.756063e+01    5.15e-04    7.69e+01   4.34e+00   5.71e-01  5.25e+05        1    4.29e-04    4.00e-02
  91  1.756011e+01    5.15e-04    7.72e+01   4.34e+00   5.71e-01  5.27e+05        1    4.27e-04    4.04e-02
  92  1.755960e+01    5.14e-04    7.74e+01   4.34e+00   5.72e-01  5.28e+05        1    4.41e-04    4.09e-02
  93  1.755909e+01    5.13e-04    7.76e+01   4.35e+00   5.72e-01  5.30e+05        1    4.26e-04    4.13e-02
  94  1.755858e+01    5.12e-04    7.79e+01   4.35e+00   5.72e-01  5.31e+05        1    4.38e-04    4.17e-02
  95  1.755806e+01    5.12e-04    7.81e+01   4.35e+00   5.72e-01  5.33e+05        1    4.28e-04    4.22e-02
  96  1.755755e+01    5.11e-04    7.83e+01   4.35e+00   5.72e-01  5.34e+05        1    4.35e-04    4.26e-02
  97  1.755704e+01    5.10e-04    7.86e+01   4.35e+00   5.72e-01  5.36e+05        1    4.31e-04    4.31e-02
  98  1.755653e+01    5.09e-04    7.88e+01   4.36e+00   5.72e-01  5.38e+05        1    4.33e-04    4.35e-02
  99  1.755603e+01    5.08e-04    7.90e+01   4.36e+00   5.72e-01  5.39e+05        1    4.30e-04    4.40e-02
 100  1.755552e+01    5.08e-04    7.92e+01   4.36e+00   5.72e-01  5.41e+05        1    4.25e-04    4.44e-02


Bundle adjustment report
------------------------
    Residuals : 316
   Parameters : 248
   Iterations : 101
         Time : 0.044415 [s]
 Initial cost : 0.334923 [px]
   Final cost : 0.235702 [px]
  Termination : No convergence

  => Filtered observations: 0
  => Filtered images: 0

==============================================================================
Registering image #7 (3)
==============================================================================

  => Image sees 30 / 280 points
  => Could not register, trying another image.

==============================================================================
Retriangulation
==============================================================================

  => Completed observations: 0
  => Merged observations: 0
  => Retriangulated observations: 0

==============================================================================
Global bundle adjustment
==============================================================================

iter      cost      cost_change  |gradient|   |step|    tr_ratio  tr_radius  ls_iter  iter_time  total_time
   0  1.755552e+01    0.00e+00    1.66e+01   0.00e+00   0.00e+00  1.00e+04        0    3.15e-04    5.92e-04
   1  1.755513e+01    3.89e-04    5.17e-01   8.57e-02   1.00e+00  3.00e+04        1    4.77e-04    1.09e-03
   2  1.755510e+01    2.63e-05    1.71e+00   2.36e-01   1.00e+00  9.00e+04        1    4.39e-04    1.54e-03
   3  1.755502e+01    7.85e-05    1.61e+00   7.09e-01   9.97e-01  2.70e+05        1    4.33e-04    1.98e-03
   4  1.755481e+01    2.17e-04    3.83e+00   2.12e+00   9.19e-01  6.56e+05        1    4.37e-04    2.43e-03
   5  1.755487e+01   -6.12e-05    3.83e+00   5.04e+00  -1.04e-01  3.28e+05        1    1.61e-04    2.60e-03
   6  1.755454e+01    2.64e-04    5.54e+00   2.55e+00   8.66e-01  5.40e+05        1    4.23e-04    3.04e-03
   7  1.755433e+01    2.14e-04    1.47e+01   4.13e+00   4.21e-01  5.38e+05        1    4.37e-04    3.48e-03
   8  1.755385e+01    4.77e-04    1.43e+01   4.09e+00   6.27e-01  5.47e+05        1    4.32e-04    3.92e-03
   9  1.755340e+01    4.56e-04    1.46e+01   4.13e+00   6.05e-01  5.52e+05        1    4.28e-04    4.36e-03
  10  1.755293e+01    4.66e-04    1.47e+01   4.14e+00   6.05e-01  5.57e+05        1    4.54e-04    4.82e-03
  11  1.755246e+01    4.68e-04    1.48e+01   4.17e+00   6.01e-01  5.62e+05        1    6.76e-04    7.79e-03
  12  1.755199e+01    4.71e-04    1.49e+01   4.19e+00   5.98e-01  5.66e+05        1    4.39e-04    8.25e-03
  13  1.755152e+01    4.73e-04    1.50e+01   4.20e+00   5.96e-01  5.70e+05        1    4.49e-04    8.71e-03
  14  1.755104e+01    4.74e-04    1.50e+01   4.22e+00   5.93e-01  5.74e+05        1    4.29e-04    9.15e-03
  15  1.755057e+01    4.76e-04    1.51e+01   4.23e+00   5.91e-01  5.78e+05        1    4.39e-04    9.60e-03
  16  1.755009e+01    4.77e-04    1.51e+01   4.25e+00   5.90e-01  5.81e+05        1    4.36e-04    1.00e-02
  17  1.754961e+01    4.77e-04    1.51e+01   4.26e+00   5.88e-01  5.84e+05        1    4.35e-04    1.05e-02
  18  1.754914e+01    4.78e-04    1.51e+01   4.27e+00   5.87e-01  5.87e+05        1    4.35e-04    1.09e-02
  19  1.754866e+01    4.78e-04    1.51e+01   4.28e+00   5.86e-01  5.90e+05        1    4.29e-04    1.14e-02
  20  1.754818e+01    4.78e-04    1.51e+01   4.28e+00   5.85e-01  5.93e+05        1    4.43e-04    1.18e-02
  21  1.754770e+01    4.78e-04    1.51e+01   4.29e+00   5.84e-01  5.96e+05        1    4.30e-04    1.23e-02
  22  1.754722e+01    4.78e-04    1.50e+01   4.30e+00   5.83e-01  5.99e+05        1    4.42e-04    1.27e-02
  23  1.754675e+01    4.78e-04    1.50e+01   4.30e+00   5.83e-01  6.02e+05        1    4.29e-04    1.32e-02
  24  1.754627e+01    4.78e-04    1.50e+01   4.31e+00   5.82e-01  6.04e+05        1    4.38e-04    1.36e-02
  25  1.754579e+01    4.78e-04    1.50e+01   4.31e+00   5.82e-01  6.07e+05        1    4.34e-04    1.41e-02
  26  1.754531e+01    4.77e-04    1.49e+01   4.32e+00   5.81e-01  6.10e+05        1    4.41e-04    1.45e-02
  27  1.754484e+01    4.77e-04    1.49e+01   4.32e+00   5.81e-01  6.12e+05        1    4.34e-04    1.49e-02
  28  1.754436e+01    4.76e-04    1.48e+01   4.33e+00   5.80e-01  6.15e+05        1    4.27e-04    1.54e-02
  29  1.754388e+01    4.76e-04    1.48e+01   4.33e+00   5.80e-01  6.17e+05        1    4.42e-04    1.58e-02
  30  1.754341e+01    4.75e-04    1.48e+01   4.33e+00   5.80e-01  6.20e+05        1    4.28e-04    1.63e-02
  31  1.754294e+01    4.74e-04    1.47e+01   4.34e+00   5.80e-01  6.22e+05        1    4.44e-04    1.67e-02
  32  1.754246e+01    4.74e-04    1.47e+01   4.34e+00   5.79e-01  6.25e+05        1    4.29e-04    1.72e-02
  33  1.754199e+01    4.73e-04    1.46e+01   4.34e+00   5.79e-01  6.27e+05        1    4.38e-04    1.76e-02
  34  1.754152e+01    4.72e-04    1.46e+01   4.34e+00   5.79e-01  6.30e+05        1    4.33e-04    1.81e-02
  35  1.754105e+01    4.71e-04    1.45e+01   4.34e+00   5.79e-01  6.32e+05        1    4.35e-04    1.85e-02
  36  1.754058e+01    4.70e-04    1.45e+01   4.35e+00   5.79e-01  6.35e+05        1    4.34e-04    1.89e-02
  37  1.754011e+01    4.70e-04    1.44e+01   4.35e+00   5.79e-01  6.37e+05        1    4.28e-04    1.94e-02
  38  1.753964e+01    4.69e-04    1.44e+01   4.35e+00   5.79e-01  6.40e+05        1    4.69e-04    1.99e-02
  39  1.753917e+01    4.68e-04    1.43e+01   4.35e+00   5.79e-01  6.42e+05        1    4.31e-04    2.03e-02
  40  1.753870e+01    4.67e-04    1.43e+01   4.35e+00   5.79e-01  6.45e+05        1    4.49e-04    2.08e-02
  41  1.753824e+01    4.66e-04    1.42e+01   4.35e+00   5.78e-01  6.47e+05        1    4.30e-04    2.12e-02
  42  1.753777e+01    4.65e-04    1.42e+01   4.36e+00   5.78e-01  6.50e+05        1    4.38e-04    2.16e-02
  43  1.753731e+01    4.64e-04    1.41e+01   4.36e+00   5.78e-01  6.52e+05        1    4.35e-04    2.21e-02
  44  1.753684e+01    4.63e-04    1.41e+01   4.36e+00   5.78e-01  6.55e+05        1    4.39e-04    2.25e-02
  45  1.753638e+01    4.62e-04    1.40e+01   4.36e+00   5.78e-01  6.57e+05        1    4.33e-04    2.30e-02
  46  1.753592e+01    4.61e-04    1.39e+01   4.36e+00   5.78e-01  6.60e+05        1    4.34e-04    2.34e-02
  47  1.753546e+01    4.60e-04    1.39e+01   4.36e+00   5.78e-01  6.62e+05        1    4.32e-04    2.39e-02
  48  1.753500e+01    4.59e-04    1.38e+01   4.36e+00   5.78e-01  6.65e+05        1    4.28e-04    2.43e-02
  49  1.753454e+01    4.59e-04    1.38e+01   4.36e+00   5.78e-01  6.68e+05        1    4.50e-04    2.48e-02
  50  1.753408e+01    4.58e-04    1.37e+01   4.36e+00   5.78e-01  6.70e+05        1    4.29e-04    2.52e-02
  51  1.753363e+01    4.57e-04    1.37e+01   4.36e+00   5.78e-01  6.73e+05        1    4.36e-04    2.57e-02
  52  1.753317e+01    4.56e-04    1.36e+01   4.36e+00   5.78e-01  6.75e+05        1    4.33e-04    2.61e-02
  53  1.753272e+01    4.55e-04    1.36e+01   4.36e+00   5.78e-01  6.78e+05        1    4.35e-04    2.65e-02
  54  1.753226e+01    4.53e-04    1.35e+01   4.36e+00   5.79e-01  6.81e+05        1    4.32e-04    2.70e-02
  55  1.753181e+01    4.52e-04    1.35e+01   4.36e+00   5.79e-01  6.83e+05        1    4.28e-04    2.74e-02
  56  1.753136e+01    4.51e-04    1.34e+01   4.36e+00   5.79e-01  6.86e+05        1    4.32e-04    2.79e-02
  57  1.753091e+01    4.50e-04    1.34e+01   4.37e+00   5.79e-01  6.89e+05        1    4.28e-04    2.83e-02
  58  1.753046e+01    4.49e-04    1.33e+01   4.37e+00   5.79e-01  6.91e+05        1    4.40e-04    2.87e-02
  59  1.753001e+01    4.48e-04    1.32e+01   4.37e+00   5.79e-01  6.94e+05        1    4.28e-04    2.92e-02
  60  1.752956e+01    4.47e-04    1.32e+01   4.37e+00   5.79e-01  6.97e+05        1    4.36e-04    2.96e-02
  61  1.752912e+01    4.46e-04    1.31e+01   4.37e+00   5.79e-01  6.99e+05        1    4.32e-04    3.01e-02
  62  1.752867e+01    4.45e-04    1.31e+01   4.37e+00   5.79e-01  7.02e+05        1    4.35e-04    3.05e-02
  63  1.752823e+01    4.44e-04    1.30e+01   4.37e+00   5.79e-01  7.05e+05        1    4.31e-04    3.10e-02
  64  1.752778e+01    4.43e-04    1.30e+01   4.37e+00   5.79e-01  7.08e+05        1    4.30e-04    3.14e-02
  65  1.752734e+01    4.42e-04    1.29e+01   4.37e+00   5.79e-01  7.10e+05        1    4.44e-04    3.19e-02
  66  1.752690e+01    4.41e-04    1.29e+01   4.37e+00   5.79e-01  7.13e+05        1    4.29e-04    3.23e-02
  67  1.752646e+01    4.40e-04    1.28e+01   4.37e+00   5.79e-01  7.16e+05        1    4.43e-04    3.27e-02
  68  1.752602e+01    4.39e-04    1.28e+01   4.37e+00   5.79e-01  7.19e+05        1    4.29e-04    3.32e-02
  69  1.752559e+01    4.38e-04    1.27e+01   4.37e+00   5.79e-01  7.22e+05        1    4.34e-04    3.36e-02
  70  1.752515e+01    4.37e-04    1.27e+01   4.37e+00   5.79e-01  7.25e+05        1    4.32e-04    3.41e-02
  71  1.752471e+01    4.36e-04    1.26e+01   4.37e+00   5.79e-01  7.28e+05        1    4.35e-04    3.45e-02
  72  1.752428e+01    4.35e-04    1.26e+01   4.37e+00   5.79e-01  7.30e+05        1    4.31e-04    3.50e-02
  73  1.752384e+01    4.34e-04    1.25e+01   4.37e+00   5.79e-01  7.33e+05        1    4.28e-04    3.54e-02
  74  1.752341e+01    4.32e-04    1.25e+01   4.37e+00   5.79e-01  7.36e+05        1    4.47e-04    3.58e-02
  75  1.752298e+01    4.31e-04    1.24e+01   4.37e+00   5.79e-01  7.39e+05        1    4.28e-04    3.63e-02
  76  1.752255e+01    4.30e-04    1.24e+01   4.37e+00   5.79e-01  7.42e+05        1    4.41e-04    3.67e-02
  77  1.752212e+01    4.29e-04    1.23e+01   4.37e+00   5.79e-01  7.45e+05        1    4.27e-04    3.72e-02
  78  1.752169e+01    4.28e-04    1.23e+01   4.37e+00   5.79e-01  7.48e+05        1    4.38e-04    3.76e-02
  79  1.752127e+01    4.27e-04    1.22e+01   4.37e+00   5.79e-01  7.51e+05        1    4.32e-04    3.81e-02
  80  1.752084e+01    4.26e-04    1.22e+01   4.37e+00   5.79e-01  7.54e+05        1    4.39e-04    3.85e-02
  81  1.752041e+01    4.25e-04    1.21e+01   4.37e+00   5.79e-01  7.57e+05        1    4.32e-04    3.89e-02
  82  1.751999e+01    4.24e-04    1.21e+01   4.37e+00   5.79e-01  7.60e+05        1    4.29e-04    3.94e-02
  83  1.751957e+01    4.23e-04    1.20e+01   4.37e+00   5.79e-01  7.63e+05        1    4.43e-04    3.98e-02
  84  1.751915e+01    4.22e-04    1.20e+01   4.37e+00   5.80e-01  7.66e+05        1    4.28e-04    4.03e-02
  85  1.751873e+01    4.21e-04    1.19e+01   4.37e+00   5.80e-01  7.69e+05        1    4.43e-04    4.07e-02
  86  1.751831e+01    4.20e-04    1.19e+01   4.37e+00   5.80e-01  7.73e+05        1    4.30e-04    4.12e-02
  87  1.751789e+01    4.19e-04    1.18e+01   4.37e+00   5.80e-01  7.76e+05        1    4.35e-04    4.16e-02
  88  1.751747e+01    4.17e-04    1.18e+01   4.37e+00   5.80e-01  7.79e+05        1    4.34e-04    4.21e-02
  89  1.751705e+01    4.16e-04    1.17e+01   4.37e+00   5.80e-01  7.82e+05        1    4.35e-04    4.25e-02
  90  1.751664e+01    4.15e-04    1.17e+01   4.37e+00   5.80e-01  7.85e+05        1    4.32e-04    4.29e-02
  91  1.751622e+01    4.14e-04    1.16e+01   4.37e+00   5.80e-01  7.88e+05        1    4.27e-04    4.34e-02
  92  1.751581e+01    4.13e-04    1.16e+01   4.36e+00   5.80e-01  7.92e+05        1    4.44e-04    4.38e-02
  93  1.751540e+01    4.12e-04    1.15e+01   4.36e+00   5.80e-01  7.95e+05        1    4.28e-04    4.43e-02
  94  1.751499e+01    4.11e-04    1.15e+01   4.36e+00   5.80e-01  7.98e+05        1    4.48e-04    4.47e-02
  95  1.751458e+01    4.10e-04    1.15e+01   4.36e+00   5.80e-01  8.01e+05        1    4.28e-04    4.52e-02
  96  1.751417e+01    4.09e-04    1.14e+01   4.36e+00   5.80e-01  8.05e+05        1    4.37e-04    4.56e-02
  97  1.751376e+01    4.08e-04    1.14e+01   4.36e+00   5.80e-01  8.08e+05        1    4.33e-04    4.61e-02
  98  1.751336e+01    4.07e-04    1.13e+01   4.36e+00   5.80e-01  8.11e+05        1    4.34e-04    4.65e-02
  99  1.751295e+01    4.06e-04    1.13e+01   4.36e+00   5.80e-01  8.15e+05        1    4.32e-04    4.69e-02
 100  1.751254e+01    4.04e-04    1.12e+01   4.36e+00   5.80e-01  8.18e+05        1    4.29e-04    4.74e-02


Bundle adjustment report
------------------------
    Residuals : 316
   Parameters : 248
   Iterations : 101
         Time : 0.0474021 [s]
 Initial cost : 0.235702 [px]
   Final cost : 0.235413 [px]
  Termination : No convergence

  => Completed observations: 0
  => Merged observations: 0
  => Filtered observations: 0
  => Changed observations: 0.000000
  => Filtered images: 0

==============================================================================
Registering image #7 (3)
==============================================================================

  => Image sees 30 / 280 points
  => Could not register, trying another image.

==============================================================================
Finding good initial image pair
==============================================================================


==============================================================================
Initializing with image pair #2 and #7
==============================================================================


==============================================================================
Global bundle adjustment
==============================================================================

iter      cost      cost_change  |gradient|   |step|    tr_ratio  tr_radius  ls_iter  iter_time  total_time
   0  4.035334e+01    0.00e+00    1.54e+02   0.00e+00   0.00e+00  1.00e+04        0    1.64e-04    3.74e-04
   1  1.469495e+02   -1.07e+02    1.54e+02   6.97e+01  -7.38e+00  5.00e+03        1    1.14e-04    5.06e-04
   2  1.472071e+02   -1.07e+02    1.54e+02   5.78e+01  -8.00e+00  1.25e+03        1    7.99e-05    5.97e-04
   3  7.669618e+01   -3.63e+01    1.54e+02   3.61e+01  -3.31e+00  1.56e+02        1    7.92e-05    6.86e-04
   4  3.588529e+01    4.47e+00    1.39e+03   9.64e+00   8.91e-01  2.98e+02        1    2.33e-04    9.29e-04
   5  3.279305e+01    3.09e+00    1.33e+03   1.20e+01   7.84e-01  3.65e+02        1    2.26e-04    1.17e-03
   6  3.079251e+01    2.00e+00    2.84e+02   8.54e+00   9.78e-01  1.10e+03        1    2.19e-04    1.39e-03
   7  2.931197e+01    1.48e+00    1.02e+02   1.04e+01   9.98e-01  3.29e+03        1    2.19e-04    1.62e-03
   8  2.712860e+01    2.18e+00    2.17e+02   1.54e+01   9.51e-01  9.87e+03        1    2.31e-04    1.87e-03
   9  2.732772e+01   -1.99e-01    2.17e+02   3.30e+01  -6.38e-02  4.93e+03        1    8.39e-05    1.96e-03
  10  2.541988e+01    1.71e+00    6.94e+02   1.75e+01   8.44e-01  7.31e+03        1    2.19e-04    2.19e-03
  11  2.489951e+01    5.20e-01    1.71e+03   1.94e+01   2.58e-01  6.56e+03        1    2.25e-04    2.42e-03
  12  2.428524e+01    6.14e-01    2.24e+03   1.61e+01   2.42e-01  5.77e+03        1    2.20e-04    2.65e-03
  13  2.316780e+01    1.12e+00    1.84e+03   1.48e+01   4.18e-01  5.74e+03        1    2.28e-04    2.89e-03
  14  2.259175e+01    5.76e-01    1.76e+03   1.44e+01   2.67e-01  5.22e+03        1    2.26e-04    3.12e-03
  15  2.143144e+01    1.16e+00    1.38e+03   1.16e+01   5.79e-01  5.24e+03        1    2.19e-04    3.35e-03
  16  2.070883e+01    7.23e-01    1.05e+03   9.95e+00   6.29e-01  5.33e+03        1    2.19e-04    3.58e-03
  17  2.022730e+01    4.82e-01    6.75e+02   8.67e+00   7.56e-01  6.15e+03        1    2.19e-04    3.81e-03
  18  1.996435e+01    2.63e-01    4.50e+02   9.15e+00   8.09e-01  8.06e+03        1    2.27e-04    4.05e-03
  19  1.976124e+01    2.03e-01    2.99e+02   1.15e+01   8.92e-01  1.56e+04        1    2.25e-04    4.28e-03
  20  1.951165e+01    2.50e-01    2.73e+02   2.16e+01   8.90e-01  2.95e+04        1    2.19e-04    4.51e-03
  21  1.920829e+01    3.03e-01    7.18e+02   3.82e+01   6.82e-01  3.10e+04        1    2.19e-04    4.74e-03
  22  1.885232e+01    3.56e-01    4.64e+02   3.71e+01   6.81e-01  3.26e+04        1    2.26e-04    4.98e-03
  23  1.849536e+01    3.57e-01    4.88e+02   3.61e+01   6.87e-01  3.44e+04        1    2.24e-04    5.21e-03
  24  1.817890e+01    3.16e-01    5.52e+02   3.51e+01   6.52e-01  3.54e+04        1    2.20e-04    5.44e-03
  25  1.787855e+01    3.00e-01    5.83e+02   3.33e+01   6.57e-01  3.65e+04        1    2.19e-04    5.67e-03
  26  1.761162e+01    2.67e-01    6.12e+02   3.16e+01   6.47e-01  3.75e+04        1    2.34e-04    5.91e-03
  27  1.737446e+01    2.37e-01    6.32e+02   2.98e+01   6.42e-01  3.83e+04        1    2.24e-04    6.15e-03
  28  1.716677e+01    2.08e-01    6.42e+02   2.80e+01   6.38e-01  3.92e+04        1    2.18e-04    6.37e-03
  29  1.698740e+01    1.79e-01    6.37e+02   2.61e+01   6.36e-01  4.00e+04        1    2.22e-04    6.61e-03
  30  1.683424e+01    1.53e-01    6.66e+02   2.42e+01   6.39e-01  4.08e+04        1    2.30e-04    6.84e-03
  31  1.670519e+01    1.29e-01    7.14e+02   2.23e+01   6.47e-01  4.19e+04        1    2.19e-04    7.07e-03
  32  1.659785e+01    1.07e-01    7.26e+02   2.04e+01   6.59e-01  4.33e+04        1    2.23e-04    7.31e-03
  33  1.650952e+01    8.83e-02    7.11e+02   1.85e+01   6.74e-01  4.52e+04        1    2.21e-04    7.54e-03
  34  1.643714e+01    7.24e-02    6.82e+02   1.68e+01   6.90e-01  4.78e+04        1    2.19e-04    7.77e-03
  35  1.637732e+01    5.98e-02    6.52e+02   1.52e+01   7.05e-01  5.13e+04        1    2.30e-04    8.01e-03
  36  1.632664e+01    5.07e-02    6.32e+02   1.39e+01   7.19e-01  5.60e+04        1    2.24e-04    8.24e-03
  37  1.628173e+01    4.49e-02    6.32e+02   1.28e+01   7.29e-01  6.19e+04        1    2.20e-04    8.47e-03
  38  1.623925e+01    4.25e-02    6.60e+02   1.22e+01   7.34e-01  6.90e+04        1    2.19e-04    8.70e-03
  39  1.619560e+01    4.37e-02    7.26e+02   1.21e+01   7.32e-01  7.67e+04        1    2.26e-04    8.93e-03
  40  1.614664e+01    4.90e-02    8.50e+02   1.28e+01   7.11e-01  8.29e+04        1    2.24e-04    9.17e-03
  41  1.609032e+01    5.63e-02    1.06e+03   1.43e+01   6.18e-01  8.41e+04        1    2.20e-04    9.40e-03
  42  1.605038e+01    3.99e-02    1.45e+03   1.64e+01   2.83e-01  7.77e+04        1    2.19e-04    9.62e-03
  43  1.622012e+01   -1.70e-01    1.45e+03   1.86e+01  -6.24e-01  3.88e+04        1    8.42e-05    9.72e-03
  44  1.588217e+01    1.68e-01    6.64e+02   9.91e+00   7.85e-01  4.77e+04        1    2.32e-04    9.96e-03
  45  1.603460e+01   -1.52e-01    6.64e+02   1.43e+01  -7.06e-01  2.39e+04        1    8.39e-05    1.01e-02
  46  1.577066e+01    1.12e-01    4.93e+02   7.10e+00   7.32e-01  2.65e+04        1    2.19e-04    1.03e-02
  47  1.579491e+01   -2.42e-02    4.93e+02   8.84e+00  -1.25e-01  1.33e+04        1    8.42e-05    1.04e-02
  48  1.565761e+01    1.13e-01    3.35e+02   4.01e+00   8.43e-01  1.95e+04        1    2.13e-04    1.06e-02
  49  1.570165e+01   -4.40e-02    3.35e+02   6.62e+00  -2.55e-01  9.77e+03        1    8.42e-05    1.07e-02
  50  1.556552e+01    9.21e-02    2.92e+02   2.89e+00   8.36e-01  1.40e+04        1    2.21e-04    1.09e-02
  51  1.555846e+01    7.05e-03    7.23e+02   4.24e+00   4.36e-02  7.97e+03        1    2.25e-04    1.12e-02
  52  1.532046e+01    2.38e-01    3.97e+02   1.06e+00   8.40e-01  1.16e+04        1    2.19e-04    1.14e-02
  53  1.537214e+01   -5.17e-02    3.97e+02   1.47e+00  -2.25e-01  5.81e+03        1    8.42e-05    1.15e-02
  54  1.519100e+01    1.29e-01    2.64e+02   7.74e-01   8.75e-01  1.01e+04        1    2.14e-04    1.17e-02
  55  1.519652e+01   -5.52e-03    2.64e+02   1.48e+00  -2.91e-02  5.03e+03        1    8.39e-05    1.18e-02
  56  1.509181e+01    9.92e-02    2.19e+02   9.55e-01   8.91e-01  9.63e+03        1    2.24e-04    1.20e-02
  57  1.508588e+01    5.93e-03    7.85e+02   1.92e+00   3.27e-02  5.30e+03        1    2.27e-04    1.23e-02
  58  1.482155e+01    2.64e-01    2.44e+02   2.18e+00   9.47e-01  1.59e+04        1    2.20e-04    1.25e-02
  59  1.541912e+01   -5.98e-01    2.44e+02   4.76e+00  -2.26e+00  7.95e+03        1    8.39e-05    1.26e-02
  60  1.473768e+01    8.39e-02    5.10e+02   3.06e+00   5.55e-01  7.97e+03        1    3.76e-04    5.35e-02
  61  1.459367e+01    1.44e-01    4.41e+02   3.51e+00   7.41e-01  8.97e+03        1    3.27e-04    5.39e-02
  62  1.447324e+01    1.20e-01    4.57e+02   3.97e+00   6.84e-01  9.44e+03        1    3.53e-04    5.42e-02
  63  1.434626e+01    1.27e-01    3.88e+02   4.13e+00   7.46e-01  1.07e+04        1    2.25e-04    5.45e-02
  64  1.423554e+01    1.11e-01    3.60e+02   4.36e+00   7.22e-01  1.17e+04        1    2.20e-04    5.47e-02
  65  1.412635e+01    1.09e-01    2.90e+02   4.39e+00   7.61e-01  1.37e+04        1    2.44e-04    5.50e-02
  66  1.402776e+01    9.86e-02    2.65e+02   4.57e+00   7.47e-01  1.56e+04        1    2.26e-04    5.52e-02
  67  1.393052e+01    9.72e-02    2.22e+02   4.67e+00   7.76e-01  1.87e+04        1    2.19e-04    5.54e-02
  68  1.383921e+01    9.13e-02    1.98e+02   5.02e+00   7.63e-01  2.19e+04        1    2.19e-04    5.57e-02
  69  1.374732e+01    9.19e-02    1.78e+02   5.33e+00   7.86e-01  2.70e+04        1    2.37e-04    5.59e-02
  70  1.365847e+01    8.88e-02    1.81e+02   5.93e+00   7.71e-01  3.21e+04        1    2.28e-04    5.61e-02
  71  1.356835e+01    9.01e-02    1.76e+02   6.37e+00   7.89e-01  3.98e+04        1    2.20e-04    5.64e-02
  72  1.348155e+01    8.68e-02    2.79e+02   7.01e+00   7.71e-01  4.73e+04        1    2.20e-04    5.66e-02
  73  1.339556e+01    8.60e-02    3.62e+02   7.29e+00   7.86e-01  5.83e+04        1    2.27e-04    5.68e-02
  74  1.331585e+01    7.97e-02    4.49e+02   7.66e+00   7.69e-01  6.90e+04        1    2.20e-04    5.71e-02
  75  1.324054e+01    7.53e-02    4.75e+02   7.59e+00   7.86e-01  8.49e+04        1    2.24e-04    5.73e-02
  76  1.317445e+01    6.61e-02    4.94e+02   7.62e+00   7.72e-01  1.01e+05        1    2.22e-04    5.75e-02
  77  1.311559e+01    5.89e-02    4.40e+02   7.26e+00   7.93e-01  1.27e+05        1    2.19e-04    5.78e-02
  78  1.306730e+01    4.83e-02    3.78e+02   7.10e+00   7.81e-01  1.54e+05        1    2.32e-04    5.80e-02
  79  1.302746e+01    3.98e-02    2.54e+02   6.58e+00   8.06e-01  2.00e+05        1    2.28e-04    5.82e-02
  80  1.299806e+01    2.94e-02    1.94e+02   6.28e+00   7.91e-01  2.49e+05        1    2.19e-04    5.85e-02
  81  1.297680e+01    2.13e-02    1.51e+02   5.49e+00   8.20e-01  3.38e+05        1    2.19e-04    5.87e-02
  82  1.296451e+01    1.23e-02    2.19e+02   5.12e+00   7.56e-01  3.90e+05        1    2.26e-04    5.89e-02
  83  1.295781e+01    6.70e-03    3.24e+02   4.49e+00   7.12e-01  4.22e+05        1    2.45e-04    5.92e-02
  84  1.295468e+01    3.13e-03    3.54e+02   4.58e+00   5.76e-01  4.23e+05        1    3.05e-04    5.95e-02
  85  1.295259e+01    2.08e-03    3.23e+02   4.76e+00   5.42e-01  4.23e+05        1    3.86e-04    5.99e-02
  86  1.295119e+01    1.41e-03    2.97e+02   4.97e+00   4.87e-01  4.23e+05        1    2.94e-04    6.02e-02
  87  1.295006e+01    1.13e-03    2.80e+02   5.12e+00   4.57e-01  4.23e+05        1    2.22e-04    6.05e-02
  88  1.294905e+01    1.01e-03    2.67e+02   5.20e+00   4.47e-01  4.23e+05        1    2.20e-04    6.07e-02
  89  1.294811e+01    9.48e-04    2.58e+02   5.24e+00   4.47e-01  4.22e+05        1    2.42e-04    6.09e-02
  90  1.294719e+01    9.13e-04    2.51e+02   5.25e+00   4.50e-01  4.22e+05        1    2.39e-04    6.12e-02
  91  1.294630e+01    8.89e-04    2.46e+02   5.24e+00   4.54e-01  4.21e+05        1    2.21e-04    6.14e-02
  92  1.294543e+01    8.70e-04    2.42e+02   5.22e+00   4.58e-01  4.21e+05        1    2.19e-04    6.16e-02
  93  1.294458e+01    8.54e-04    2.38e+02   5.20e+00   4.63e-01  4.21e+05        1    2.40e-04    6.19e-02
  94  1.294374e+01    8.39e-04    2.35e+02   5.17e+00   4.67e-01  4.21e+05        1    2.25e-04    6.21e-02
  95  1.294292e+01    8.25e-04    2.32e+02   5.14e+00   4.72e-01  4.21e+05        1    2.19e-04    6.24e-02
  96  1.294210e+01    8.12e-04    2.30e+02   5.11e+00   4.76e-01  4.21e+05        1    2.20e-04    6.26e-02
  97  1.294130e+01    8.00e-04    2.27e+02   5.08e+00   4.80e-01  4.21e+05        1    2.19e-04    6.28e-02
  98  1.294052e+01    7.88e-04    2.25e+02   5.05e+00   4.85e-01  4.21e+05        1    2.27e-04    6.31e-02
  99  1.293974e+01    7.77e-04    2.23e+02   5.02e+00   4.89e-01  4.21e+05        1    2.23e-04    6.33e-02
 100  1.293897e+01    7.66e-04    2.20e+02   4.99e+00   4.93e-01  4.21e+05        1    2.19e-04    6.35e-02


Bundle adjustment report
------------------------
    Residuals : 160
   Parameters : 131
   Iterations : 101
         Time : 0.0635591 [s]
 Initial cost : 0.502204 [px]
   Final cost : 0.284374 [px]
  Termination : No convergence

  => Filtered observations: 0
  => Filtered images: 0

==============================================================================
Finding good initial image pair
==============================================================================


==============================================================================
Initializing with image pair #5 and #9
==============================================================================


==============================================================================
Global bundle adjustment
==============================================================================

iter      cost      cost_change  |gradient|   |step|    tr_ratio  tr_radius  ls_iter  iter_time  total_time
   0  2.332093e+02    0.00e+00    2.67e+03   0.00e+00   0.00e+00  1.00e+04        0    2.27e-04    4.46e-04
   1  1.391667e+04   -1.37e+04    2.67e+03   1.85e+02  -7.82e+01  5.00e+03        1    1.52e-04    6.16e-04
   2  1.011695e+04   -9.88e+03    2.67e+03   1.51e+02  -5.79e+01  1.25e+03        1    1.15e-04    7.42e-04
   3  2.255716e+03   -2.02e+03    2.67e+03   1.01e+02  -1.30e+01  1.56e+02        1    1.23e-04    8.75e-04
   4  1.688829e+02    6.43e+01    4.81e+03   3.37e+01   7.85e-01  1.92e+02        1    3.15e-04    1.20e-03
   5  1.254210e+02    4.35e+01    4.63e+03   2.65e+01   7.69e-01  2.27e+02        1    3.18e-04    1.53e-03
   6  9.909419e+01    2.63e+01    3.26e+03   2.05e+01   8.17e-01  3.05e+02        1    3.28e-04    1.87e-03
   7  8.556401e+01    1.35e+01    1.80e+03   1.77e+01   8.73e-01  5.21e+02        1    3.19e-04    2.20e-03
   8  7.859055e+01    6.97e+00    5.72e+02   1.79e+01   9.53e-01  1.56e+03        1    3.15e-04    2.52e-03
   9  7.412777e+01    4.46e+00    4.27e+02   2.43e+01   8.99e-01  3.17e+03        1    3.31e-04    2.86e-03
  10  7.109845e+01    3.03e+00    4.17e+02   2.06e+01   7.73e-01  3.79e+03        1    3.20e-04    3.19e-03
  11  6.826853e+01    2.83e+00    9.54e+02   1.44e+01   8.22e-01  5.17e+03        1    3.15e-04    3.52e-03
  12  6.546089e+01    2.81e+00    8.23e+02   1.62e+01   8.60e-01  8.22e+03        1    3.22e-04    3.85e-03
  13  6.287392e+01    2.59e+00    5.41e+02   2.39e+01   7.58e-01  9.53e+03        1    3.19e-04    4.18e-03
  14  6.196051e+01    9.13e-01    1.62e+03   2.68e+01   2.40e-01  8.36e+03        1    3.15e-04    4.50e-03
  15  6.310243e+01   -1.14e+00    1.62e+03   2.73e+01  -1.85e-01  4.18e+03        1    1.20e-04    4.63e-03
  16  5.727931e+01    4.68e+00    1.42e+03   1.83e+01   9.15e-01  9.79e+03        1    3.15e-04    4.96e-03
  17  8.723032e+01   -3.00e+01    1.42e+03   3.20e+01  -6.97e+00  4.89e+03        1    1.25e-04    5.09e-03
  18  5.793843e+01   -6.59e-01    1.42e+03   2.29e+01  -2.18e-01  1.22e+03        1    1.13e-04    5.21e-03
  19  5.573675e+01    1.54e+00    3.05e+02   8.11e+00   1.02e+00  3.67e+03        1    3.08e-04    5.53e-03
  20  5.575528e+01   -1.85e-02    3.05e+02   1.98e+01  -9.20e-03  1.84e+03        1    1.20e-04    5.66e-03
  21  5.463962e+01    1.10e+00    1.02e+03   1.19e+01   9.33e-01  5.24e+03        1    3.15e-04    5.98e-03
  22  6.156894e+01   -6.93e+00    1.02e+03   2.57e+01  -2.29e+00  2.62e+03        1    1.25e-04    6.12e-03
  23  5.351979e+01    1.12e+00    2.45e+03   1.64e+01   5.85e-01  2.63e+03        1    3.08e-04    6.44e-03
  24  5.168846e+01    1.83e+00    2.92e+03   1.69e+01   6.15e-01  2.66e+03        1    3.14e-04    6.76e-03
  25  4.959968e+01    2.09e+00    3.20e+03   1.61e+01   6.00e-01  2.69e+03        1    3.29e-04    7.10e-03
  26  4.715813e+01    2.44e+00    2.93e+03   1.39e+01   6.68e-01  2.79e+03        1    3.17e-04    7.42e-03
  27  4.481760e+01    2.34e+00    2.36e+03   1.09e+01   7.34e-01  3.11e+03        1    3.14e-04    7.75e-03
  28  4.289321e+01    1.92e+00    1.65e+03   7.50e+00   7.91e-01  3.88e+03        1    3.26e-04    8.09e-03
  29  4.144450e+01    1.45e+00    8.09e+02   3.44e+00   8.43e-01  5.74e+03        1    3.15e-04    8.41e-03
  30  4.040372e+01    1.04e+00    3.94e+02   2.35e+00   8.28e-01  7.99e+03        1    3.14e-04    8.73e-03
  31  3.968868e+01    7.15e-01    1.41e+03   9.05e+00   7.01e-01  8.54e+03        1    3.27e-04    9.07e-03
  32  3.900669e+01    6.82e-01    1.29e+03   1.22e+01   7.91e-01  1.06e+04        1    3.15e-04    9.39e-03
  33  3.852245e+01    4.84e-01    1.35e+03   1.55e+01   7.30e-01  1.18e+04        1    3.16e-04    9.72e-03
  34  3.807347e+01    4.49e-01    1.03e+03   1.67e+01   8.11e-01  1.55e+04        1    3.31e-04    1.01e-02
  35  3.772554e+01    3.48e-01    1.03e+03   1.98e+01   7.58e-01  1.80e+04        1    3.15e-04    1.04e-02
  36  3.738631e+01    3.39e-01    7.12e+02   2.03e+01   8.43e-01  2.66e+04        1    3.17e-04    1.07e-02
  37  3.710138e+01    2.85e-01    6.88e+02   2.43e+01   7.82e-01  3.24e+04        1    3.27e-04    1.10e-02
  38  3.681566e+01    2.86e-01    3.19e+02   2.33e+01   8.80e-01  5.76e+04        1    3.16e-04    1.14e-02
  39  3.658097e+01    2.35e-01    6.07e+02   2.86e+01   7.73e-01  6.87e+04        1    3.16e-04    1.17e-02
  40  3.636236e+01    2.19e-01    4.30e+02   2.25e+01   8.92e-01  1.33e+05        1    3.23e-04    1.20e-02
  41  3.622546e+01    1.37e-01    5.05e+02   2.50e+01   7.69e-01  1.57e+05        1    3.17e-04    1.24e-02
  42  3.612558e+01    9.99e-02    1.89e+02   1.77e+01   9.23e-01  4.00e+05        1    3.15e-04    1.27e-02
  43  3.608942e+01    3.62e-02    1.86e+02   1.76e+01   8.38e-01  5.77e+05        1    3.21e-04    1.30e-02
  44  3.607751e+01    1.19e-02    1.22e+02   1.14e+01   9.14e-01  1.33e+06        1    3.20e-04    1.33e-02
  45  3.608776e+01   -1.02e-02    1.22e+02   6.33e+00  -3.97e+00  6.66e+05        1    1.21e-04    1.35e-02
  46  3.607693e+01    5.80e-04    1.66e+02   3.73e+00   2.60e-01  6.00e+05        1    3.15e-04    1.38e-02
  47  3.607516e+01    1.77e-03    2.42e+01   5.02e+00   8.90e-01  1.14e+06        1    3.20e-04    1.41e-02
  48  3.608258e+01   -7.41e-03    2.42e+01   1.81e+00  -9.56e+00  5.72e+05        1    1.20e-04    1.43e-02
  49  3.607605e+01   -8.87e-04    2.42e+01   1.76e-01  -1.73e+00  1.43e+05        1    1.13e-04    1.44e-02
  50  3.607498e+01    1.82e-04    2.22e+01   5.93e-01   6.72e-01  1.49e+05        1    3.07e-04    1.47e-02
  51  3.607488e+01    1.01e-04    1.42e+00   9.31e-01   9.39e-01  4.47e+05        1    3.22e-04    1.50e-02
  52  3.607475e+01    1.32e-04    3.31e+01   1.45e+00   6.55e-01  4.61e+05        1    3.20e-04    1.54e-02
  53  3.607451e+01    2.40e-04    1.87e+01   2.12e+00   8.89e-01  8.73e+05        1    3.16e-04    1.57e-02
  54  3.607487e+01   -3.57e-04    1.87e+01   2.81e+00  -8.73e-01  4.37e+05        1    1.27e-04    1.58e-02
  55  3.607435e+01    1.55e-04    3.18e+01   1.26e+00   7.05e-01  4.69e+05        1    3.12e-04    1.61e-02
  56  3.607412e+01    2.37e-04    1.85e+01   2.14e+00   8.86e-01  8.70e+05        1    3.16e-04    1.65e-02
  57  3.607447e+01   -3.54e-04    1.85e+01   2.75e+00  -8.72e-01  4.35e+05        1    1.20e-04    1.66e-02
  58  3.607396e+01    1.52e-04    3.18e+01   1.21e+00   6.99e-01  4.64e+05        1    3.14e-04    1.69e-02
  59  3.607373e+01    2.36e-04    1.74e+01   2.13e+00   8.92e-01  8.93e+05        1    3.18e-04    1.72e-02
  60  3.607416e+01   -4.32e-04    1.74e+01   2.79e+00  -1.05e+00  4.46e+05        1    1.20e-04    1.74e-02
  61  3.607358e+01    1.46e-04    3.37e+01   1.22e+00   6.65e-01  4.63e+05        1    3.07e-04    1.77e-02
  62  3.607334e+01    2.43e-04    1.67e+01   2.16e+00   8.96e-01  9.22e+05        1    3.23e-04    1.80e-02
  63  3.607388e+01   -5.44e-04    1.67e+01   2.85e+00  -1.29e+00  4.61e+05        1    1.25e-04    1.82e-02
  64  3.607320e+01    1.39e-04    3.63e+01   1.24e+00   6.18e-01  4.67e+05        1    3.07e-04    1.85e-02
  65  3.607295e+01    2.55e-04    1.61e+01   2.21e+00   8.98e-01  9.45e+05        1    3.22e-04    1.88e-02
  66  3.607360e+01   -6.57e-04    1.61e+01   2.87e+00  -1.53e+00  4.73e+05        1    1.20e-04    1.89e-02
  67  3.607282e+01    1.29e-04    3.89e+01   1.22e+00   5.66e-01  4.74e+05        1    3.12e-04    1.93e-02
  68  3.607255e+01    2.68e-04    1.56e+01   2.29e+00   8.98e-01  9.57e+05        1    3.16e-04    1.96e-02
  69  3.607330e+01   -7.56e-04    1.56e+01   2.82e+00  -1.75e+00  4.79e+05        1    1.21e-04    1.97e-02
  70  3.607243e+01    1.18e-04    4.14e+01   1.17e+00   5.10e-01  4.79e+05        1    3.16e-04    2.00e-02
  71  3.607215e+01    2.81e-04    1.48e+01   2.39e+00   8.97e-01  9.57e+05        1    3.15e-04    2.04e-02
  72  3.607298e+01   -8.28e-04    1.48e+01   2.71e+00  -1.91e+00  4.78e+05        1    1.23e-04    2.05e-02
  73  3.607204e+01    1.05e-04    4.36e+01   1.08e+00   4.51e-01  4.78e+05        1    3.13e-04    2.08e-02
  74  3.607175e+01    2.92e-04    1.34e+01   2.47e+00   8.95e-01  9.41e+05        1    3.21e-04    2.11e-02
  75  3.607260e+01   -8.49e-04    1.34e+01   2.54e+00  -1.99e+00  4.70e+05        1    1.21e-04    2.13e-02
  76  3.607166e+01    9.17e-05    4.49e+01   9.61e-01   3.99e-01  4.66e+05        1    3.08e-04    2.16e-02
  77  3.607136e+01    2.95e-04    1.15e+01   2.51e+00   8.92e-01  9.03e+05        1    3.27e-04    2.19e-02
  78  3.607214e+01   -7.76e-04    1.15e+01   2.30e+00  -1.90e+00  4.51e+05        1    1.25e-04    2.21e-02
  79  3.607128e+01    8.36e-05    4.42e+01   8.14e-01   3.77e-01  4.45e+05        1    3.08e-04    2.24e-02
  80  3.607100e+01    2.85e-04    9.52e+00   2.48e+00   8.89e-01  8.43e+05        1    3.15e-04    2.27e-02
  81  3.607159e+01   -5.98e-04    9.52e+00   2.03e+00  -1.57e+00  4.21e+05        1    1.36e-04    2.29e-02
  82  3.607091e+01    8.52e-05    4.07e+01   6.74e-01   4.10e-01  4.19e+05        1    3.14e-04    2.32e-02
  83  3.607065e+01    2.59e-04    8.04e+00   2.38e+00   8.88e-01  7.87e+05        1    3.15e-04    2.35e-02
  84  3.607106e+01   -4.09e-04    8.04e+00   1.85e+00  -1.16e+00  3.93e+05        1    1.20e-04    2.36e-02
  85  3.607056e+01    9.29e-05    3.58e+01   6.06e-01   4.85e-01  3.93e+05        1    3.15e-04    2.40e-02
  86  3.607033e+01    2.28e-04    7.13e+00   2.21e+00   8.94e-01  7.69e+05        1    3.20e-04    2.43e-02
  87  3.607064e+01   -3.05e-04    7.13e+00   1.88e+00  -9.05e-01  3.85e+05        1    1.20e-04    2.44e-02
  88  3.607023e+01    1.01e-04    3.22e+01   6.55e-01   5.56e-01  3.85e+05        1    3.07e-04    2.47e-02
  89  3.607002e+01    2.10e-04    7.28e+00   2.09e+00   9.04e-01  8.13e+05        1    3.28e-04    2.51e-02
  90  3.607036e+01   -3.45e-04    7.28e+00   2.13e+00  -9.90e-01  4.06e+05        1    1.20e-04    2.52e-02
  91  3.606991e+01    1.05e-04    3.26e+01   8.04e-01   5.72e-01  4.08e+05        1    3.07e-04    2.55e-02
  92  3.606970e+01    2.18e-04    8.76e+00   2.13e+00   9.07e-01  8.87e+05        1    3.22e-04    2.58e-02
  93  3.607021e+01   -5.15e-04    8.76e+00   2.42e+00  -1.37e+00  4.43e+05        1    1.20e-04    2.60e-02
  94  3.606959e+01    1.04e-04    3.65e+01   9.46e-01   5.22e-01  4.44e+05        1    3.12e-04    2.63e-02
  95  3.606935e+01    2.44e-04    1.06e+01   2.28e+00   9.02e-01  9.24e+05        1    3.15e-04    2.66e-02
  96  3.607001e+01   -6.56e-04    1.06e+01   2.49e+00  -1.67e+00  4.62e+05        1    1.20e-04    2.67e-02
  97  3.606925e+01    9.70e-05    3.99e+01   9.62e-01   4.63e-01  4.62e+05        1    3.27e-04    2.71e-02
  98  3.606899e+01    2.64e-04    1.10e+01   2.41e+00   8.96e-01  9.17e+05        1    3.21e-04    2.74e-02
  99  3.606967e+01   -6.86e-04    1.10e+01   2.38e+00  -1.75e+00  4.59e+05        1    1.21e-04    2.75e-02
 100  3.606890e+01    8.96e-05    4.12e+01   8.76e-01   4.24e-01  4.57e+05        1    3.15e-04    2.79e-02


Bundle adjustment report
------------------------
    Residuals : 232
   Parameters : 185
   Iterations : 101
         Time : 0.027889 [s]
 Initial cost : 1.0026 [px]
   Final cost : 0.394296 [px]
  Termination : No convergence

  => Filtered observations: 0
  => Filtered images: 0

==============================================================================
Finding good initial image pair
==============================================================================


==============================================================================
Initializing with image pair #12 and #7
==============================================================================


==============================================================================
Global bundle adjustment
==============================================================================

iter      cost      cost_change  |gradient|   |step|    tr_ratio  tr_radius  ls_iter  iter_time  total_time
   0  2.748714e+01    0.00e+00    1.26e+02   0.00e+00   0.00e+00  1.00e+04        0    1.72e-04    3.61e-04
   1  2.420100e+02   -2.15e+02    1.26e+02   3.68e+01  -2.61e+01  5.00e+03        1    1.19e-04    5.14e-04
   2  1.144194e+02   -8.69e+01    1.26e+02   2.57e+01  -1.17e+01  1.25e+03        1    8.51e-05    6.11e-04
   3  2.781187e+01   -3.25e-01    1.26e+02   9.25e+00  -7.43e-02  1.56e+02        1    8.58e-05    7.13e-04
   4  2.652891e+01    9.58e-01    3.95e+01   1.08e+00   9.94e-01  4.69e+02        1    2.38e-04    9.60e-04
   5  2.479772e+01    1.73e+00    1.56e+02   3.49e+00   9.06e-01  1.00e+03        1    2.39e-04    1.21e-03
   6  2.329094e+01    1.51e+00    4.00e+02   6.67e+00   5.76e-01  1.01e+03        1    2.43e-04    1.46e-03
   7  2.116015e+01    2.13e+00    2.59e+02   5.30e+00   8.48e-01  1.52e+03        1    2.40e-04    1.71e-03
   8  2.011359e+01    1.05e+00    3.58e+02   6.50e+00   6.78e-01  1.59e+03        1    4.20e-04    1.48e-02
   9  1.911944e+01    9.94e-01    2.33e+02   5.42e+00   8.53e-01  2.45e+03        1    2.46e-04    1.51e-02
  10  1.862359e+01    4.96e-01    2.90e+02   6.61e+00   7.16e-01  2.66e+03        1    2.36e-04    1.53e-02
  11  1.820124e+01    4.22e-01    1.75e+02   5.60e+00   8.75e-01  4.60e+03        1    2.53e-04    1.56e-02
  12  1.799569e+01    2.06e-01    2.05e+02   7.13e+00   7.62e-01  5.38e+03        1    2.41e-04    1.58e-02
  13  1.784302e+01    1.53e-01    1.03e+02   6.13e+00   9.23e-01  1.36e+04        1    2.36e-04    1.61e-02
  14  1.777176e+01    7.13e-02    1.02e+02   9.62e+00   8.78e-01  2.40e+04        1    2.35e-04    1.63e-02
  15  1.773056e+01    4.12e-02    4.90e+01   1.12e+01   9.56e-01  7.20e+04        1    2.49e-04    1.66e-02
  16  1.773094e+01   -3.79e-04    4.90e+01   2.08e+01  -1.27e-02  3.60e+04        1    9.39e-05    1.67e-02
  17  1.771340e+01    1.72e-02    6.65e+01   1.22e+01   8.34e-01  5.13e+04        1    2.30e-04    1.69e-02
  18  1.770291e+01    1.05e-02    8.13e+01   1.21e+01   7.19e-01  5.60e+04        1    2.38e-04    1.72e-02
  19  1.769519e+01    7.72e-03    4.54e+01   8.57e+00   8.65e-01  9.17e+04        1    2.46e-04    1.74e-02
  20  1.769225e+01    2.93e-03    4.44e+01   7.92e+00   7.30e-01  1.02e+05        1    2.41e-04    1.77e-02
  21  1.769065e+01    1.60e-03    1.42e+01   4.17e+00   9.50e-01  3.05e+05        1    2.35e-04    1.79e-02
  22  1.769042e+01    2.37e-04    2.01e+01   4.19e+00   6.15e-01  3.09e+05        1    2.37e-04    1.82e-02
  23  1.769025e+01    1.64e-04    1.49e+00   9.11e-01   9.45e-01  9.26e+05        1    2.45e-04    1.84e-02
  24  1.769025e+01    2.51e-06    1.27e+01   3.50e+00   2.24e-02  4.95e+05        1    2.39e-04    1.87e-02
  25  1.769010e+01    1.49e-04    1.14e+00   7.68e-01   8.95e-01  9.76e+05        1    2.36e-04    1.89e-02
  26  1.769010e+01   -3.64e-06    1.14e+00   3.62e+00  -2.96e-02  4.88e+05        1    8.99e-05    1.90e-02
  27  1.769005e+01    4.69e-05    4.26e+00   2.09e+00   6.72e-01  5.09e+05        1    2.30e-04    1.92e-02
  28  1.768999e+01    6.30e-05    1.21e+00   8.64e-01   7.97e-01  6.44e+05        1    2.44e-04    1.95e-02
  29  1.768994e+01    4.84e-05    6.23e+00   2.56e+00   5.62e-01  6.45e+05        1    2.40e-04    1.97e-02
  30  1.768985e+01    8.65e-05    1.97e+00   1.17e+00   7.75e-01  7.75e+05        1    2.36e-04    2.00e-02
  31  1.768982e+01    3.82e-05    9.23e+00   3.10e+00   3.42e-01  7.51e+05        1    2.35e-04    2.02e-02
  32  1.768970e+01    1.18e-04    2.72e+00   1.28e+00   7.28e-01  8.30e+05        1    2.46e-04    2.05e-02
  33  1.768968e+01    1.68e-05    1.24e+01   3.55e+00   1.20e-01  5.77e+05        1    2.44e-04    2.07e-02
  34  1.768953e+01    1.47e-04    2.96e+00   6.18e-01   7.50e-01  6.60e+05        1    2.35e-04    2.10e-02
  35  1.768951e+01    2.59e-05    1.03e+01   3.21e+00   2.09e-01  5.52e+05        1    2.35e-04    2.12e-02
  36  1.768940e+01    1.09e-04    3.24e+00   5.11e-01   6.54e-01  5.69e+05        1    2.47e-04    2.15e-02
  37  1.768937e+01    3.26e-05    9.01e+00   3.02e+00   2.67e-01  5.16e+05        1    2.40e-04    2.17e-02
  38  1.768927e+01    9.32e-05    3.09e+00   4.58e-01   6.16e-01  5.23e+05        1    2.35e-04    2.20e-02
  39  1.768924e+01    3.63e-05    8.05e+00   2.86e+00   3.13e-01  4.97e+05        1    2.34e-04    2.22e-02
  40  1.768915e+01    8.48e-05    2.81e+00   4.50e-01   6.16e-01  5.03e+05        1    2.48e-04    2.25e-02
  41  1.768911e+01    3.92e-05    7.31e+00   2.72e+00   3.62e-01  4.93e+05        1    2.40e-04    2.27e-02
  42  1.768903e+01    8.00e-05    2.52e+00   4.78e-01   6.33e-01  5.03e+05        1    2.36e-04    2.30e-02
  43  1.768899e+01    4.13e-05    6.88e+00   2.63e+00   4.04e-01  4.99e+05        1    2.35e-04    2.32e-02
  44  1.768891e+01    7.85e-05    2.29e+00   5.36e-01   6.57e-01  5.15e+05        1    2.43e-04    2.35e-02
  45  1.768887e+01    4.27e-05    6.78e+00   2.61e+00   4.30e-01  5.14e+05        1    2.39e-04    2.37e-02
  46  1.768879e+01    7.98e-05    2.17e+00   6.07e-01   6.77e-01  5.38e+05        1    2.36e-04    2.40e-02
  47  1.768875e+01    4.33e-05    7.01e+00   2.65e+00   4.32e-01  5.36e+05        1    2.35e-04    2.42e-02
  48  1.768866e+01    8.39e-05    2.17e+00   6.77e-01   6.87e-01  5.66e+05        1    2.45e-04    2.45e-02
  49  1.768862e+01    4.25e-05    7.57e+00   2.75e+00   4.06e-01  5.62e+05        1    2.39e-04    2.47e-02
  50  1.768853e+01    9.05e-05    2.33e+00   7.27e-01   6.86e-01  5.93e+05        1    2.35e-04    2.50e-02
  51  1.768849e+01    3.99e-05    8.39e+00   2.89e+00   3.55e-01  5.78e+05        1    2.35e-04    2.52e-02
  52  1.768839e+01    9.84e-05    2.63e+00   7.23e-01   6.75e-01  6.04e+05        1    2.47e-04    2.55e-02
  53  1.768836e+01    3.61e-05    9.14e+00   3.01e+00   2.99e-01  5.68e+05        1    2.38e-04    2.57e-02
  54  1.768825e+01    1.04e-04    2.91e+00   6.45e-01   6.63e-01  5.88e+05        1    2.36e-04    2.60e-02
  55  1.768822e+01    3.45e-05    9.29e+00   3.03e+00   2.77e-01  5.40e+05        1    2.35e-04    2.62e-02
  56  1.768811e+01    1.04e-04    2.99e+00   5.57e-01   6.50e-01  5.55e+05        1    2.46e-04    2.64e-02
  57  1.768808e+01    3.63e-05    8.78e+00   2.95e+00   2.95e-01  5.20e+05        1    2.39e-04    2.67e-02
  58  1.768798e+01    9.83e-05    2.88e+00   5.24e-01   6.42e-01  5.32e+05        1    2.35e-04    2.69e-02
  59  1.768794e+01    3.89e-05    8.20e+00   2.85e+00   3.28e-01  5.11e+05        1    2.37e-04    2.72e-02
  60  1.768785e+01    9.34e-05    2.69e+00   5.35e-01   6.47e-01  5.24e+05        1    2.45e-04    2.74e-02
  61  1.768781e+01    4.09e-05    7.80e+00   2.78e+00   3.59e-01  5.13e+05        1    2.39e-04    2.77e-02
  62  1.768772e+01    9.13e-05    2.50e+00   5.74e-01   6.59e-01  5.30e+05        1    2.35e-04    2.79e-02
  63  1.768767e+01    4.22e-05    7.68e+00   2.75e+00   3.78e-01  5.22e+05        1    2.38e-04    2.82e-02
  64  1.768758e+01    9.19e-05    2.39e+00   6.27e-01   6.72e-01  5.44e+05        1    2.45e-04    2.84e-02
  65  1.768754e+01    4.25e-05    7.83e+00   2.77e+00   3.79e-01  5.37e+05        1    2.39e-04    2.87e-02
  66  1.768744e+01    9.52e-05    2.36e+00   6.80e-01   6.81e-01  5.64e+05        1    2.35e-04    2.89e-02
  67  1.768740e+01    4.16e-05    8.23e+00   2.84e+00   3.61e-01  5.52e+05        1    2.35e-04    2.92e-02
  68  1.768730e+01    1.00e-04    2.44e+00   7.14e-01   6.83e-01  5.80e+05        1    2.44e-04    2.94e-02
  69  1.768726e+01    3.96e-05    8.75e+00   2.92e+00   3.29e-01  5.58e+05        1    2.40e-04    2.97e-02
  70  1.768716e+01    1.06e-04    2.59e+00   7.10e-01   6.81e-01  5.86e+05        1    2.35e-04    2.99e-02
  71  1.768712e+01    3.76e-05    9.14e+00   2.98e+00   3.01e-01  5.51e+05        1    2.34e-04    3.02e-02
  72  1.768701e+01    1.10e-04    2.72e+00   6.70e-01   6.77e-01  5.76e+05        1    2.54e-04    3.04e-02
  73  1.768697e+01    3.72e-05    9.17e+00   2.98e+00   2.93e-01  5.38e+05        1    2.40e-04    3.07e-02
  74  1.768686e+01    1.10e-04    2.75e+00   6.32e-01   6.72e-01  5.61e+05        1    2.36e-04    3.09e-02
  75  1.768682e+01    3.83e-05    8.92e+00   2.94e+00   3.04e-01  5.29e+05        1    2.35e-04    3.12e-02
  76  1.768672e+01    1.07e-04    2.68e+00   6.20e-01   6.70e-01  5.51e+05        1    2.45e-04    3.14e-02
  77  1.768668e+01    3.98e-05    8.65e+00   2.90e+00   3.21e-01  5.26e+05        1    2.39e-04    3.17e-02
  78  1.768657e+01    1.05e-04    2.58e+00   6.34e-01   6.73e-01  5.49e+05        1    2.35e-04    3.19e-02
  79  1.768653e+01    4.08e-05    8.52e+00   2.87e+00   3.33e-01  5.29e+05        1    2.36e-04    3.22e-02
  80  1.768642e+01    1.05e-04    2.50e+00   6.64e-01   6.80e-01  5.55e+05        1    2.46e-04    3.24e-02
  81  1.768638e+01    4.11e-05    8.57e+00   2.87e+00   3.35e-01  5.36e+05        1    2.39e-04    3.27e-02
  82  1.768628e+01    1.07e-04    2.45e+00   6.96e-01   6.86e-01  5.65e+05        1    2.35e-04    3.29e-02
  83  1.768624e+01    4.07e-05    8.76e+00   2.90e+00   3.27e-01  5.42e+05        1    2.34e-04    3.31e-02
  84  1.768612e+01    1.11e-04    2.45e+00   7.20e-01   6.90e-01  5.74e+05        1    2.46e-04    3.34e-02
  85  1.768609e+01    3.97e-05    9.02e+00   2.94e+00   3.12e-01  5.45e+05        1    2.39e-04    3.37e-02
  86  1.768597e+01    1.14e-04    2.48e+00   7.26e-01   6.93e-01  5.78e+05        1    2.36e-04    3.39e-02
  87  1.768593e+01    3.87e-05    9.22e+00   2.97e+00   3.00e-01  5.43e+05        1    2.34e-04    3.41e-02
  88  1.768582e+01    1.17e-04    2.52e+00   7.19e-01   6.94e-01  5.77e+05        1    2.46e-04    3.44e-02
  89  1.768578e+01    3.84e-05    9.28e+00   2.97e+00   2.94e-01  5.39e+05        1    2.39e-04    3.46e-02
  90  1.768566e+01    1.18e-04    2.52e+00   7.10e-01   6.94e-01  5.73e+05        1    2.36e-04    3.49e-02
  91  1.768562e+01    3.88e-05    9.24e+00   2.96e+00   2.96e-01  5.36e+05        1    2.35e-04    3.51e-02
  92  1.768550e+01    1.18e-04    2.49e+00   7.11e-01   6.95e-01  5.70e+05        1    2.46e-04    3.54e-02
  93  1.768546e+01    3.92e-05    9.19e+00   2.95e+00   3.00e-01  5.36e+05        1    2.39e-04    3.56e-02
  94  1.768534e+01    1.19e-04    2.45e+00   7.22e-01   6.97e-01  5.71e+05        1    2.35e-04    3.59e-02
  95  1.768530e+01    3.95e-05    9.20e+00   2.95e+00   3.01e-01  5.37e+05        1    2.34e-04    3.61e-02
  96  1.768518e+01    1.20e-04    2.40e+00   7.38e-01   7.01e-01  5.74e+05        1    2.46e-04    3.64e-02
  97  1.768514e+01    3.93e-05    9.28e+00   2.96e+00   2.98e-01  5.39e+05        1    2.40e-04    3.66e-02
  98  1.768502e+01    1.22e-04    2.37e+00   7.53e-01   7.05e-01  5.79e+05        1    2.36e-04    3.69e-02
  99  1.768498e+01    3.89e-05    9.39e+00   2.97e+00   2.92e-01  5.40e+05        1    2.37e-04    3.71e-02
 100  1.768486e+01    1.24e-04    2.35e+00   7.63e-01   7.08e-01  5.82e+05        1    2.45e-04    3.74e-02


Bundle adjustment report
------------------------
    Residuals : 172
   Parameters : 140
   Iterations : 101
         Time : 0.0373979 [s]
 Initial cost : 0.399761 [px]
   Final cost : 0.320654 [px]
  Termination : No convergence

  => Filtered observations: 0
  => Filtered images: 0

==============================================================================
Finding good initial image pair
==============================================================================


==============================================================================
Initializing with image pair #12 and #1
==============================================================================


==============================================================================
Global bundle adjustment
==============================================================================

iter      cost      cost_change  |gradient|   |step|    tr_ratio  tr_radius  ls_iter  iter_time  total_time
   0  1.280351e+02    0.00e+00    3.39e+03   0.00e+00   0.00e+00  1.00e+04        0    1.30e-04    2.81e-04
   1  5.706514e+02   -4.43e+02    3.39e+03   1.40e+02  -4.57e+00  5.00e+03        1    8.61e-05    3.83e-04
   2  2.062754e+02   -7.82e+01    3.39e+03   9.89e+01  -8.57e-01  1.25e+03        1    5.70e-05    4.50e-04
   3  1.086738e+02    1.94e+01    6.55e+03   6.57e+01   2.36e-01  1.09e+03        1    1.73e-04    6.33e-04
   4  3.932422e+01    6.93e+01    9.37e+02   2.44e+01   9.77e-01  3.27e+03        1    1.66e-04    8.09e-04
   5  4.170615e+01   -2.38e+00    9.37e+02   4.95e+01  -2.25e-01  1.63e+03        1    6.39e-05    8.84e-04
   6  3.332714e+01    6.00e+00    9.47e+02   2.71e+01   8.00e-01  2.08e+03        1    1.76e-04    1.07e-03
   7  2.935841e+01    3.97e+00    1.36e+03   3.13e+01   6.53e-01  2.15e+03        1    1.71e-04    1.25e-03
   8  2.555431e+01    3.80e+00    1.20e+03   2.94e+01   7.14e-01  2.33e+03        1    1.66e-04    1.43e-03
   9  2.284825e+01    2.71e+00    1.12e+03   2.82e+01   6.67e-01  2.42e+03        1    1.66e-04    1.60e-03
  10  2.061255e+01    2.24e+00    1.02e+03   2.47e+01   6.75e-01  2.53e+03        1    1.66e-04    1.78e-03
  11  1.885424e+01    1.76e+00    9.25e+02   2.13e+01   6.86e-01  2.66e+03        1    1.66e-04    1.95e-03
  12  1.749186e+01    1.36e+00    8.04e+02   1.79e+01   7.18e-01  2.90e+03        1    1.81e-04    2.14e-03
  13  1.650501e+01    9.87e-01    6.75e+02   1.52e+01   7.51e-01  3.32e+03        1    1.70e-04    2.32e-03
  14  1.582514e+01    6.80e-01    5.44e+02   1.31e+01   7.87e-01  4.09e+03        1    1.66e-04    2.50e-03
  15  1.537590e+01    4.49e-01    4.20e+02   1.17e+01   8.25e-01  5.64e+03        1    1.66e-04    2.67e-03
  16  1.507988e+01    2.96e-01    3.05e+02   1.13e+01   8.66e-01  9.28e+03        1    1.66e-04    2.84e-03
  17  1.486179e+01    2.18e-01    2.16e+02   1.28e+01   8.86e-01  1.72e+04        1    1.77e-04    3.03e-03
  18  1.465622e+01    2.06e-01    2.08e+02   1.66e+01   8.55e-01  2.68e+04        1    1.67e-04    3.21e-03
  19  1.446986e+01    1.86e-01    2.40e+02   1.91e+01   8.08e-01  3.50e+04        1    1.70e-04    3.39e-03
  20  1.432277e+01    1.47e-01    1.92e+02   1.80e+01   8.26e-01  4.84e+04        1    1.66e-04    3.56e-03
  21  1.422982e+01    9.29e-02    1.41e+02   1.64e+01   8.25e-01  6.67e+04        1    1.66e-04    3.74e-03
  22  1.417728e+01    5.25e-02    8.28e+01   1.34e+01   8.68e-01  1.11e+05        1    1.66e-04    3.91e-03
  23  1.415470e+01    2.26e-02    4.75e+01   1.10e+01   8.74e-01  1.90e+05        1    1.74e-04    4.09e-03
  24  1.414689e+01    7.82e-03    2.40e+01   8.45e+00   8.58e-01  3.01e+05        1    1.70e-04    4.27e-03
  25  1.414549e+01    1.40e-03    3.25e+01   7.51e+00   3.84e-01  2.98e+05        1    1.66e-04    4.45e-03
  26  1.414362e+01    1.87e-03    3.37e+01   6.17e+00   5.04e-01  2.98e+05        1    1.66e-04    4.62e-03
  27  1.414241e+01    1.21e-03    3.67e+01   5.88e+00   3.84e-01  2.94e+05        1    1.66e-04    4.80e-03
  28  1.414111e+01    1.30e-03    3.78e+01   5.75e+00   3.98e-01  2.91e+05        1    1.77e-04    4.98e-03
  29  1.413983e+01    1.28e-03    3.87e+01   5.72e+00   3.88e-01  2.88e+05        1    1.67e-04    5.16e-03
  30  1.413851e+01    1.32e-03    3.92e+01   5.70e+00   3.93e-01  2.85e+05        1    1.73e-04    5.34e-03
  31  1.413718e+01    1.33e-03    3.97e+01   5.70e+00   3.91e-01  2.82e+05        1    1.67e-04    5.51e-03
  32  1.413582e+01    1.36e-03    4.02e+01   5.69e+00   3.92e-01  2.80e+05        1    1.68e-04    5.69e-03
  33  1.413444e+01    1.38e-03    4.07e+01   5.69e+00   3.91e-01  2.77e+05        1    1.66e-04    5.87e-03
  34  1.413304e+01    1.40e-03    4.11e+01   5.69e+00   3.91e-01  2.74e+05        1    1.76e-04    6.05e-03
  35  1.413162e+01    1.42e-03    4.16e+01   5.69e+00   3.91e-01  2.71e+05        1    1.70e-04    6.23e-03
  36  1.413018e+01    1.44e-03    4.21e+01   5.69e+00   3.91e-01  2.68e+05        1    1.66e-04    6.40e-03
  37  1.412872e+01    1.46e-03    4.26e+01   5.69e+00   3.90e-01  2.65e+05        1    1.66e-04    6.58e-03
  38  1.412723e+01    1.49e-03    4.31e+01   5.69e+00   3.90e-01  2.63e+05        1    1.68e-04    6.76e-03
  39  1.412573e+01    1.51e-03    4.36e+01   5.69e+00   3.90e-01  2.60e+05        1    1.67e-04    6.93e-03
  40  1.412419e+01    1.53e-03    4.41e+01   5.69e+00   3.90e-01  2.57e+05        1    1.76e-04    7.11e-03
  41  1.412264e+01    1.56e-03    4.46e+01   5.69e+00   3.90e-01  2.55e+05        1    1.71e-04    7.29e-03
  42  1.412106e+01    1.58e-03    4.52e+01   5.69e+00   3.90e-01  2.52e+05        1    1.66e-04    7.47e-03
  43  1.411945e+01    1.60e-03    4.57e+01   5.69e+00   3.90e-01  2.49e+05        1    1.66e-04    7.64e-03
  44  1.411783e+01    1.63e-03    4.63e+01   5.69e+00   3.90e-01  2.47e+05        1    1.66e-04    7.82e-03
  45  1.411617e+01    1.65e-03    4.68e+01   5.69e+00   3.90e-01  2.44e+05        1    1.73e-04    8.00e-03
  46  1.411449e+01    1.68e-03    4.74e+01   5.69e+00   3.90e-01  2.41e+05        1    1.66e-04    8.17e-03
  47  1.411278e+01    1.71e-03    4.80e+01   5.69e+00   3.90e-01  2.39e+05        1    1.70e-04    8.35e-03
  48  1.411105e+01    1.73e-03    4.85e+01   5.68e+00   3.90e-01  2.36e+05        1    1.66e-04    8.53e-03
  49  1.410929e+01    1.76e-03    4.91e+01   5.68e+00   3.90e-01  2.34e+05        1    1.65e-04    8.70e-03
  50  1.410750e+01    1.79e-03    4.97e+01   5.68e+00   3.90e-01  2.31e+05        1    1.66e-04    8.88e-03
  51  1.410569e+01    1.82e-03    5.04e+01   5.68e+00   3.89e-01  2.29e+05        1    1.77e-04    9.06e-03
  52  1.410384e+01    1.85e-03    5.10e+01   5.68e+00   3.89e-01  2.26e+05        1    1.72e-04    9.24e-03
  53  1.410196e+01    1.88e-03    5.16e+01   5.68e+00   3.89e-01  2.24e+05        1    1.66e-04    9.42e-03
  54  1.410006e+01    1.91e-03    5.23e+01   5.67e+00   3.89e-01  2.22e+05        1    1.65e-04    9.59e-03
  55  1.409812e+01    1.94e-03    5.29e+01   5.67e+00   3.89e-01  2.19e+05        1    1.66e-04    9.77e-03
  56  1.409615e+01    1.97e-03    5.36e+01   5.67e+00   3.89e-01  2.17e+05        1    1.66e-04    9.94e-03
  57  1.409416e+01    2.00e-03    5.43e+01   5.67e+00   3.89e-01  2.14e+05        1    1.76e-04    1.01e-02
  58  1.409212e+01    2.03e-03    5.50e+01   5.67e+00   3.89e-01  2.12e+05        1    1.70e-04    1.03e-02
  59  1.409006e+01    2.07e-03    5.57e+01   5.66e+00   3.89e-01  2.10e+05        1    1.66e-04    1.05e-02
  60  1.408796e+01    2.10e-03    5.64e+01   5.66e+00   3.89e-01  2.08e+05        1    3.26e-04    4.41e-02
  61  1.408583e+01    2.13e-03    5.71e+01   5.66e+00   3.89e-01  2.05e+05        1    2.21e-04    4.44e-02
  62  1.408366e+01    2.17e-03    5.79e+01   5.66e+00   3.89e-01  2.03e+05        1    2.36e-04    4.46e-02
  63  1.408145e+01    2.21e-03    5.87e+01   5.65e+00   3.89e-01  2.01e+05        1    1.69e-04    4.48e-02
  64  1.407921e+01    2.24e-03    5.94e+01   5.65e+00   3.89e-01  1.99e+05        1    1.82e-04    4.50e-02
  65  1.407693e+01    2.28e-03    6.02e+01   5.65e+00   3.89e-01  1.97e+05        1    1.67e-04    4.52e-02
  66  1.407461e+01    2.32e-03    6.10e+01   5.65e+00   3.89e-01  1.95e+05        1    1.72e-04    4.54e-02
  67  1.407226e+01    2.36e-03    6.19e+01   5.64e+00   3.89e-01  1.92e+05        1    1.67e-04    4.55e-02
  68  1.406986e+01    2.40e-03    6.27e+01   5.64e+00   3.89e-01  1.90e+05        1    1.68e-04    4.57e-02
  69  1.406742e+01    2.44e-03    6.36e+01   5.64e+00   3.89e-01  1.88e+05        1    1.65e-04    4.59e-02
  70  1.406494e+01    2.48e-03    6.44e+01   5.64e+00   3.89e-01  1.86e+05        1    1.78e-04    4.61e-02
  71  1.406242e+01    2.52e-03    6.53e+01   5.63e+00   3.89e-01  1.84e+05        1    1.72e-04    4.63e-02
  72  1.405986e+01    2.56e-03    6.62e+01   5.63e+00   3.89e-01  1.82e+05        1    1.65e-04    4.64e-02
  73  1.405725e+01    2.61e-03    6.72e+01   5.63e+00   3.89e-01  1.80e+05        1    1.68e-04    4.66e-02
  74  1.405459e+01    2.65e-03    6.81e+01   5.62e+00   3.89e-01  1.78e+05        1    1.67e-04    4.68e-02
  75  1.405189e+01    2.70e-03    6.91e+01   5.62e+00   3.89e-01  1.76e+05        1    1.66e-04    4.70e-02
  76  1.404915e+01    2.75e-03    7.01e+01   5.62e+00   3.89e-01  1.74e+05        1    1.70e-04    4.71e-02
  77  1.404635e+01    2.80e-03    7.11e+01   5.61e+00   3.89e-01  1.73e+05        1    1.71e-04    4.73e-02
  78  1.404351e+01    2.84e-03    7.21e+01   5.61e+00   3.89e-01  1.71e+05        1    1.66e-04    4.75e-02
  79  1.404061e+01    2.89e-03    7.32e+01   5.61e+00   3.89e-01  1.69e+05        1    1.66e-04    4.77e-02
  80  1.403767e+01    2.95e-03    7.42e+01   5.60e+00   3.89e-01  1.67e+05        1    1.66e-04    4.78e-02
  81  1.403467e+01    3.00e-03    7.53e+01   5.60e+00   3.89e-01  1.65e+05        1    1.76e-04    4.80e-02
  82  1.403162e+01    3.05e-03    7.64e+01   5.60e+00   3.89e-01  1.63e+05        1    1.66e-04    4.82e-02
  83  1.402851e+01    3.11e-03    7.76e+01   5.59e+00   3.89e-01  1.62e+05        1    1.76e-04    4.84e-02
  84  1.402535e+01    3.16e-03    7.88e+01   5.59e+00   3.89e-01  1.60e+05        1    2.76e-04    4.87e-02
  85  1.402213e+01    3.22e-03    7.99e+01   5.58e+00   3.89e-01  1.58e+05        1    2.03e-04    4.89e-02
  86  1.401885e+01    3.28e-03    8.12e+01   5.58e+00   3.89e-01  1.57e+05        1    1.78e-04    4.91e-02
  87  1.401551e+01    3.34e-03    8.24e+01   5.58e+00   3.89e-01  1.55e+05        1    2.01e-04    4.93e-02
  88  1.401212e+01    3.40e-03    8.37e+01   5.57e+00   3.89e-01  1.53e+05        1    1.78e-04    4.95e-02
  89  1.400866e+01    3.46e-03    8.50e+01   5.57e+00   3.89e-01  1.52e+05        1    1.72e-04    4.97e-02
  90  1.400513e+01    3.52e-03    8.63e+01   5.56e+00   3.89e-01  1.50e+05        1    1.66e-04    4.99e-02
  91  1.400154e+01    3.59e-03    8.77e+01   5.56e+00   3.89e-01  1.48e+05        1    1.80e-04    5.00e-02
  92  1.399789e+01    3.66e-03    8.91e+01   5.55e+00   3.89e-01  1.47e+05        1    1.68e-04    5.02e-02
  93  1.399416e+01    3.72e-03    9.05e+01   5.55e+00   3.90e-01  1.45e+05        1    1.67e-04    5.04e-02
  94  1.399037e+01    3.79e-03    9.20e+01   5.54e+00   3.90e-01  1.44e+05        1    1.67e-04    5.06e-02
  95  1.398650e+01    3.86e-03    9.35e+01   5.54e+00   3.90e-01  1.42e+05        1    1.66e-04    5.08e-02
  96  1.398257e+01    3.94e-03    9.50e+01   5.53e+00   3.90e-01  1.41e+05        1    1.66e-04    5.09e-02
  97  1.397856e+01    4.01e-03    9.66e+01   5.53e+00   3.90e-01  1.39e+05        1    1.76e-04    5.11e-02
  98  1.397447e+01    4.09e-03    9.82e+01   5.52e+00   3.90e-01  1.38e+05        1    1.70e-04    5.13e-02
  99  1.397030e+01    4.17e-03    9.98e+01   5.52e+00   3.90e-01  1.36e+05        1    1.66e-04    5.15e-02
 100  1.396606e+01    4.24e-03    1.01e+02   5.51e+00   3.90e-01  1.35e+05        1    1.66e-04    5.16e-02


Bundle adjustment report
------------------------
    Residuals : 120
   Parameters : 101
   Iterations : 101
         Time : 0.051667 [s]
 Initial cost : 1.03294 [px]
   Final cost : 0.341151 [px]
  Termination : No convergence

  => Filtered observations: 0
  => Filtered images: 0

==============================================================================
Finding good initial image pair
==============================================================================


==============================================================================
Initializing with image pair #79 and #61
==============================================================================


==============================================================================
Global bundle adjustment
==============================================================================

iter      cost      cost_change  |gradient|   |step|    tr_ratio  tr_radius  ls_iter  iter_time  total_time
   0  7.430660e+03    0.00e+00    8.13e+03   0.00e+00   0.00e+00  1.00e+04        0    1.25e-04    2.81e-04
   1  1.261000e+06   -1.25e+06    8.13e+03   1.47e+03  -2.03e+02  5.00e+03        1    8.61e-05    3.92e-04
   2  7.241533e+05   -7.17e+05    8.13e+03   1.26e+03  -1.22e+02  1.25e+03        1    5.51e-05    4.58e-04
   3  8.789770e+04   -8.05e+04    8.13e+03   6.89e+02  -1.79e+01  1.56e+02        1    5.39e-05    5.22e-04
   4  6.609300e+03    8.21e+02    2.50e+04   1.46e+02   4.32e-01  1.56e+02        1    1.71e-04    7.02e-04
   5  5.263177e+03    1.35e+03    3.60e+03   6.58e+01   1.07e+00  4.68e+02        1    1.61e-04    8.73e-04
   6  8.809862e+03   -3.55e+03    3.60e+03   2.32e+02  -3.01e+00  2.34e+02        1    7.41e-05    9.58e-04
   7  5.032502e+03    2.31e+02    8.95e+03   1.23e+02   3.42e-01  2.27e+02        1    1.57e-04    1.12e-03
   8  4.518922e+03    5.14e+02    5.36e+03   7.90e+01   6.19e-01  2.30e+02        1    1.65e-04    1.30e-03
   9  4.573903e+03   -5.50e+01    5.36e+03   6.39e+01  -7.09e-02  1.15e+02        1    6.10e-05    1.37e-03
  10  3.983205e+03    5.36e+02    1.10e+03   3.01e+01   9.18e-01  2.77e+02        1    1.56e-04    1.54e-03
  11  7.519899e+03   -3.54e+03    1.10e+03   7.26e+01  -5.52e+00  1.39e+02        1    6.20e-05    1.61e-03
  12  3.943641e+03    3.96e+01    7.28e+03   3.71e+01   1.04e-01  9.26e+01        1    1.56e-04    1.77e-03
  13  3.517514e+03    4.26e+02    5.10e+03   1.51e+01   8.14e-01  1.23e+02        1    1.70e-04    1.95e-03
  14  3.284562e+03    2.33e+02    9.58e+02   3.65e+01   7.83e-01  1.50e+02        1    1.60e-04    2.12e-03
  15  9.097054e+03   -5.81e+03    9.58e+02   3.70e+01  -1.27e+01  7.52e+01        1    6.20e-05    2.19e-03
  16  3.250213e+03    3.43e+01    1.71e+04   2.24e+01   1.12e-01  5.12e+01        1    1.62e-04    2.36e-03
  17  2.460841e+03    7.89e+02    1.31e+04   2.67e+01   1.00e+00  1.54e+02        1    1.60e-04    2.53e-03
  18  3.931771e+03   -1.47e+03    1.31e+04   5.61e+01  -1.23e+00  7.69e+01        1    6.20e-05    2.60e-03
  19  1.920627e+03    5.40e+02    7.20e+03   3.67e+01   6.06e-01  7.76e+01        1    1.57e-04    2.77e-03
  20  1.389723e+03    5.31e+02    4.70e+03   5.37e+01   5.32e-01  7.76e+01        1    1.60e-04    2.94e-03
  21  7.480690e+04   -7.34e+04    4.70e+03   1.72e+01  -8.16e+01  3.88e+01        1    6.20e-05    3.03e-03
  22  1.053820e+04   -9.15e+03    4.70e+03   1.30e+01  -1.15e+01  9.70e+00        1    5.79e-05    3.10e-03
  23  1.142543e+03    2.47e+02    6.08e+03   6.17e+00   4.61e-01  9.70e+00        1    1.57e-04    3.26e-03
  24  9.698521e+02    1.73e+02    1.44e+03   1.09e+01   6.37e-01  9.91e+00        1    1.65e-04    3.44e-03
  25  9.046608e+02    6.52e+01    1.34e+03   8.22e+00   7.35e-01  1.11e+01        1    1.60e-04    3.61e-03
  26  8.404568e+02    6.42e+01    3.82e+02   1.10e+01   8.17e-01  1.48e+01        1    1.63e-04    3.78e-03
  27  7.792123e+02    6.12e+01    9.65e+02   1.17e+01   7.30e-01  1.65e+01        1    1.68e-04    3.96e-03
  28  7.138068e+02    6.54e+01    3.36e+02   1.47e+01   8.02e-01  2.11e+01        1    1.60e-04    4.12e-03
  29  6.591608e+02    5.46e+01    9.59e+02   1.47e+01   7.01e-01  2.26e+01        1    1.65e-04    4.30e-03
  30  5.969997e+02    6.22e+01    2.39e+02   1.71e+01   8.18e-01  3.04e+01        1    1.61e-04    4.47e-03
  31  5.436320e+02    5.34e+01    4.14e+02   1.82e+01   8.23e-01  4.17e+01        1    1.60e-04    4.64e-03
  32  4.824025e+02    6.12e+01    2.53e+02   2.45e+01   8.90e-01  7.92e+01        1    1.61e-04    4.81e-03
  33  4.159021e+02    6.65e+01    5.72e+02   3.37e+01   8.77e-01  1.38e+02        1    1.67e-04    4.98e-03
  34  3.439845e+02    7.19e+01    6.32e+02   4.60e+01   8.81e-01  2.49e+02        1    1.60e-04    5.15e-03
  35  2.854512e+02    5.85e+01    1.46e+03   4.97e+01   9.12e-01  5.66e+02        1    1.68e-04    5.33e-03
  36  2.401131e+02    4.53e+01    7.66e+02   6.71e+01   8.91e-01  1.08e+03        1    1.60e-04    5.50e-03
  37  2.167704e+02    2.33e+01    1.34e+03   8.35e+01   7.91e-01  1.35e+03        1    1.60e-04    5.67e-03
  38  2.023699e+02    1.44e+01    2.36e+03   9.34e+01   6.32e-01  1.37e+03        1    1.59e-04    5.84e-03
  39  1.877427e+02    1.46e+01    1.36e+03   5.77e+01   8.17e-01  1.84e+03        1    1.68e-04    6.01e-03
  40  2.063071e+02   -1.86e+01    1.36e+03   9.23e+01  -1.33e+00  9.21e+02        1    6.20e-05    6.08e-03
  41  1.852179e+02    2.52e+00    1.82e+03   5.04e+01   2.84e-01  8.53e+02        1    1.57e-04    6.25e-03
  42  1.787937e+02    6.42e+00    1.38e+03   2.18e+01   6.48e-01  8.76e+02        1    1.63e-04    6.42e-03
  43  1.770281e+02    1.77e+00    1.51e+03   3.95e+01   2.50e-01  7.78e+02        1    1.60e-04    6.59e-03
  44  1.723866e+02    4.64e+00    1.30e+03   1.42e+01   6.02e-01  7.84e+02        1    1.59e-04    6.76e-03
  45  1.699184e+02    2.47e+00    1.08e+03   2.97e+01   4.62e-01  7.84e+02        1    1.60e-04    6.93e-03
  46  1.670510e+02    2.87e+00    1.02e+03   1.14e+01   5.93e-01  7.89e+02        1    1.68e-04    7.10e-03
  47  1.650918e+02    1.96e+00    8.63e+02   2.55e+01   5.18e-01  7.89e+02        1    1.59e-04    7.27e-03
  48  1.630543e+02    2.04e+00    8.47e+02   8.96e+00   5.91e-01  7.94e+02        1    1.64e-04    7.45e-03
  49  1.614439e+02    1.61e+00    7.31e+02   2.23e+01   5.52e-01  7.95e+02        1    1.61e-04    7.61e-03
  50  1.598857e+02    1.56e+00    7.49e+02   6.86e+00   5.81e-01  7.98e+02        1    1.60e-04    7.78e-03
  51  1.585247e+02    1.36e+00    6.59e+02   1.99e+01   5.65e-01  8.00e+02        1    1.68e-04    7.96e-03
  52  1.572651e+02    1.26e+00    7.00e+02   4.99e+00   5.62e-01  8.02e+02        1    1.60e-04    8.13e-03
  53  1.560786e+02    1.19e+00    6.24e+02   1.81e+01   5.63e-01  8.03e+02        1    1.64e-04    8.30e-03
  54  1.550175e+02    1.06e+00    6.78e+02   3.35e+00   5.40e-01  8.04e+02        1    1.60e-04    8.47e-03
  55  1.539492e+02    1.07e+00    6.03e+02   1.67e+01   5.60e-01  8.05e+02        1    1.60e-04    8.64e-03
  56  1.530245e+02    9.25e-01    6.62e+02   1.94e+00   5.22e-01  8.05e+02        1    1.59e-04    8.81e-03
  57  1.520341e+02    9.90e-01    5.79e+02   1.55e+01   5.65e-01  8.07e+02        1    1.68e-04    8.98e-03
  58  1.512028e+02    8.31e-01    6.37e+02   7.96e-01   5.18e-01  8.07e+02        1    1.60e-04    9.15e-03
  59  1.502648e+02    9.38e-01    5.39e+02   1.44e+01   5.86e-01  8.11e+02        1    1.67e-04    9.33e-03
  60  1.494972e+02    7.68e-01    5.95e+02   2.60e-01   5.34e-01  8.11e+02        1    1.60e-04    9.50e-03
  61  1.485996e+02    8.98e-01    4.82e+02   1.35e+01   6.22e-01  8.23e+02        1    1.62e-04    9.67e-03
  62  1.478766e+02    7.23e-01    5.40e+02   8.81e-01   5.66e-01  8.25e+02        1    1.59e-04    9.83e-03
  63  1.470133e+02    8.63e-01    4.17e+02   1.27e+01   6.67e-01  8.57e+02        1    1.68e-04    1.00e-02
  64  1.463197e+02    6.94e-01    4.94e+02   1.47e+00   5.98e-01  8.64e+02        1    1.59e-04    1.02e-02
  65  1.454712e+02    8.49e-01    3.74e+02   1.25e+01   6.99e-01  9.22e+02        1    1.64e-04    1.04e-02
  66  1.447898e+02    6.81e-01    4.95e+02   2.07e+00   6.01e-01  9.29e+02        1    1.60e-04    1.05e-02
  67  1.439136e+02    8.76e-01    3.79e+02   1.31e+01   7.00e-01  9.92e+02        1    1.61e-04    1.07e-02
  68  1.432239e+02    6.90e-01    5.53e+02   2.75e+00   5.74e-01  9.95e+02        1    1.59e-04    1.09e-02
  69  1.422699e+02    9.54e-01    4.16e+02   1.42e+01   6.86e-01  1.05e+03        1    1.67e-04    1.10e-02
  70  1.415031e+02    7.67e-01    6.10e+02   3.51e+00   5.78e-01  1.05e+03        1    1.60e-04    1.12e-02
  71  1.404349e+02    1.07e+00    4.31e+02   1.53e+01   6.97e-01  1.12e+03        1    1.64e-04    1.14e-02
  72  1.394908e+02    9.44e-01    6.04e+02   4.46e+00   6.51e-01  1.15e+03        1    1.60e-04    1.15e-02
  73  1.383217e+02    1.17e+00    4.20e+02   1.72e+01   7.17e-01  1.26e+03        1    1.59e-04    1.17e-02
  74  1.371992e+02    1.12e+00    6.15e+02   5.85e+00   6.98e-01  1.34e+03        1    1.60e-04    1.19e-02
  75  1.360206e+02    1.18e+00    5.25e+02   2.09e+01   6.42e-01  1.37e+03        1    1.67e-04    1.21e-02
  76  1.348987e+02    1.12e+00    8.27e+02   6.53e+00   5.99e-01  1.38e+03        1    1.60e-04    1.22e-02
  77  1.340374e+02    8.61e-01    8.54e+02   2.31e+01   4.09e-01  1.37e+03        1    1.64e-04    1.24e-02
  78  1.329652e+02    1.07e+00    1.11e+03   6.14e+00   4.68e-01  1.37e+03        1    1.60e-04    1.26e-02
  79  1.328006e+02    1.65e-01    1.29e+03   2.36e+01   6.66e-02  8.31e+02        1    1.60e-04    1.27e-02
  80  1.311446e+02    1.66e+00    1.05e+03   5.21e+00   6.00e-01  8.38e+02        1    1.60e-04    1.29e-02
  81  1.303258e+02    8.19e-01    7.89e+02   1.36e+01   4.66e-01  8.38e+02        1    1.67e-04    1.31e-02
  82  1.292974e+02    1.03e+00    5.42e+02   4.07e+00   7.37e-01  9.38e+02        1    1.60e-04    1.33e-02
  83  1.288908e+02    4.07e-01    6.14e+02   1.34e+01   3.93e-01  9.29e+02        1    1.64e-04    1.34e-02
  84  1.290277e+02   -1.37e-01    6.14e+02   2.38e+00  -1.16e-01  4.65e+02        1    6.20e-05    1.35e-02
  85  1.283043e+02    5.87e-01    4.33e+02   2.34e+00   6.83e-01  4.88e+02        1    1.56e-04    1.37e-02
  86  1.278667e+02    4.38e-01    2.29e+02   5.91e+00   7.88e-01  6.04e+02        1    1.60e-04    1.38e-02
  87  1.274725e+02    3.94e-01    1.61e+02   2.54e+00   8.73e-01  1.03e+03        1    1.68e-04    1.40e-02
  88  1.269795e+02    4.93e-01    2.55e+02   1.09e+01   7.36e-01  1.15e+03        1    1.60e-04    1.42e-02
  89  1.282530e+02   -1.27e+00    2.55e+02   9.02e-01  -1.46e+00  5.76e+02        1    6.20e-05    1.42e-02
  90  1.268123e+02    1.67e-01    4.91e+02   9.96e-01   3.24e-01  5.52e+02        1    1.60e-04    1.44e-02
  91  1.264182e+02    3.94e-01    3.77e+02   6.82e+00   6.05e-01  5.57e+02        1    1.60e-04    1.46e-02
  92  1.260515e+02    3.67e-01    2.97e+02   1.84e+00   7.11e-01  6.02e+02        1    1.60e-04    1.47e-02
  93  1.257335e+02    3.18e-01    2.71e+02   6.60e+00   6.76e-01  6.30e+02        1    1.60e-04    1.49e-02
  94  1.254556e+02    2.78e-01    3.34e+02   1.49e+00   6.03e-01  6.35e+02        1    1.68e-04    1.51e-02
  95  1.251721e+02    2.83e-01    3.57e+02   7.14e+00   5.47e-01  6.36e+02        1    1.60e-04    1.53e-02
  96  1.249520e+02    2.20e-01    4.60e+02   1.59e+00   4.14e-01  6.33e+02        1    1.64e-04    1.54e-02
  97  1.246953e+02    2.57e-01    4.84e+02   7.48e+00   4.00e-01  6.28e+02        1    1.60e-04    1.56e-02
  98  1.245076e+02    1.88e-01    5.85e+02   2.10e+00   2.86e-01  5.82e+02        1    1.60e-04    1.58e-02
  99  1.242107e+02    2.97e-01    5.47e+02   7.15e+00   3.89e-01  5.76e+02        1    1.67e-04    1.59e-02
 100  1.238873e+02    3.23e-01    5.04e+02   2.44e+00   4.75e-01  5.76e+02        1    1.60e-04    1.61e-02


Bundle adjustment report
------------------------
    Residuals : 116
   Parameters : 98
   Iterations : 101
         Time : 0.0161352 [s]
 Initial cost : 8.00359 [px]
   Final cost : 1.03344 [px]
  Termination : No convergence

  => Filtered observations: 2
  => Filtered images: 0

==============================================================================
Finding good initial image pair
==============================================================================

  => No good initial image pair found.

Elapsed time: 0.116 [minutes]
ERROR: failed to create sparse model
ERROR:root:Mapper failed with code 256. Exiting.
✅ Convert done! Ready for training.
